rdt_id,ns_lines,rdt_lines,rdt_lines_id,rdt_station_names,rdt_station_codes,cause_nl,cause_en,statistical_cause_nl,statistical_cause_en,cause_group,start_time,end_time,duration_minutes
51344,Leiden-Den Haag,Den Haag Centraal - Leiden Centraal,169,"De Vink,Den Haag Centraal,Den Haag Mariahoeve,Den Haag Laan v NOI,Leiden Centraal,Voorschoten","DVNK, GVC, GVM, LAA, LEDN, VST",defecte trein,broken down train,defecte trein,broken down train,rolling stock,2024-01-03 10:30:32,2024-01-03 10:56:07,26.0
51346,Utrecht-Rotterdam,Rotterdam Centraal - Utrecht Centraal,142,"Capelle Schollevaar,Gouda,Gouda Goverwelle,Nieuwerkerk a/d IJssel,Rotterdam Alexander,Rotterdam Centraal,Rotterdam Noord,Utrecht Centraal,Utrecht Terwijde,Vleuten,Woerden,Utrecht Leidsche Rijn","CPS, GD, GDG, NWK, RTA, RTD, RTN, UT, UTT, VTN, WD, UTLR",defecte trein,broken down train,defecte trein,broken down train,rolling stock,2024-01-03 14:09:36,2024-01-03 15:22:41,73.0
51347,Schiphol-Utrecht,Schiphol Airport - Utrecht Centraal,137,"Amsterdam Bijlmer ArenA,Amsterdam Zuid,Duivendrecht,Amsterdam RAI,Schiphol Airport","ASB, ASDZ, DVD, RAI, SHL",defecte trein,broken down train,defecte trein,broken down train,rolling stock,2024-01-03 16:34:32,2024-01-03 16:57:58,23.0
51361,Haarlem-Leiden,Haarlem - Leiden Centraal,23,"Heemstede-Aerdenhout,Hillegom,Haarlem,Leiden Centraal,Voorhout","HAD, HIL, HLM, LEDN, VH",defecte trein,broken down train,defecte trein,broken down train,rolling stock,2024-01-04 10:38:56,2024-01-04 10:55:03,16.0
51370,Amsterdam-Haarlem,Amsterdam Centraal - Haarlem,112,"Amsterdam Centraal,Amsterdam Sloterdijk,Haarlem,Haarlem Spaarnwoude,Halfweg-Zwanenburg","ASD, ASS, HLM, HLMS, HWZB",defecte trein,broken down train,defecte trein,broken down train,rolling stock,2024-01-05 11:02:39,2024-01-05 11:47:36,45.0
51372,Amsterdam-Almere; Amsterdam-Amersfoort,"Amersfoort - Amsterdam Centraal, Amsterdam Centraal - Lelystad Centrum","135,145","Amsterdam Muiderpoort,Amsterdam Science Park,Diemen,Weesp","ASDM, ASSP, DMN, WP",defecte trein,broken down train,defecte trein,broken down train,rolling stock,2024-01-05 22:47:51,2024-01-05 23:07:03,19.0
51379,Schiphol-Amersfoort; Leiden-Duivendrecht-Lelystad,"Amersfoort - Schiphol Airport, Lelystad Centrum - Schiphol Airport, Schiphol Airport - Utrecht Centraal","137,144,148","Amsterdam Zuid,Schiphol Airport","ASDZ, SHL",defecte trein,broken down train,defecte trein,broken down train,rolling stock,2024-01-06 12:23:11,2024-01-06 13:14:31,51.0
51380,Amsterdam-Schiphol; Leiden-Schiphol-Zaandam,"Amsterdam Centraal - Schiphol Airport, Schiphol Airport - Zaandam","32,165","Amsterdam Lelylaan,Amsterdam Sloterdijk,Schiphol Airport","ASDL, ASS, SHL",defecte trein,broken down train,defecte trein,broken down train,rolling stock,2024-01-06 12:50:16,2024-01-06 13:14:51,25.0
51381,Schiphol-Utrecht,"Amersfoort - Schiphol Airport, Lelystad Centrum - Schiphol Airport, Schiphol Airport - Utrecht Centraal","137,144,148","Amsterdam Zuid,Schiphol Airport","ASDZ, SHL",defecte trein,broken down train,defecte trein,broken down train,rolling stock,2024-01-06 12:50:51,2024-01-06 13:05:52,15.0
51382,Leiden-Den Haag; Amsterdam-Schiphol-Rotterdam (HSL),"Amsterdam Centraal - Schiphol Airport, Den Haag Centraal - Leiden Centraal","32,169","Amsterdam Centraal,Amsterdam Lelylaan,Amsterdam Sloterdijk,De Vink,Den Haag Centraal,Den Haag Mariahoeve,Den Haag Laan v NOI,Leiden Centraal,Schiphol Airport,Voorschoten","ASD, ASDL, ASS, DVNK, GVC, GVM, LAA, LEDN, SHL, VST",defecte trein,broken down train,defecte trein,broken down train,rolling stock,2024-01-06 12:51:16,2024-01-06 13:14:45,23.0
51384,Dordrecht-Breda; Dordrecht-Roosendaal,"Breda - Dordrecht, Dordrecht - Roosendaal","170,171","Dordrecht,Dordrecht Zuid,Lage Zwaluwe","DDR, DDZD, ZLW",defect spoor,defective railway track,defect spoor,defective railway track,infrastructure,2024-01-06 13:37:03,2024-01-06 14:44:58,68.0
51390,Schiphol-Hoofddorp; Amsterdam Sloterdijk-Schiphol Airport; Amsterdam Zuid-Leiden Centraal,"Amersfoort - Schiphol Airport, Amsterdam Centraal - Schiphol Airport, Leiden Centraal - Schiphol Airport, Lelystad Centrum - Schiphol Airport, Schiphol Airport - Utrecht Centraal, Schiphol Airport - Zaandam","22,32,137,144,148,165","Amsterdam Lelylaan,Amsterdam Zuid,Amsterdam Sloterdijk,Hoofddorp,Schiphol Airport","ASDL, ASDZ, ASS, HFD, SHL",defecte trein,broken down train,defecte trein,broken down train,rolling stock,2024-01-06 23:01:43,2024-01-06 23:26:29,25.0
51394,Amsterdam-Hoofddorp,"Amsterdam Centraal - Schiphol Airport, Leiden Centraal - Schiphol Airport","22,32","Amsterdam Centraal,Amsterdam Lelylaan,Amsterdam Sloterdijk,Hoofddorp,Schiphol Airport","ASD, ASDL, ASS, HFD, SHL",defecte trein,broken down train,defecte trein,broken down train,rolling stock,2024-01-07 15:58:33,2024-01-07 19:07:54,189.0
51401,Amsterdam-Schiphol-Leiden; Leiden-Duivendrecht-Lelystad; Leiden-Schiphol-Zaandam,Leiden Centraal - Schiphol Airport,22,"Hoofddorp,Leiden Centraal,Nieuw Vennep,Sassenheim","HFD, LEDN, NVP, SSH",defecte trein,broken down train,defecte trein,broken down train,rolling stock,2024-01-07 22:03:58,2024-01-07 22:43:45,40.0
51408,Amsterdam-Utrecht-Eindhoven Centraal,'s-Hertogenbosch - Utrecht Centraal,151,"Culemborg,Geldermalsen,'s-Hertogenbosch,Houten,Houten Castellum,Utrecht Centraal,Zaltbommel,Utrecht Lunetten,Utrecht Vaartsche Rijn","CL, GDM, HT, HTN, HTNC, UT, ZBM, UTLN, UTVR",defect spoor,defective railway track,defect spoor,defective railway track,infrastructure,2024-01-08 04:33:27,2024-01-08 06:57:38,144.0
51410,Amsterdam-Utrecht-Eindhoven Centraal,"'s-Hertogenbosch - Eindhoven, 's-Hertogenbosch - Utrecht Centraal, Amsterdam Centraal - Utrecht Centraal","136,151,153","Abcoude,Amsterdam Amstel,Amsterdam Bijlmer ArenA,Amsterdam Centraal,Amsterdam Muiderpoort,Amsterdam Holendrecht,Best,Breukelen,Boxtel,Culemborg,Duivendrecht,Eindhoven Centraal,Geldermalsen,'s-Hertogenbosch,Houten,Houten Castellum,Maarssen,Utrecht Centraal,Utrecht Zuilen,Vught,Zaltbommel,Eindhoven Strijp-S,Utrecht Lunetten,Utrecht Vaartsche Rijn","AC, ASA, ASB, ASD, ASDM, ASHD, BET, BKL, BTL, CL, DVD, EHV, GDM, HT, HTN, HTNC, MAS, UT, UTZL, VG, ZBM, EHS, UTLN, UTVR",defect spoor,defective railway track,defect spoor,defective railway track,infrastructure,2024-01-08 07:01:09,2024-01-08 19:35:32,754.0
51414,Amsterdam-Weesp; Duivendrecht-Lelystad,"Amersfoort - Amsterdam Centraal, Amersfoort - Schiphol Airport, Amsterdam Centraal - Lelystad Centrum, Lelystad Centrum - Schiphol Airport","135,144,145,148","Amsterdam Centraal,Amsterdam Muiderpoort,Amsterdam Science Park,Diemen,Diemen Zuid,Duivendrecht,Weesp","ASD, ASDM, ASSP, DMN, DMNZ, DVD, WP",defecte trein,broken down train,defecte trein,broken down train,rolling stock,2024-01-08 15:20:53,2024-01-08 15:55:08,34.0
51420,Amsterdam-Utrecht; Utrecht-'s-Hertogenbosch,"'s-Hertogenbosch - Utrecht Centraal, Amsterdam Centraal - Utrecht Centraal","136,151","Abcoude,Amsterdam Amstel,Amsterdam Bijlmer ArenA,Amsterdam Centraal,Amsterdam Muiderpoort,Amsterdam Holendrecht,Breukelen,Culemborg,Duivendrecht,Geldermalsen,'s-Hertogenbosch,Houten,Houten Castellum,Maarssen,Utrecht Centraal,Utrecht Zuilen,Zaltbommel,Utrecht Lunetten,Utrecht Vaartsche Rijn","AC, ASA, ASB, ASD, ASDM, ASHD, BKL, CL, DVD, GDM, HT, HTN, HTNC, MAS, UT, UTZL, ZBM, UTLN, UTVR",defect spoor,defective railway track,defect spoor,defective railway track,infrastructure,2024-01-09 04:41:34,2024-01-09 13:00:44,499.0
51426,Amsterdam-Zaandam-Alkmaar,Alkmaar - Amsterdam Centraal,161,"Alkmaar,Castricum,Heiloo,Krommenie-Assendelft,Uitgeest,Wormerveer,Zaandam,Koog aan de Zaan,Zaandijk Zaanse Schans","AMR, CAS, HLO, KMA, UTG, WM, ZD, KZ, ZZS",defecte trein,broken down train,defecte trein,broken down train,rolling stock,2024-01-09 10:21:42,2024-01-09 12:19:41,118.0
51427,Amsterdam-Utrecht,Amsterdam Centraal - Utrecht Centraal,136,"Abcoude,Amsterdam Amstel,Amsterdam Bijlmer ArenA,Amsterdam Centraal,Amsterdam Muiderpoort,Amsterdam Holendrecht,Breukelen,Duivendrecht,Maarssen,Utrecht Centraal,Utrecht Zuilen","AC, ASA, ASB, ASD, ASDM, ASHD, BKL, DVD, MAS, UT, UTZL",defecte trein,broken down train,defecte trein,broken down train,rolling stock,2024-01-09 10:34:45,2024-01-09 10:35:17,1.0
51429,Dordrecht-Breda,"Breda - Dordrecht, Dordrecht - Roosendaal","170,171","Dordrecht,Dordrecht Zuid,Lage Zwaluwe","DDR, DDZD, ZLW",defecte trein,broken down train,defecte trein,broken down train,rolling stock,2024-01-09 13:07:56,2024-01-09 14:15:44,68.0
51451,Rotterdam-Dordrecht,Dordrecht - Rotterdam Centraal,16,"Barendrecht,Dordrecht,Rotterdam Lombardijen,Rotterdam Blaak,Rotterdam Centraal,Rotterdam Stadion,Rotterdam Zuid,Zwijndrecht","BRD, DDR, RLB, RTB, RTD, RTST, RTZ, ZWD",defecte spoorbrug,damaged railway bridge,defecte spoorbrug,damaged railway bridge,infrastructure,2024-01-10 10:17:53,2024-01-10 16:59:16,401.0
51453,Utrecht-Baarn,Baarn - Utrecht Centraal,44,"Bilthoven,Den Dolder,Soest,Soest Zuid,Utrecht Centraal,Utrecht Overvecht","BHV, DLD, ST, STZ, UT, UTO",defecte trein,broken down train,defecte trein,broken down train,rolling stock,2024-01-10 11:55:57,2024-01-10 12:33:46,38.0
51460,Schiphol-Utrecht-Nijmegen,"Arnhem Centraal - Utrecht Centraal, Schiphol Airport - Utrecht Centraal","133,137","Abcoude,Arnhem Centraal,Amsterdam Bijlmer ArenA,Amsterdam Zuid,Amsterdam Holendrecht,Breukelen,Bunnik,Driebergen-Zeist,Duivendrecht,Ede-Wageningen,Veenendaal-De Klomp,Maarssen,Maarn,Oosterbeek,Amsterdam RAI,Schiphol Airport,Utrecht Centraal,Utrecht Zuilen,Wolfheze,Utrecht Vaartsche Rijn","AC, AH, ASB, ASDZ, ASHD, BKL, BNK, DB, DVD, ED, KLP, MAS, MRN, OTB, RAI, SHL, UT, UTZL, WF, UTVR",defecte trein,broken down train,defecte trein,broken down train,rolling stock,2024-01-10 21:10:33,2024-01-10 21:42:04,32.0
51465,Amsterdam Sloterdijk-Hoorn Kersenboogerd,Amsterdam Centraal - Hoorn,164,"Purmerend Overwhere,Purmerend,Purmerend Weidevenne,Zaandam,Zaandam Kogerveld","PMO, PMR, PMW, ZD, ZDK",defecte trein,broken down train,defecte trein,broken down train,rolling stock,2024-01-10 22:49:12,2024-01-10 23:50:57,62.0
51471,Utrecht-Eindhoven,"'s-Hertogenbosch - Eindhoven, 's-Hertogenbosch - Utrecht Centraal","151,153","Best,Boxtel,Culemborg,Eindhoven Centraal,Geldermalsen,'s-Hertogenbosch,Houten,Houten Castellum,Utrecht Centraal,Vught,Zaltbommel,Eindhoven Strijp-S,Utrecht Lunetten,Utrecht Vaartsche Rijn","BET, BTL, CL, EHV, GDM, HT, HTN, HTNC, UT, VG, ZBM, EHS, UTLN, UTVR",defect spoor,defective railway track,defect spoor,defective railway track,infrastructure,2024-01-11 07:50:39,2024-01-11 20:59:49,789.0
51475,Amsterdam-Schiphol-Leiden; Leiden-Schiphol-Zaandam,Leiden Centraal - Schiphol Airport,22,"Hoofddorp,Leiden Centraal,Nieuw Vennep,Sassenheim","HFD, LEDN, NVP, SSH",defecte trein,broken down train,defecte trein,broken down train,rolling stock,2024-01-11 08:28:30,2024-01-11 09:37:58,69.0
51476,Dordrecht-Gorinchem,Dordrecht - Geldermalsen,55,"Dordrecht,Dordrecht Stadspolders,Hardinxveld-Giessendam,Gorinchem,Sliedrecht,Boven-Hardinxveld,Sliedrecht Baanhoek,Hardinxveld Blauwe Zoom","DDR, DDRS, GND, GR, SDT, BHDV, SDTB, HBZM",defect spoor,defective railway track,defect spoor,defective railway track,infrastructure,2024-01-11 08:48:11,2024-01-12 21:58:11,2230.0
51488,Utrecht-Den Haag,Den Haag Centraal - Utrecht Centraal,143,"Gouda,Gouda Goverwelle,Den Haag Centraal,Voorburg,Den Haag Ypenburg,Zoetermeer,Zoetermeer Oost,Lansingerland-Zoetermeer","GD, GDG, GVC, VB, YPB, ZTM, ZTMO, LLZM",defecte trein,broken down train,defecte trein,broken down train,rolling stock,2024-01-11 12:48:35,2024-01-11 12:52:18,4.0
51507,Dordrecht-Breda; Dordrecht-Roosendaal,"Breda - Dordrecht, Dordrecht - Roosendaal","170,171","Dordrecht,Dordrecht Zuid,Lage Zwaluwe","DDR, DDZD, ZLW",defecte trein,broken down train,defecte trein,broken down train,rolling stock,2024-01-12 11:00:57,2024-01-12 12:13:29,73.0
51517,Schiphol-Hoofddorp,Leiden Centraal - Schiphol Airport,22,"Hoofddorp,Schiphol Airport","HFD, SHL",defecte trein,broken down train,defecte trein,broken down train,rolling stock,2024-01-13 07:55:26,2024-01-13 07:57:21,2.0
51519,Amsterdam-Schiphol,Amsterdam Centraal - Schiphol Airport,32,"Amsterdam Centraal,Amsterdam Lelylaan,Amsterdam Sloterdijk,Schiphol Airport","ASD, ASDL, ASS, SHL",defecte trein,broken down train,defecte trein,broken down train,rolling stock,2024-01-13 10:34:38,2024-01-13 10:45:41,11.0
51521,Amsterdam-Uitgeest,Alkmaar - Amsterdam Centraal,161,"Wormerveer,Zaandam,Koog aan de Zaan,Zaandijk Zaanse Schans","WM, ZD, KZ, ZZS",defecte trein,broken down train,defecte trein,broken down train,rolling stock,2024-01-13 10:50:50,2024-01-13 10:57:24,7.0
51525,Amsterdam Sloterdijk-Schiphol Airport,"Amsterdam Centraal - Schiphol Airport, Schiphol Airport - Zaandam","32,165","Amsterdam Lelylaan,Amsterdam Sloterdijk,Schiphol Airport","ASDL, ASS, SHL",defecte trein,broken down train,defecte trein,broken down train,rolling stock,2024-01-13 12:07:03,2024-01-13 12:12:03,5.0
51527,Utrecht-Amersfoort,Amersfoort - Utrecht Centraal,134,"Amersfoort Centraal,Den Dolder","AMF, DLD",defecte trein,broken down train,defecte trein,broken down train,rolling stock,2024-01-13 15:54:21,2024-01-13 15:56:32,2.0
51541,Utrecht-Rotterdam,Rotterdam Centraal - Utrecht Centraal,142,"Capelle Schollevaar,Gouda,Gouda Goverwelle,Nieuwerkerk a/d IJssel,Rotterdam Alexander,Rotterdam Centraal,Rotterdam Noord,Utrecht Centraal,Utrecht Terwijde,Vleuten,Woerden,Utrecht Leidsche Rijn","CPS, GD, GDG, NWK, RTA, RTD, RTN, UT, UTT, VTN, WD, UTLR",defecte trein,broken down train,defecte trein,broken down train,rolling stock,2024-01-14 19:39:15,2024-01-15 07:24:18,705.0
51549,Rotterdam-Dordrecht,Dordrecht - Rotterdam Centraal,16,"Barendrecht,Dordrecht,Rotterdam Lombardijen,Rotterdam Blaak,Rotterdam Centraal,Rotterdam Stadion,Rotterdam Zuid,Zwijndrecht","BRD, DDR, RLB, RTB, RTD, RTST, RTZ, ZWD",gestrande trein,stranded train,gestrande trein,stranded train,rolling stock,2024-01-15 08:03:30,2024-01-15 08:24:27,21.0
51550,Utrecht-Veenendaal,"Arnhem Centraal - Utrecht Centraal, Rhenen - Utrecht Centraal","133,166","Bunnik,Driebergen-Zeist,Utrecht Centraal,Utrecht Vaartsche Rijn","BNK, DB, UT, UTVR",defecte trein,broken down train,defecte trein,broken down train,rolling stock,2024-01-15 08:12:09,2024-01-15 08:17:30,5.0
51552,Utrecht-Breukelen,"Amsterdam Centraal - Utrecht Centraal, Schiphol Airport - Utrecht Centraal","136,137","Maarssen,Utrecht Zuilen","MAS, UTZL",defecte trein,broken down train,defecte trein,broken down train,rolling stock,2024-01-15 09:56:53,2024-01-15 10:26:55,30.0
51581,Amsterdam Sloterdijk-Schiphol Airport; Amsterdam Zuid-Leiden Centraal,"Amersfoort - Schiphol Airport, Amsterdam Centraal - Schiphol Airport, Lelystad Centrum - Schiphol Airport, Schiphol Airport - Utrecht Centraal, Schiphol Airport - Zaandam","32,137,144,148,165","Amsterdam Lelylaan,Amsterdam Zuid,Amsterdam Sloterdijk,Schiphol Airport","ASDL, ASDZ, ASS, SHL",defecte trein,broken down train,defecte trein,broken down train,rolling stock,2024-01-16 13:28:32,2024-01-16 14:11:57,43.0
51585,Utrecht-Hilversum,"Almere Oostvaarders - Utrecht Centraal, Hilversum - Utrecht Centraal","40,149","Hollandsche Rading,Hilversum,Hilversum Sportpark,Utrecht Overvecht","HOR, HVS, HVSP, UTO",overwegstoring,level crossing failure,overwegstoring,level crossing failure,infrastructure,2024-01-16 15:45:52,2024-01-16 15:46:32,1.0
51588,Den Haag-Rotterdam,Den Haag HS - Rotterdam Centraal,11,"Delft,Delft Campus,Den Haag HS,Den Haag Moerwijk,Rijswijk,Rotterdam Centraal,Schiedam Centrum","DT, DTCP, GV, GVMW, RSW, RTD, SDM",defecte trein,broken down train,defecte trein,broken down train,rolling stock,2024-01-16 17:38:16,2024-01-16 18:27:19,49.0
51589,Rotterdam-Dordrecht,Dordrecht - Rotterdam Centraal,16,"Barendrecht,Dordrecht,Rotterdam Lombardijen,Rotterdam Blaak,Rotterdam Centraal,Rotterdam Stadion,Rotterdam Zuid,Zwijndrecht","BRD, DDR, RLB, RTB, RTD, RTST, RTZ, ZWD",defect spoor,defective railway track,defect spoor,defective railway track,infrastructure,2024-01-16 17:49:21,2024-01-16 17:56:32,7.0
51601,Den Haag-Rotterdam-Dordrecht,Dordrecht - Rotterdam Centraal,16,"Barendrecht,Dordrecht,Rotterdam Lombardijen,Rotterdam Blaak,Rotterdam Centraal,Rotterdam Stadion,Rotterdam Zuid,Zwijndrecht","BRD, DDR, RLB, RTB, RTD, RTST, RTZ, ZWD",defecte trein,broken down train,defecte trein,broken down train,rolling stock,2024-01-17 11:42:38,2024-01-17 12:00:09,18.0
51606,Rotterdam-Dordrecht,Dordrecht - Rotterdam Centraal,16,"Barendrecht,Dordrecht,Rotterdam Lombardijen,Rotterdam Blaak,Rotterdam Centraal,Rotterdam Stadion,Rotterdam Zuid,Zwijndrecht","BRD, DDR, RLB, RTB, RTD, RTST, RTZ, ZWD",defecte trein,broken down train,defecte trein,broken down train,rolling stock,2024-01-17 16:37:28,2024-01-17 16:55:15,18.0
51618,Leiden-Alphen a/d Rijn,Leiden Centraal - Utrecht Centraal,147,"Alphen a/d Rijn,Leiden Lammenschans,Leiden Centraal","APN, LDL, LEDN",defecte trein,broken down train,defecte trein,broken down train,rolling stock,2024-01-18 06:58:22,2024-01-18 08:20:36,82.0
51633,Alphen a/d Rijn-Gouda,Alphen a/d Rijn - Gouda,8,"Boskoop,Gouda,Waddinxveen,Waddinxveen Noord,Boskoop Snijdelwijk,Waddinxveen Triangel","BSK, GD, WAD, WADN, BSKS, WADT",seinstoring,signal failure,seinstoring,signal failure,infrastructure,2024-01-18 14:17:57,2024-01-18 16:18:47,121.0
51636,Utrecht-Almere,"Almere Oostvaarders - Utrecht Centraal, Hilversum - Utrecht Centraal","40,149","Hollandsche Rading,Hilversum,Hilversum Sportpark,Utrecht Centraal,Utrecht Overvecht","HOR, HVS, HVSP, UT, UTO",overwegstoring,level crossing failure,overwegstoring,level crossing failure,infrastructure,2024-01-18 15:15:25,2024-01-18 17:50:51,155.0
51648,Amsterdam Sloterdijk-Hoorn Kersenboogerd,"Alkmaar - Amsterdam Centraal, Amsterdam Centraal - Hoorn, Schiphol Airport - Zaandam","161,164,165","Amsterdam Sloterdijk,Zaandam","ASS, ZD",defecte trein,broken down train,defecte trein,broken down train,rolling stock,2024-01-19 15:52:55,2024-01-19 16:15:57,23.0
51655,Amsterdam Sloterdijk-Hoorn Kersenboogerd,Amsterdam Centraal - Hoorn,164,"Hoorn,Purmerend Overwhere,Purmerend,Purmerend Weidevenne,Zaandam,Zaandam Kogerveld","HN, PMO, PMR, PMW, ZD, ZDK",defecte trein,broken down train,defecte trein,broken down train,rolling stock,2024-01-19 20:01:27,2024-01-19 20:19:44,18.0
51656,Amsterdam Sloterdijk-Schiphol Airport,"Amsterdam Centraal - Schiphol Airport, Schiphol Airport - Zaandam","32,165","Amsterdam Lelylaan,Amsterdam Sloterdijk,Schiphol Airport","ASDL, ASS, SHL",defecte trein,broken down train,defecte trein,broken down train,rolling stock,2024-01-19 20:41:15,2024-01-19 21:21:12,40.0
51669,Dordrecht-Gorinchem,Dordrecht - Geldermalsen,55,"Dordrecht,Dordrecht Stadspolders,Hardinxveld-Giessendam,Gorinchem,Sliedrecht,Boven-Hardinxveld,Sliedrecht Baanhoek,Hardinxveld Blauwe Zoom","DDR, DDRS, GND, GR, SDT, BHDV, SDTB, HBZM",defecte bovenleiding,damaged overhead wires,defecte bovenleiding,damaged overhead wires,infrastructure,2024-01-20 19:34:42,2024-01-20 19:46:49,12.0
51672,Amsterdam Zuid-Leiden Centraal,"Amersfoort - Schiphol Airport, Lelystad Centrum - Schiphol Airport, Schiphol Airport - Utrecht Centraal","137,144,148","Amsterdam Zuid,Schiphol Airport","ASDZ, SHL",defecte trein,broken down train,defecte trein,broken down train,rolling stock,2024-01-21 13:45:16,2024-01-21 14:51:09,66.0
51679,Leiden-Den Haag,Den Haag Centraal - Leiden Centraal,169,"De Vink,Den Haag Centraal,Den Haag Mariahoeve,Den Haag Laan v NOI,Leiden Centraal,Voorschoten","DVNK, GVC, GVM, LAA, LEDN, VST",defecte trein,broken down train,defecte trein,broken down train,rolling stock,2024-01-22 09:25:21,2024-01-22 10:34:50,69.0
51680,Amsterdam-Haarlem; Haarlem-Leiden,"Amsterdam Centraal - Haarlem, Haarlem - Leiden Centraal","23,112","Amsterdam Centraal,Amsterdam Sloterdijk,Heemstede-Aerdenhout,Hillegom,Haarlem,Haarlem Spaarnwoude,Leiden Centraal,Voorhout,Halfweg-Zwanenburg","ASD, ASS, HAD, HIL, HLM, HLMS, LEDN, VH, HWZB",defecte trein,broken down train,defecte trein,broken down train,rolling stock,2024-01-22 09:28:35,2024-01-22 10:34:57,66.0
51691,Breukelen-Utrecht-Veenendaal,Rhenen - Utrecht Centraal,166,"Driebergen-Zeist,Maarn,Veenendaal Centrum,Veenendaal West","DB, MRN, VNDC, VNDW",defect spoor,defective railway track,defect spoor,defective railway track,infrastructure,2024-01-22 16:12:45,2024-01-22 17:25:39,73.0
51692,Gouda-Den Haag,Den Haag Centraal - Utrecht Centraal,143,"Den Haag Centraal,Voorburg,Den Haag Ypenburg,Zoetermeer","GVC, VB, YPB, ZTM",defecte trein,broken down train,defecte trein,broken down train,rolling stock,2024-01-22 16:37:45,2024-01-22 16:55:20,18.0
51693,Utrecht-Arnhem,Arnhem Centraal - Utrecht Centraal,133,"Arnhem Centraal,Bunnik,Driebergen-Zeist,Ede-Wageningen,Veenendaal-De Klomp,Maarn,Oosterbeek,Utrecht Centraal,Wolfheze,Utrecht Vaartsche Rijn","AH, BNK, DB, ED, KLP, MRN, OTB, UT, WF, UTVR",seinstoring,signal failure,seinstoring,signal failure,infrastructure,2024-01-22 17:05:33,2024-01-22 22:02:39,297.0
51716,Leiden-Alphen a/d Rijn,Leiden Centraal - Utrecht Centraal,147,"Alphen a/d Rijn,Leiden Lammenschans,Leiden Centraal","APN, LDL, LEDN",defecte trein,broken down train,defecte trein,broken down train,rolling stock,2024-01-23 18:34:00,2024-01-23 19:08:51,35.0
51719,Dordrecht-Roosendaal,Dordrecht - Roosendaal,171,"Dordrecht,Dordrecht Zuid,Oudenbosch,Roosendaal,Lage Zwaluwe,Zevenbergen","DDR, DDZD, ODB, RSD, ZLW, ZVB",defecte trein,broken down train,defecte trein,broken down train,rolling stock,2024-01-23 20:56:46,2024-01-23 22:14:48,78.0
51731,Rotterdam-Dordrecht; Dordrecht-Roosendaal,"Dordrecht - Roosendaal, Dordrecht - Rotterdam Centraal","16,171","Barendrecht,Dordrecht,Dordrecht Zuid,Oudenbosch,Rotterdam Lombardijen,Roosendaal,Rotterdam Blaak,Rotterdam Centraal,Rotterdam Stadion,Rotterdam Zuid,Lage Zwaluwe,Zevenbergen,Zwijndrecht","BRD, DDR, DDZD, ODB, RLB, RSD, RTB, RTD, RTST, RTZ, ZLW, ZVB, ZWD",defecte trein,broken down train,defecte trein,broken down train,rolling stock,2024-01-24 10:25:14,2024-01-24 10:28:43,3.0
51737,Hilversum-Amersfoort,"Amersfoort - Amsterdam Centraal, Amersfoort - Schiphol Airport","135,148","Amersfoort Centraal,Baarn","AMF, BRN",voorwerp in de bovenleiding,an object in the overhead wires,voorwerp in de bovenleiding,an object in the overhead wires,external,2024-01-24 16:45:20,2024-01-24 18:27:27,102.0
51738,Utrecht-Amersfoort,Amersfoort - Utrecht Centraal,134,"Amersfoort Centraal,Bilthoven,Den Dolder,Utrecht Centraal,Utrecht Overvecht","AMF, BHV, DLD, UT, UTO",voorwerp in de bovenleiding,an object in the overhead wires,voorwerp in de bovenleiding,an object in the overhead wires,external,2024-01-24 16:45:39,2024-01-24 18:44:52,119.0
51739,Leiden-Den Haag HS,"Den Haag Centraal - Leiden Centraal, Den Haag HS - Leiden Centraal","168,169","De Vink,Den Haag Mariahoeve,Den Haag Laan v NOI,Leiden Centraal,Voorschoten","DVNK, GVM, LAA, LEDN, VST",defecte trein,broken down train,defecte trein,broken down train,rolling stock,2024-01-24 17:51:15,2024-01-24 18:00:11,9.0
51740,Schiphol-Leiden,Leiden Centraal - Schiphol Airport,22,"Hoofddorp,Leiden Centraal,Nieuw Vennep,Schiphol Airport,Sassenheim","HFD, LEDN, NVP, SHL, SSH",defecte trein,broken down train,defecte trein,broken down train,rolling stock,2024-01-24 17:57:27,2024-01-24 18:06:44,9.0
51742,Schiphol-Amersfoort,Amersfoort - Schiphol Airport,148,"Amsterdam Zuid,Bussum Zuid,Diemen Zuid,Duivendrecht,Hilversum,Naarden-Bussum,Amsterdam RAI,Schiphol Airport,Weesp,Hilversum Media Park","ASDZ, BSMZ, DMNZ, DVD, HVS, NDB, RAI, SHL, WP, HVSM",defecte bovenleiding,damaged overhead wires,defecte bovenleiding,damaged overhead wires,infrastructure,2024-01-24 18:59:44,2024-01-24 23:49:41,290.0
51744,Amsterdam-Schiphol-Leiden,"Amsterdam Centraal - Haarlem, Amsterdam Centraal - Schiphol Airport, Haarlem - Leiden Centraal, Leiden Centraal - Schiphol Airport","22,23,32,112","Amsterdam Centraal,Amsterdam Lelylaan,Amsterdam Sloterdijk,Heemstede-Aerdenhout,Hoofddorp,Hillegom,Haarlem,Haarlem Spaarnwoude,Leiden Centraal,Nieuw Vennep,Schiphol Airport,Voorhout,Sassenheim,Halfweg-Zwanenburg","ASD, ASDL, ASS, HAD, HFD, HIL, HLM, HLMS, LEDN, NVP, SHL, VH, SSH, HWZB",defecte bovenleiding,damaged overhead wires,defecte bovenleiding,damaged overhead wires,infrastructure,2024-01-24 19:15:13,2024-01-24 23:44:16,269.0
51769,Amsterdam Zuid-Leiden Centraal,Leiden Centraal - Schiphol Airport,22,"Hoofddorp,Leiden Centraal,Nieuw Vennep,Sassenheim","HFD, LEDN, NVP, SSH",defecte trein,broken down train,defecte trein,broken down train,rolling stock,2024-01-26 06:59:22,2024-01-26 09:39:25,160.0
51771,Amsterdam-Weesp,"Amersfoort - Amsterdam Centraal, Amsterdam Centraal - Lelystad Centrum","135,145","Amsterdam Centraal,Amsterdam Muiderpoort,Amsterdam Science Park,Diemen,Weesp","ASD, ASDM, ASSP, DMN, WP",defecte trein,broken down train,defecte trein,broken down train,rolling stock,2024-01-26 08:51:25,2024-01-26 08:54:11,3.0
51774,Dordrecht-Gorinchem,Dordrecht - Geldermalsen,55,"Dordrecht,Dordrecht Stadspolders,Hardinxveld-Giessendam,Gorinchem,Sliedrecht,Boven-Hardinxveld,Sliedrecht Baanhoek,Hardinxveld Blauwe Zoom","DDR, DDRS, GND, GR, SDT, BHDV, SDTB, HBZM",defecte spoorbrug,damaged railway bridge,defecte spoorbrug,damaged railway bridge,infrastructure,2024-01-26 10:25:10,2024-01-26 10:30:17,5.0
51776,Dordrecht-Roosendaal,Dordrecht - Roosendaal,171,"Dordrecht,Dordrecht Zuid,Oudenbosch,Roosendaal,Lage Zwaluwe,Zevenbergen","DDR, DDZD, ODB, RSD, ZLW, ZVB",defecte trein,broken down train,defecte trein,broken down train,rolling stock,2024-01-26 16:24:48,2024-01-26 17:08:23,44.0
51777,Hilversum-Amersfoort Schothorst,"Amersfoort - Amsterdam Centraal, Amersfoort - Schiphol Airport","135,148","Amersfoort Centraal,Baarn,Hilversum","AMF, BRN, HVS",defecte trein,broken down train,defecte trein,broken down train,rolling stock,2024-01-26 16:27:15,2024-01-26 17:08:17,41.0
51779,Rotterdam-Dordrecht,Dordrecht - Rotterdam Centraal,16,"Barendrecht,Dordrecht,Rotterdam Lombardijen,Rotterdam Blaak,Rotterdam Centraal,Rotterdam Stadion,Rotterdam Zuid,Zwijndrecht","BRD, DDR, RLB, RTB, RTD, RTST, RTZ, ZWD",defecte trein,broken down train,defecte trein,broken down train,rolling stock,2024-01-26 19:57:28,2024-01-26 20:45:00,48.0
51795,Schiphol-Hoofddorp,Leiden Centraal - Schiphol Airport,22,"Hoofddorp,Schiphol Airport","HFD, SHL",defecte trein,broken down train,defecte trein,broken down train,rolling stock,2024-01-28 15:42:48,2024-01-28 15:58:36,16.0
51799,Den Haag-Rotterdam,Den Haag HS - Rotterdam Centraal,11,"Delft,Delft Campus,Rotterdam Centraal,Schiedam Centrum","DT, DTCP, RTD, SDM",defecte trein,broken down train,defecte trein,broken down train,rolling stock,2024-01-28 19:16:44,2024-01-28 19:22:53,6.0
51808,Rotterdam-Dordrecht,Dordrecht - Rotterdam Centraal,16,"Barendrecht,Dordrecht,Rotterdam Lombardijen,Rotterdam Blaak,Rotterdam Centraal,Rotterdam Stadion,Rotterdam Zuid,Zwijndrecht","BRD, DDR, RLB, RTB, RTD, RTST, RTZ, ZWD",defecte trein,broken down train,defecte trein,broken down train,rolling stock,2024-01-29 09:52:47,2024-01-29 10:20:51,28.0
51809,Amsterdam-Haarlem,Amsterdam Centraal - Haarlem,112,"Amsterdam Centraal,Amsterdam Sloterdijk,Haarlem,Haarlem Spaarnwoude,Halfweg-Zwanenburg","ASD, ASS, HLM, HLMS, HWZB",defecte trein,broken down train,defecte trein,broken down train,rolling stock,2024-01-29 13:52:35,2024-01-29 17:13:38,201.0
51817,Utrecht-Rotterdam,Rotterdam Centraal - Utrecht Centraal,142,"Capelle Schollevaar,Gouda,Gouda Goverwelle,Nieuwerkerk a/d IJssel,Rotterdam Alexander,Rotterdam Centraal,Rotterdam Noord,Utrecht Centraal,Utrecht Terwijde,Vleuten,Woerden,Utrecht Leidsche Rijn","CPS, GD, GDG, NWK, RTA, RTD, RTN, UT, UTT, VTN, WD, UTLR",defecte trein,broken down train,defecte trein,broken down train,rolling stock,2024-01-29 18:31:09,2024-01-29 18:47:51,17.0
51820,Schiphol-Leiden,Leiden Centraal - Schiphol Airport,22,"Hoofddorp,Leiden Centraal,Nieuw Vennep,Sassenheim","HFD, LEDN, NVP, SSH",defecte trein,broken down train,defecte trein,broken down train,rolling stock,2024-01-30 07:47:17,2024-01-30 07:53:58,7.0
51823,Amsterdam-Haarlem,Amsterdam Centraal - Haarlem,112,"Amsterdam Centraal,Amsterdam Sloterdijk,Haarlem,Haarlem Spaarnwoude,Halfweg-Zwanenburg","ASD, ASS, HLM, HLMS, HWZB",defecte bovenleiding,damaged overhead wires,defecte bovenleiding,damaged overhead wires,infrastructure,2024-01-30 12:23:31,2024-01-30 21:14:00,530.0
51828,Utrecht-Rotterdam; Utrecht-Den Haag,"Den Haag Centraal - Utrecht Centraal, Rotterdam Centraal - Utrecht Centraal","142,143","Gouda Goverwelle,Utrecht Centraal,Utrecht Terwijde,Vleuten,Woerden,Utrecht Leidsche Rijn","GDG, UT, UTT, VTN, WD, UTLR",defecte trein,broken down train,defecte trein,broken down train,rolling stock,2024-01-30 18:01:48,2024-01-30 19:01:35,60.0
51829,Utrecht-Amersfoort Schothorst,Amersfoort - Utrecht Centraal,134,"Amersfoort Centraal,Bilthoven,Den Dolder,Utrecht Centraal,Utrecht Overvecht","AMF, BHV, DLD, UT, UTO",defect spoor,defective railway track,defect spoor,defective railway track,infrastructure,2024-01-31 04:09:37,2024-01-31 14:55:35,646.0
51830,Den Haag-Gouda Goverwelle,"Den Haag Centraal - Utrecht Centraal, Rotterdam Centraal - Utrecht Centraal","142,143","Gouda,Gouda Goverwelle","GD, GDG",seinstoring,signal failure,seinstoring,signal failure,infrastructure,2024-01-31 05:43:51,2024-01-31 08:56:24,193.0
51838,Amsterdam-Utrecht; Amsterdam-Gouda,"Amsterdam Centraal - Utrecht Centraal, Amsterdam Centraal - Woerden","136,141","Amsterdam Amstel,Amsterdam Bijlmer ArenA,Amsterdam Centraal,Amsterdam Muiderpoort,Duivendrecht","ASA, ASB, ASD, ASDM, DVD",defecte bovenleiding,damaged overhead wires,defecte bovenleiding,damaged overhead wires,infrastructure,2024-01-31 22:40:34,2024-02-01 00:27:38,107.0
51843,Schiphol-Leiden,Leiden Centraal - Schiphol Airport,22,"Hoofddorp,Leiden Centraal,Nieuw Vennep,Schiphol Airport,Sassenheim","HFD, LEDN, NVP, SHL, SSH",defecte trein,broken down train,defecte trein,broken down train,rolling stock,2024-02-01 10:26:35,2024-02-01 10:56:13,30.0
51845,Rotterdam-Dordrecht,Dordrecht - Rotterdam Centraal,16,"Barendrecht,Dordrecht,Rotterdam Lombardijen,Rotterdam Blaak,Rotterdam Centraal,Rotterdam Stadion,Rotterdam Zuid,Zwijndrecht","BRD, DDR, RLB, RTB, RTD, RTST, RTZ, ZWD",defecte trein,broken down train,defecte trein,broken down train,rolling stock,2024-02-01 13:48:12,2024-02-01 14:07:27,19.0
51846,Dordrecht-Roosendaal,"Breda - Dordrecht, Dordrecht - Roosendaal","170,171","Dordrecht,Dordrecht Zuid,Lage Zwaluwe","DDR, DDZD, ZLW",defect spoor,defective railway track,defect spoor,defective railway track,infrastructure,2024-02-01 14:28:13,2024-02-01 20:26:25,358.0
51847,Amsterdam Sloterdijk-Schiphol Airport; Amsterdam Zuid-Leiden Centraal,"Amersfoort - Schiphol Airport, Amsterdam Centraal - Schiphol Airport, Lelystad Centrum - Schiphol Airport, Schiphol Airport - Utrecht Centraal, Schiphol Airport - Zaandam","32,137,144,148,165","Amsterdam Lelylaan,Amsterdam Zuid,Amsterdam Sloterdijk,Schiphol Airport","ASDL, ASDZ, ASS, SHL",defecte trein,broken down train,defecte trein,broken down train,rolling stock,2024-02-01 16:49:37,2024-02-01 18:00:26,71.0
51848,Utrecht-Gouda; Utrecht-Leiden,"Den Haag Centraal - Utrecht Centraal, Leiden Centraal - Utrecht Centraal, Rotterdam Centraal - Utrecht Centraal","142,143,147","Utrecht Centraal,Utrecht Terwijde,Vleuten,Woerden,Utrecht Leidsche Rijn","UT, UTT, VTN, WD, UTLR",defecte trein,broken down train,defecte trein,broken down train,rolling stock,2024-02-01 17:45:22,2024-02-01 18:16:11,31.0
51849,Utrecht-Houten,"'s-Hertogenbosch - Utrecht Centraal, Tiel - Utrecht Centraal","150,151","Houten,Utrecht Centraal,Utrecht Lunetten,Utrecht Vaartsche Rijn","HTN, UT, UTLN, UTVR",defecte trein,broken down train,defecte trein,broken down train,rolling stock,2024-02-01 17:48:07,2024-02-01 18:16:04,28.0
51852,Utrecht-Hilversum-Weesp,"Amersfoort - Amsterdam Centraal, Amersfoort - Schiphol Airport","135,148","Naarden-Bussum,Weesp","NDB, WP",defecte trein,broken down train,defecte trein,broken down train,rolling stock,2024-02-01 20:50:54,2024-02-01 20:53:10,2.0
51853,Amsterdam-Amersfoort; Hoofddorp-Schiphol-Hilversum,"Amersfoort - Amsterdam Centraal, Amersfoort - Schiphol Airport","135,148","Naarden-Bussum,Weesp","NDB, WP",defecte trein,broken down train,defecte trein,broken down train,rolling stock,2024-02-01 20:53:05,2024-02-01 22:57:36,125.0
51854,Utrecht-Almere,Almere Oostvaarders - Utrecht Centraal,149,"Almere Centrum,Almere Muziekwijk,Bussum Zuid,Hilversum,Naarden-Bussum,Weesp,Almere Poort,Hilversum Media Park","ALM, ALMM, BSMZ, HVS, NDB, WP, AMPO, HVSM",defecte trein,broken down train,defecte trein,broken down train,rolling stock,2024-02-01 21:03:24,2024-02-01 22:57:40,114.0
51859,Breukelen-Utrecht-Veenendaal,"Amsterdam Centraal - Utrecht Centraal, Arnhem Centraal - Utrecht Centraal, Rhenen - Utrecht Centraal, Schiphol Airport - Utrecht Centraal","133,136,137,166","Bunnik,Driebergen-Zeist,Maarssen,Utrecht Centraal,Utrecht Zuilen,Utrecht Vaartsche Rijn","BNK, DB, MAS, UT, UTZL, UTVR",defecte trein,broken down train,defecte trein,broken down train,rolling stock,2024-02-02 06:37:05,2024-02-02 07:49:52,73.0
51860,Gouda-Den Haag,Den Haag Centraal - Utrecht Centraal,143,"Gouda,Den Haag Centraal,Voorburg,Den Haag Ypenburg,Zoetermeer,Zoetermeer Oost,Lansingerland-Zoetermeer","GD, GVC, VB, YPB, ZTM, ZTMO, LLZM",defecte trein,broken down train,defecte trein,broken down train,rolling stock,2024-02-02 08:18:55,2024-02-02 08:25:47,7.0
51863,Amsterdam Zuid-Den Haag,"Amersfoort - Schiphol Airport, Lelystad Centrum - Schiphol Airport, Schiphol Airport - Utrecht Centraal","137,144,148","Amsterdam Zuid,Schiphol Airport","ASDZ, SHL",defecte trein,broken down train,defecte trein,broken down train,rolling stock,2024-02-02 11:25:55,2024-02-02 11:29:14,3.0
51864,Amsterdam Sloterdijk-Hoorn Kersenboogerd,Amsterdam Centraal - Hoorn,164,"Purmerend Overwhere,Purmerend,Purmerend Weidevenne,Zaandam,Zaandam Kogerveld","PMO, PMR, PMW, ZD, ZDK",defecte trein,broken down train,defecte trein,broken down train,rolling stock,2024-02-02 11:31:00,,
51873,Amsterdam-Haarlem-Leiden,Haarlem - Leiden Centraal,23,"Heemstede-Aerdenhout,Hillegom,Haarlem,Leiden Centraal,Voorhout","HAD, HIL, HLM, LEDN, VH",defecte trein,broken down train,defecte trein,broken down train,rolling stock,2024-02-03 06:36:44,2024-02-03 06:54:09,17.0
51874,Amsterdam Sloterdijk-Schiphol Airport,"Amsterdam Centraal - Schiphol Airport, Schiphol Airport - Zaandam","32,165","Amsterdam Lelylaan,Amsterdam Sloterdijk,Schiphol Airport","ASDL, ASS, SHL",defecte trein,broken down train,defecte trein,broken down train,rolling stock,2024-02-03 08:08:09,2024-02-03 08:15:55,8.0
51875,Dordrecht-Gorinchem,Dordrecht - Geldermalsen,55,"Dordrecht,Dordrecht Stadspolders,Hardinxveld-Giessendam,Gorinchem,Sliedrecht,Boven-Hardinxveld,Sliedrecht Baanhoek,Hardinxveld Blauwe Zoom","DDR, DDRS, GND, GR, SDT, BHDV, SDTB, HBZM",defect spoor,defective railway track,defect spoor,defective railway track,infrastructure,2024-02-03 09:39:04,2024-02-03 18:25:47,527.0
51882,Den Haag-Rotterdam-Dordrecht,Dordrecht - Rotterdam Centraal,16,"Barendrecht,Dordrecht,Rotterdam Lombardijen,Rotterdam Blaak,Rotterdam Centraal,Rotterdam Stadion,Rotterdam Zuid,Zwijndrecht","BRD, DDR, RLB, RTB, RTD, RTST, RTZ, ZWD",seinstoring,signal failure,seinstoring,signal failure,infrastructure,2024-02-03 17:13:38,2024-02-03 18:49:56,96.0
51885,Hoofddorp-Schiphol-Hilversum,Amersfoort - Schiphol Airport,148,"Amsterdam Zuid,Bussum Zuid,Diemen Zuid,Duivendrecht,Hilversum,Naarden-Bussum,Amsterdam RAI,Schiphol Airport,Weesp,Hilversum Media Park","ASDZ, BSMZ, DMNZ, DVD, HVS, NDB, RAI, SHL, WP, HVSM",seinstoring,signal failure,seinstoring,signal failure,infrastructure,2024-02-04 04:48:42,2024-02-05 00:53:06,1204.0
51891,Leiden-Den Haag,Den Haag Centraal - Leiden Centraal,169,"De Vink,Den Haag Centraal,Den Haag Mariahoeve,Den Haag Laan v NOI,Leiden Centraal,Voorschoten","DVNK, GVC, GVM, LAA, LEDN, VST",defecte trein,broken down train,defecte trein,broken down train,rolling stock,2024-02-04 11:35:27,2024-02-04 11:55:35,20.0
51894,Den Haag-Rotterdam,"Den Haag Centraal - Den Haag HS, Den Haag HS - Rotterdam Centraal","10,11","Delft,Delft Campus,Den Haag HS,Den Haag Centraal,Den Haag Moerwijk,Rijswijk,Rotterdam Centraal,Schiedam Centrum","DT, DTCP, GV, GVC, GVMW, RSW, RTD, SDM",defecte trein,broken down train,defecte trein,broken down train,rolling stock,2024-02-04 14:16:27,2024-02-04 14:19:18,3.0
51896,Den Haag-Rotterdam,Den Haag HS - Rotterdam Centraal,11,"Delft,Den Haag HS,Den Haag Moerwijk,Rijswijk","DT, GV, GVMW, RSW",defecte trein,broken down train,defecte trein,broken down train,rolling stock,2024-02-04 16:06:57,2024-02-04 16:08:33,2.0
51899,Leiden-Den Haag HS,"Den Haag Centraal - Leiden Centraal, Den Haag HS - Leiden Centraal","168,169","De Vink,Den Haag Mariahoeve,Den Haag Laan v NOI,Leiden Centraal,Voorschoten","DVNK, GVM, LAA, LEDN, VST",defecte trein,broken down train,defecte trein,broken down train,rolling stock,2024-02-04 19:26:18,2024-02-04 19:32:13,6.0
51906,Utrecht-Rotterdam; Utrecht-Den Haag,"Den Haag Centraal - Utrecht Centraal, Rotterdam Centraal - Utrecht Centraal","142,143","Gouda Goverwelle,Utrecht Centraal,Utrecht Terwijde,Vleuten,Woerden,Utrecht Leidsche Rijn","GDG, UT, UTT, VTN, WD, UTLR",defecte trein,broken down train,defecte trein,broken down train,rolling stock,2024-02-05 07:40:19,2024-02-05 08:18:27,38.0
51908,Utrecht-Woerden,"Den Haag Centraal - Utrecht Centraal, Leiden Centraal - Utrecht Centraal, Rotterdam Centraal - Utrecht Centraal","142,143,147","Utrecht Centraal,Utrecht Terwijde,Vleuten,Woerden,Utrecht Leidsche Rijn","UT, UTT, VTN, WD, UTLR",defecte trein,broken down train,defecte trein,broken down train,rolling stock,2024-02-05 08:14:18,2024-02-05 08:30:46,16.0
51909,Amsterdam-Schiphol,Amsterdam Centraal - Schiphol Airport,32,"Amsterdam Centraal,Amsterdam Lelylaan,Amsterdam Sloterdijk,Schiphol Airport","ASD, ASDL, ASS, SHL",defecte trein,broken down train,defecte trein,broken down train,rolling stock,2024-02-05 08:19:13,2024-02-05 08:31:07,12.0
51910,Leiden-Den Haag HS,"Den Haag Centraal - Leiden Centraal, Den Haag HS - Leiden Centraal","168,169","De Vink,Den Haag Mariahoeve,Den Haag Laan v NOI,Leiden Centraal,Voorschoten","DVNK, GVM, LAA, LEDN, VST",defecte trein,broken down train,defecte trein,broken down train,rolling stock,2024-02-05 08:46:32,2024-02-05 09:01:54,15.0
51916,Utrecht-Almere,Almere Oostvaarders - Utrecht Centraal,149,"Almere Centrum,Almere Muziekwijk,Bussum Zuid,Hilversum,Naarden-Bussum,Weesp,Almere Poort,Hilversum Media Park","ALM, ALMM, BSMZ, HVS, NDB, WP, AMPO, HVSM",defecte trein,broken down train,defecte trein,broken down train,rolling stock,2024-02-05 11:35:07,2024-02-05 12:20:38,46.0
51932,Den Haag-Rotterdam,Den Haag HS - Rotterdam Centraal,11,"Delft,Delft Campus,Den Haag HS,Den Haag Moerwijk,Rijswijk,Rotterdam Centraal,Schiedam Centrum","DT, DTCP, GV, GVMW, RSW, RTD, SDM",defecte trein,broken down train,defecte trein,broken down train,rolling stock,2024-02-06 07:34:46,2024-02-06 08:02:26,28.0
51938,Den Haag-Rotterdam-Dordrecht,Dordrecht - Rotterdam Centraal,16,"Barendrecht,Dordrecht,Rotterdam Lombardijen,Rotterdam Blaak,Rotterdam Centraal,Rotterdam Stadion,Rotterdam Zuid,Zwijndrecht","BRD, DDR, RLB, RTB, RTD, RTST, RTZ, ZWD",gestrande trein,stranded train,gestrande trein,stranded train,rolling stock,2024-02-06 15:07:22,2024-02-06 16:45:40,98.0
51940,Utrecht-Leiden,Leiden Centraal - Utrecht Centraal,147,"Alphen a/d Rijn,Bodegraven","APN, BDG",defecte trein,broken down train,defecte trein,broken down train,rolling stock,2024-02-06 17:33:02,2024-02-06 17:36:44,4.0
51947,Utrecht-Den Haag,Den Haag Centraal - Utrecht Centraal,143,"Gouda,Zoetermeer Oost,Lansingerland-Zoetermeer","GD, ZTMO, LLZM",defecte trein,broken down train,defecte trein,broken down train,rolling stock,2024-02-06 19:13:23,2024-02-06 22:58:31,225.0
51954,Rotterdam-Dordrecht,Dordrecht - Rotterdam Centraal,16,"Barendrecht,Dordrecht,Rotterdam Lombardijen,Rotterdam Blaak,Rotterdam Stadion,Rotterdam Zuid,Zwijndrecht","BRD, DDR, RLB, RTB, RTST, RTZ, ZWD",defecte trein,broken down train,defecte trein,broken down train,rolling stock,2024-02-07 09:17:14,2024-02-07 09:20:57,4.0
51955,Amsterdam-Almere,"Amsterdam Centraal - Lelystad Centrum, Lelystad Centrum - Schiphol Airport","144,145","Almere Centrum,Almere Muziekwijk,Weesp,Almere Poort","ALM, ALMM, WP, AMPO",defecte trein,broken down train,defecte trein,broken down train,rolling stock,2024-02-07 11:08:30,2024-02-07 11:55:47,47.0
51960,Dordrecht-Geldermalsen,Dordrecht - Geldermalsen,55,"Arkel,Beesd,Geldermalsen,Gorinchem,Leerdam","AKL, BSD, GDM, GR, LDM",defecte trein,broken down train,defecte trein,broken down train,rolling stock,2024-02-07 14:40:16,2024-02-07 15:54:23,74.0
51962,Utrecht-Amersfoort Schothorst; Amersfoort-Ede-Wageningen,"Amersfoort - Ede-Wageningen, Amersfoort - Utrecht Centraal, Amersfoort - Zwolle","47,48,134","Amersfoort Centraal,Amersfoort Schothorst,Bilthoven,Barneveld Centrum,Barneveld Noord,Den Dolder,Utrecht Centraal,Utrecht Overvecht,Hoevelaken,Barneveld Zuid","AMF, AMFS, BHV, BNC, BNN, DLD, UT, UTO, HVL, BNZ",seinstoring,signal failure,seinstoring,signal failure,infrastructure,2024-02-07 16:08:14,2024-02-07 16:26:04,18.0
51973,Amsterdam-Enkhuizen,Amsterdam Centraal - Hoorn,164,"Amsterdam Centraal,Amsterdam Sloterdijk,Hoorn,Purmerend Overwhere,Purmerend,Purmerend Weidevenne,Zaandam,Zaandam Kogerveld","ASD, ASS, HN, PMO, PMR, PMW, ZD, ZDK",defecte trein,broken down train,defecte trein,broken down train,rolling stock,2024-02-08 07:07:47,2024-02-08 07:56:55,49.0
51985,Utrecht-Eindhoven,"'s-Hertogenbosch - Utrecht Centraal, Tiel - Utrecht Centraal","150,151","Culemborg,Geldermalsen,Houten,Houten Castellum,Utrecht Centraal,Utrecht Lunetten,Utrecht Vaartsche Rijn","CL, GDM, HTN, HTNC, UT, UTLN, UTVR",gestrande trein,stranded train,gestrande trein,stranded train,rolling stock,2024-02-08 18:41:05,2024-02-08 19:57:58,77.0
51986,Amsterdam-Utrecht,Amsterdam Centraal - Utrecht Centraal,136,"Abcoude,Amsterdam Amstel,Amsterdam Bijlmer ArenA,Amsterdam Centraal,Amsterdam Muiderpoort,Amsterdam Holendrecht,Breukelen,Duivendrecht,Maarssen,Utrecht Centraal,Utrecht Zuilen","AC, ASA, ASB, ASD, ASDM, ASHD, BKL, DVD, MAS, UT, UTZL",gestrande trein,stranded train,gestrande trein,stranded train,rolling stock,2024-02-08 18:47:16,2024-02-08 19:29:09,42.0
51987,Amsterdam-Utrecht; Amsterdam-Schiphol,"Amsterdam Centraal - Schiphol Airport, Amsterdam Centraal - Utrecht Centraal","32,136","Abcoude,Amsterdam Amstel,Amsterdam Bijlmer ArenA,Amsterdam Centraal,Amsterdam Lelylaan,Amsterdam Muiderpoort,Amsterdam Holendrecht,Amsterdam Sloterdijk,Breukelen,Duivendrecht,Maarssen,Schiphol Airport,Utrecht Centraal,Utrecht Zuilen","AC, ASA, ASB, ASD, ASDL, ASDM, ASHD, ASS, BKL, DVD, MAS, SHL, UT, UTZL",gestrande trein,stranded train,gestrande trein,stranded train,rolling stock,2024-02-08 19:48:41,2024-02-08 20:13:53,25.0
51990,Schiphol-Leiden,Leiden Centraal - Schiphol Airport,22,"Hoofddorp,Leiden Centraal,Nieuw Vennep,Sassenheim","HFD, LEDN, NVP, SSH",defecte trein,broken down train,defecte trein,broken down train,rolling stock,2024-02-08 20:13:16,2024-02-08 21:10:45,57.0
51991,Leiden-Den Haag,Den Haag Centraal - Leiden Centraal,169,"De Vink,Den Haag Centraal,Den Haag Mariahoeve,Den Haag Laan v NOI,Leiden Centraal,Voorschoten","DVNK, GVC, GVM, LAA, LEDN, VST",defecte bovenleiding,damaged overhead wires,defecte bovenleiding,damaged overhead wires,infrastructure,2024-02-08 20:38:05,2024-02-08 23:52:18,194.0
51993,Utrecht-Amersfoort,"Amersfoort - Utrecht Centraal, Baarn - Utrecht Centraal","44,134","Bilthoven,Utrecht Overvecht","BHV, UTO",defecte trein,broken down train,defecte trein,broken down train,rolling stock,2024-02-08 22:02:55,2024-02-08 22:05:42,3.0
52009,Dordrecht-Gorinchem,Dordrecht - Geldermalsen,55,"Dordrecht,Dordrecht Stadspolders,Hardinxveld-Giessendam,Gorinchem,Sliedrecht,Boven-Hardinxveld,Sliedrecht Baanhoek,Hardinxveld Blauwe Zoom","DDR, DDRS, GND, GR, SDT, BHDV, SDTB, HBZM",defecte spoorbrug,damaged railway bridge,defecte spoorbrug,damaged railway bridge,infrastructure,2024-02-09 21:53:17,2024-02-10 00:20:37,147.0
52020,Utrecht-Amersfoort Schothorst,Amersfoort - Utrecht Centraal,134,"Amersfoort Centraal,Bilthoven,Den Dolder,Utrecht Centraal,Utrecht Overvecht","AMF, BHV, DLD, UT, UTO",defecte trein,broken down train,defecte trein,broken down train,rolling stock,2024-02-10 11:24:34,2024-02-10 12:54:19,90.0
52024,Amsterdam-Haarlem,Amsterdam Centraal - Haarlem,112,"Amsterdam Centraal,Amsterdam Sloterdijk,Haarlem,Haarlem Spaarnwoude,Halfweg-Zwanenburg","ASD, ASS, HLM, HLMS, HWZB",defecte trein,broken down train,defecte trein,broken down train,rolling stock,2024-02-10 12:50:22,2024-02-10 13:07:24,17.0
52039,Breukelen-Gouda,"Den Haag Centraal - Utrecht Centraal, Rotterdam Centraal - Utrecht Centraal","142,143","Gouda,Gouda Goverwelle,Woerden","GD, GDG, WD",defecte trein,broken down train,defecte trein,broken down train,rolling stock,2024-02-11 21:39:03,2024-02-11 21:43:58,5.0
52040,Den Haag-Rotterdam; Leiden-Rotterdam,Den Haag HS - Rotterdam Centraal,11,"Delft,Delft Campus,Den Haag HS,Den Haag Moerwijk,Rijswijk,Schiedam Centrum","DT, DTCP, GV, GVMW, RSW, SDM",defecte trein,broken down train,defecte trein,broken down train,rolling stock,2024-02-11 22:43:43,2024-02-11 23:28:47,45.0
52048,Rotterdam-Dordrecht,Dordrecht - Rotterdam Centraal,16,"Barendrecht,Dordrecht,Rotterdam Lombardijen,Rotterdam Blaak,Rotterdam Centraal,Rotterdam Stadion,Rotterdam Zuid,Zwijndrecht","BRD, DDR, RLB, RTB, RTD, RTST, RTZ, ZWD",seinstoring,signal failure,seinstoring,signal failure,infrastructure,2024-02-12 11:04:39,2024-02-12 12:39:00,94.0
52051,Dordrecht-Roosendaal,Dordrecht - Roosendaal,171,"Dordrecht,Dordrecht Zuid,Oudenbosch,Roosendaal,Lage Zwaluwe,Zevenbergen","DDR, DDZD, ODB, RSD, ZLW, ZVB",defecte trein,broken down train,defecte trein,broken down train,rolling stock,2024-02-12 14:15:30,2024-02-12 14:53:07,38.0
52052,Rotterdam-Dordrecht,Dordrecht - Rotterdam Centraal,16,"Barendrecht,Dordrecht,Rotterdam Lombardijen,Rotterdam Blaak,Rotterdam Centraal,Rotterdam Stadion,Rotterdam Zuid,Zwijndrecht","BRD, DDR, RLB, RTB, RTD, RTST, RTZ, ZWD",defecte trein,broken down train,defecte trein,broken down train,rolling stock,2024-02-12 14:23:41,2024-02-12 14:53:03,29.0
52057,Dordrecht-Breda; Dordrecht-Roosendaal,"Breda - Dordrecht, Dordrecht - Roosendaal","170,171","Dordrecht,Dordrecht Zuid,Lage Zwaluwe","DDR, DDZD, ZLW",seinstoring,signal failure,seinstoring,signal failure,infrastructure,2024-02-12 17:40:22,2024-02-12 21:11:09,211.0
52069,Haarlem-Leiden,Haarlem - Leiden Centraal,23,"Heemstede-Aerdenhout,Hillegom,Haarlem,Voorhout","HAD, HIL, HLM, VH",beschadigde spoorbrug,damaged railway bridge,beschadigde spoorbrug,damaged railway bridge,accidents,2024-02-13 10:30:54,2024-02-13 12:13:22,102.0
52070,Leiden-Den Haag,Den Haag Centraal - Leiden Centraal,169,"De Vink,Den Haag Centraal,Den Haag Mariahoeve,Den Haag Laan v NOI,Leiden Centraal,Voorschoten","DVNK, GVC, GVM, LAA, LEDN, VST",beschadigde spoorbrug,damaged railway bridge,beschadigde spoorbrug,damaged railway bridge,accidents,2024-02-13 10:51:02,2024-02-13 12:04:50,74.0
52079,Dordrecht-Breda; Dordrecht-Roosendaal,"Breda - Dordrecht, Dordrecht - Roosendaal","170,171","Dordrecht,Dordrecht Zuid,Lage Zwaluwe","DDR, DDZD, ZLW",seinstoring,signal failure,seinstoring,signal failure,infrastructure,2024-02-13 15:02:15,2024-02-13 21:30:46,389.0
52085,Amsterdam-Haarlem,Amsterdam Centraal - Haarlem,112,"Amsterdam Centraal,Amsterdam Sloterdijk,Haarlem,Haarlem Spaarnwoude,Halfweg-Zwanenburg","ASD, ASS, HLM, HLMS, HWZB",defecte trein,broken down train,defecte trein,broken down train,rolling stock,2024-02-13 18:28:41,2024-02-13 18:41:24,13.0
52094,Amsterdam-Haarlem,Amsterdam Centraal - Haarlem,112,"Amsterdam Centraal,Amsterdam Sloterdijk,Haarlem,Haarlem Spaarnwoude,Halfweg-Zwanenburg","ASD, ASS, HLM, HLMS, HWZB",defecte trein,broken down train,defecte trein,broken down train,rolling stock,2024-02-14 10:35:02,2024-02-14 11:18:54,44.0
52102,Leiden-Alphen a/d Rijn,Leiden Centraal - Utrecht Centraal,147,"Alphen a/d Rijn,Leiden Lammenschans,Leiden Centraal","APN, LDL, LEDN",defecte trein,broken down train,defecte trein,broken down train,rolling stock,2024-02-14 18:46:48,2024-02-14 19:06:31,20.0
52104,Utrecht-Rotterdam,Rotterdam Centraal - Utrecht Centraal,142,"Capelle Schollevaar,Gouda,Gouda Goverwelle,Nieuwerkerk a/d IJssel,Rotterdam Alexander,Rotterdam Centraal,Rotterdam Noord,Utrecht Centraal,Utrecht Terwijde,Vleuten,Woerden,Utrecht Leidsche Rijn","CPS, GD, GDG, NWK, RTA, RTD, RTN, UT, UTT, VTN, WD, UTLR",defecte trein,broken down train,defecte trein,broken down train,rolling stock,2024-02-15 07:07:56,2024-02-15 07:40:23,32.0
52107,Amsterdam-Utrecht; Amsterdam-Gouda,"Amsterdam Centraal - Utrecht Centraal, Amsterdam Centraal - Woerden","136,141","Amsterdam Amstel,Amsterdam Bijlmer ArenA,Amsterdam Muiderpoort,Duivendrecht","ASA, ASB, ASDM, DVD",defecte bovenleiding,damaged overhead wires,defecte bovenleiding,damaged overhead wires,infrastructure,2024-02-15 09:12:41,2024-02-15 10:46:55,94.0
52123,Amsterdam-Haarlem-Leiden,Haarlem - Leiden Centraal,23,"Heemstede-Aerdenhout,Hillegom,Haarlem,Leiden Centraal,Voorhout","HAD, HIL, HLM, LEDN, VH",defecte trein,broken down train,defecte trein,broken down train,rolling stock,2024-02-16 13:21:32,2024-02-16 13:44:17,23.0
52150,Alphen a/d Rijn-Gouda,Alphen a/d Rijn - Gouda,8,"Boskoop,Gouda,Waddinxveen,Waddinxveen Noord,Boskoop Snijdelwijk,Waddinxveen Triangel","BSK, GD, WAD, WADN, BSKS, WADT",seinstoring,signal failure,seinstoring,signal failure,infrastructure,2024-02-18 09:24:06,2024-02-18 14:00:15,276.0
52154,Amsterdam-Utrecht,"Amsterdam Centraal - Utrecht Centraal, Amsterdam Centraal - Woerden","136,141","Amsterdam Amstel,Amsterdam Muiderpoort,Duivendrecht","ASA, ASDM, DVD",defecte trein,broken down train,defecte trein,broken down train,rolling stock,2024-02-18 12:54:28,2024-02-18 13:27:20,33.0
52155,Rotterdam-Dordrecht,Dordrecht - Rotterdam Centraal,16,"Barendrecht,Dordrecht,Rotterdam Lombardijen,Rotterdam Blaak,Rotterdam Centraal,Rotterdam Stadion,Rotterdam Zuid,Zwijndrecht","BRD, DDR, RLB, RTB, RTD, RTST, RTZ, ZWD",defecte trein,broken down train,defecte trein,broken down train,rolling stock,2024-02-18 14:53:00,2024-02-18 16:41:31,109.0
52162,Amsterdam-Zandvoort aan Zee,Haarlem - Zandvoort aan Zee,110,"Haarlem,Overveen,Zandvoort aan Zee","HLM, OVN, ZVT",defecte trein,broken down train,defecte trein,broken down train,rolling stock,2024-02-19 06:30:02,2024-02-19 07:20:59,51.0
52173,Schiphol-Leiden,Leiden Centraal - Schiphol Airport,22,"Hoofddorp,Leiden Centraal,Nieuw Vennep,Sassenheim","HFD, LEDN, NVP, SSH",defecte trein,broken down train,defecte trein,broken down train,rolling stock,2024-02-19 20:13:43,2024-02-19 21:15:44,62.0
52180,Dordrecht-Breda; Dordrecht-Roosendaal,"Breda - Dordrecht, Dordrecht - Roosendaal","170,171","Dordrecht,Dordrecht Zuid,Lage Zwaluwe","DDR, DDZD, ZLW",overwegstoring,level crossing failure,overwegstoring,level crossing failure,infrastructure,2024-02-20 11:42:01,2024-02-21 01:22:04,820.0
52183,Utrecht-'s-Hertogenbosch; Utrecht-Tiel,"'s-Hertogenbosch - Utrecht Centraal, Tiel - Utrecht Centraal","150,151","Culemborg,Houten,Houten Castellum","CL, HTN, HTNC",defect spoor,defective railway track,defect spoor,defective railway track,infrastructure,2024-02-20 16:45:01,2024-02-20 18:03:09,78.0
52185,Schiphol-Hoofddorp,Leiden Centraal - Schiphol Airport,22,"Hoofddorp,Schiphol Airport","HFD, SHL",defecte trein,broken down train,defecte trein,broken down train,rolling stock,2024-02-20 18:46:15,2024-02-20 18:51:15,5.0
52187,Den Haag-Rotterdam; Leiden-Rotterdam,Den Haag HS - Rotterdam Centraal,11,"Delft Campus,Schiedam Centrum","DTCP, SDM",defecte trein,broken down train,defecte trein,broken down train,rolling stock,2024-02-20 19:35:58,2024-02-20 20:52:25,76.0
52204,Leiden-Rotterdam,"Den Haag Centraal - Den Haag HS, Den Haag Centraal - Leiden Centraal, Den Haag HS - Leiden Centraal, Den Haag HS - Rotterdam Centraal","10,11,168,169","Delft,Delft Campus,De Vink,Den Haag HS,Den Haag Centraal,Den Haag Mariahoeve,Den Haag Moerwijk,Den Haag Laan v NOI,Leiden Centraal,Rijswijk,Rotterdam Centraal,Schiedam Centrum,Voorschoten","DT, DTCP, DVNK, GV, GVC, GVM, GVMW, LAA, LEDN, RSW, RTD, SDM, VST",defecte trein,broken down train,defecte trein,broken down train,rolling stock,2024-02-22 07:22:17,2024-02-22 07:39:45,17.0
52205,Amsterdam-Schiphol-Leiden; Leiden-Duivendrecht-Lelystad,Leiden Centraal - Schiphol Airport,22,"Hoofddorp,Leiden Centraal,Nieuw Vennep,Sassenheim","HFD, LEDN, NVP, SSH",defecte trein,broken down train,defecte trein,broken down train,rolling stock,2024-02-22 09:42:00,2024-02-22 11:43:49,122.0
52206,Utrecht-Hilversum,"Almere Oostvaarders - Utrecht Centraal, Hilversum - Utrecht Centraal","40,149","Hollandsche Rading,Hilversum,Hilversum Sportpark,Utrecht Centraal,Utrecht Overvecht","HOR, HVS, HVSP, UT, UTO",defecte trein,broken down train,defecte trein,broken down train,rolling stock,2024-02-22 17:07:30,2024-02-22 18:53:34,106.0
52208,Utrecht-Tiel; Utrecht-Eindhoven,"'s-Hertogenbosch - Utrecht Centraal, Tiel - Utrecht Centraal","150,151","Culemborg,Geldermalsen,'s-Hertogenbosch,Houten,Houten Castellum,Tiel,Tiel Passewaaij,Utrecht Centraal,Zaltbommel,Utrecht Lunetten,Utrecht Vaartsche Rijn","CL, GDM, HT, HTN, HTNC, TL, TPSW, UT, ZBM, UTLN, UTVR",defect spoor,defective railway track,defect spoor,defective railway track,infrastructure,2024-02-22 17:29:26,2024-02-22 20:00:08,151.0
52209,Utrecht-Almere,Almere Oostvaarders - Utrecht Centraal,149,"Almere Centrum,Almere Muziekwijk,Bussum Zuid,Hilversum,Naarden-Bussum,Weesp,Almere Poort,Hilversum Media Park","ALM, ALMM, BSMZ, HVS, NDB, WP, AMPO, HVSM",defecte trein,broken down train,defecte trein,broken down train,rolling stock,2024-02-22 17:30:55,2024-02-22 18:53:25,83.0
52213,Amsterdam-Schiphol-Leiden; Amsterdam-Haarlem,"Amsterdam Centraal - Haarlem, Amsterdam Centraal - Schiphol Airport","32,112","Amsterdam Centraal,Amsterdam Lelylaan,Amsterdam Sloterdijk,Haarlem,Haarlem Spaarnwoude,Schiphol Airport,Halfweg-Zwanenburg","ASD, ASDL, ASS, HLM, HLMS, SHL, HWZB",seinstoring,signal failure,seinstoring,signal failure,infrastructure,2024-02-22 19:00:54,2024-02-22 20:02:06,61.0
52220,Rotterdam-Gouda,Rotterdam Centraal - Utrecht Centraal,142,"Capelle Schollevaar,Gouda,Nieuwerkerk a/d IJssel,Rotterdam Alexander,Rotterdam Centraal,Rotterdam Noord","CPS, GD, NWK, RTA, RTD, RTN",defecte trein,broken down train,defecte trein,broken down train,rolling stock,2024-02-22 20:39:00,2024-02-22 21:05:16,26.0
52226,Utrecht-Leiden,Leiden Centraal - Utrecht Centraal,147,"Alphen a/d Rijn,Bodegraven","APN, BDG",defecte spoorbrug,damaged railway bridge,defecte spoorbrug,damaged railway bridge,infrastructure,2024-02-23 08:59:09,2024-02-23 13:09:28,250.0
52236,Amsterdam Zuid-Leiden Centraal,"Amersfoort - Schiphol Airport, Lelystad Centrum - Schiphol Airport, Schiphol Airport - Utrecht Centraal","137,144,148","Amsterdam Zuid,Schiphol Airport","ASDZ, SHL",defecte trein,broken down train,defecte trein,broken down train,rolling stock,2024-02-24 08:06:01,2024-02-24 08:18:35,13.0
52237,Utrecht-Leiden,Leiden Centraal - Utrecht Centraal,147,"Alphen a/d Rijn,Bodegraven","APN, BDG",defecte spoorbrug,damaged railway bridge,defecte spoorbrug,damaged railway bridge,infrastructure,2024-02-24 09:19:34,2024-02-24 12:16:37,177.0
52239,Amsterdam-Almere,"Amsterdam Centraal - Lelystad Centrum, Lelystad Centrum - Schiphol Airport","144,145","Weesp,Almere Poort","WP, AMPO",defecte trein,broken down train,defecte trein,broken down train,rolling stock,2024-02-24 11:16:13,2024-02-24 11:21:34,5.0
52248,Utrecht-Amersfoort Schothorst,Amersfoort - Utrecht Centraal,134,"Amersfoort Centraal,Bilthoven,Den Dolder,Utrecht Centraal,Utrecht Overvecht","AMF, BHV, DLD, UT, UTO",defecte trein,broken down train,defecte trein,broken down train,rolling stock,2024-02-25 11:47:45,2024-02-25 12:35:08,47.0
52249,Leiden-Den Haag,Den Haag Centraal - Leiden Centraal,169,"Den Haag Centraal,Den Haag Laan v NOI","GVC, LAA",defecte trein,broken down train,defecte trein,broken down train,rolling stock,2024-02-25 12:25:40,2024-02-25 12:28:00,2.0
52256,Leiden-Alphen a/d Rijn,Leiden Centraal - Utrecht Centraal,147,"Alphen a/d Rijn,Leiden Lammenschans,Leiden Centraal","APN, LDL, LEDN",defecte trein,broken down train,defecte trein,broken down train,rolling stock,2024-02-26 08:25:23,2024-02-26 08:40:42,15.0
52257,Schiphol-Leiden,Leiden Centraal - Schiphol Airport,22,"Hoofddorp,Leiden Centraal,Nieuw Vennep,Schiphol Airport,Sassenheim","HFD, LEDN, NVP, SHL, SSH",defecte trein,broken down train,defecte trein,broken down train,rolling stock,2024-02-26 09:39:13,2024-02-26 10:27:48,49.0
52262,Utrecht-Leiden,Leiden Centraal - Utrecht Centraal,147,"Leiden Lammenschans,Leiden Centraal","LDL, LEDN",defecte trein,broken down train,defecte trein,broken down train,rolling stock,2024-02-26 17:25:08,2024-02-26 20:59:01,214.0
52265,Rotterdam-Gouda,Rotterdam Centraal - Utrecht Centraal,142,"Capelle Schollevaar,Gouda,Nieuwerkerk a/d IJssel,Rotterdam Alexander","CPS, GD, NWK, RTA",defecte trein,broken down train,defecte trein,broken down train,rolling stock,2024-02-27 06:24:46,2024-02-27 07:19:45,55.0
52268,Utrecht-Amersfoort; Amersfoort-Zwolle,"Amersfoort - Utrecht Centraal, Amersfoort - Zwolle","48,134","Amersfoort Centraal,Amersfoort Schothorst,Amersfoort Vathorst,Bilthoven,Den Dolder,Ermelo,Harderwijk,Nijkerk,Nunspeet,Putten,Utrecht Centraal,Utrecht Overvecht","AMF, AMFS, AVAT, BHV, DLD, EML, HD, NKK, NS, PT, UT, UTO",defecte trein,broken down train,defecte trein,broken down train,rolling stock,2024-02-27 10:12:35,2024-02-27 11:22:36,70.0
52271,Dordrecht-Geldermalsen,Dordrecht - Geldermalsen,55,"Arkel,Gorinchem,Leerdam","AKL, GR, LDM",defecte spoorbrug,damaged railway bridge,defecte spoorbrug,damaged railway bridge,infrastructure,2024-02-27 16:46:12,2024-02-27 20:57:36,251.0
52273,Dordrecht-Breda; Dordrecht-Roosendaal,"Breda - Dordrecht, Dordrecht - Roosendaal","170,171","Dordrecht,Dordrecht Zuid,Lage Zwaluwe","DDR, DDZD, ZLW",defecte bovenleiding,damaged overhead wires,defecte bovenleiding,damaged overhead wires,infrastructure,2024-02-27 18:09:08,2024-02-27 22:33:28,264.0
52274,Dordrecht-Breda,"Breda - Dordrecht, Dordrecht - Roosendaal","170,171","Dordrecht,Dordrecht Zuid,Lage Zwaluwe","DDR, DDZD, ZLW",gestrande trein,stranded train,gestrande trein,stranded train,rolling stock,2024-02-27 18:13:48,2024-02-27 18:15:23,2.0
52275,Rotterdam-Dordrecht,Dordrecht - Rotterdam Centraal,16,"Barendrecht,Dordrecht,Rotterdam Lombardijen,Rotterdam Blaak,Rotterdam Centraal,Rotterdam Stadion,Rotterdam Zuid,Zwijndrecht","BRD, DDR, RLB, RTB, RTD, RTST, RTZ, ZWD",defecte bovenleiding,damaged overhead wires,defecte bovenleiding,damaged overhead wires,infrastructure,2024-02-27 18:21:41,2024-02-27 22:33:06,251.0
52276,Dordrecht-Gorinchem,Dordrecht - Geldermalsen,55,"Dordrecht,Dordrecht Stadspolders,Hardinxveld-Giessendam,Gorinchem,Sliedrecht,Boven-Hardinxveld,Sliedrecht Baanhoek,Hardinxveld Blauwe Zoom","DDR, DDRS, GND, GR, SDT, BHDV, SDTB, HBZM",defecte trein,broken down train,defecte trein,broken down train,rolling stock,2024-02-27 20:32:00,2024-02-27 20:57:51,26.0
52277,Utrecht-Leiden,Leiden Centraal - Utrecht Centraal,147,"Alphen a/d Rijn,Bodegraven","APN, BDG",defecte spoorbrug,damaged railway bridge,defecte spoorbrug,damaged railway bridge,infrastructure,2024-02-28 06:19:09,2024-02-28 08:40:17,141.0
52279,Amsterdam-Utrecht,Amsterdam Centraal - Utrecht Centraal,136,"Abcoude,Amsterdam Amstel,Amsterdam Bijlmer ArenA,Amsterdam Centraal,Amsterdam Muiderpoort,Amsterdam Holendrecht,Breukelen,Duivendrecht,Maarssen,Utrecht Centraal,Utrecht Zuilen","AC, ASA, ASB, ASD, ASDM, ASHD, BKL, DVD, MAS, UT, UTZL",gestrande trein,stranded train,gestrande trein,stranded train,rolling stock,2024-02-28 10:26:40,2024-02-28 11:03:56,37.0
52292,Dordrecht-Roosendaal,Dordrecht - Roosendaal,171,"Dordrecht,Dordrecht Zuid,Oudenbosch,Roosendaal,Lage Zwaluwe,Zevenbergen","DDR, DDZD, ODB, RSD, ZLW, ZVB",defecte trein,broken down train,defecte trein,broken down train,rolling stock,2024-02-29 07:47:29,2024-02-29 08:39:39,52.0
52306,Utrecht-Rotterdam,Rotterdam Centraal - Utrecht Centraal,142,"Capelle Schollevaar,Gouda,Gouda Goverwelle,Nieuwerkerk a/d IJssel,Rotterdam Alexander,Rotterdam Centraal,Rotterdam Noord,Utrecht Centraal,Utrecht Terwijde,Vleuten,Woerden,Utrecht Leidsche Rijn","CPS, GD, GDG, NWK, RTA, RTD, RTN, UT, UTT, VTN, WD, UTLR",defecte trein,broken down train,defecte trein,broken down train,rolling stock,2024-02-29 15:53:12,2024-02-29 17:02:27,69.0
52309,Schiphol-Utrecht,"Amsterdam Centraal - Utrecht Centraal, Amsterdam Centraal - Woerden, Schiphol Airport - Utrecht Centraal","136,137,141","Abcoude,Amsterdam Bijlmer ArenA,Amsterdam Holendrecht,Breukelen","AC, ASB, ASHD, BKL",defecte trein,broken down train,defecte trein,broken down train,rolling stock,2024-02-29 18:51:59,2024-02-29 19:09:07,17.0
52317,Amsterdam-Weesp,"Amersfoort - Amsterdam Centraal, Amsterdam Centraal - Lelystad Centrum","135,145","Amsterdam Muiderpoort,Amsterdam Science Park","ASDM, ASSP",defecte trein,broken down train,defecte trein,broken down train,rolling stock,2024-03-01 10:47:24,2024-03-01 10:56:33,9.0
52319,Den Haag-Rotterdam; Leiden-Rotterdam,Den Haag HS - Rotterdam Centraal,11,"Delft,Delft Campus,Den Haag HS,Den Haag Moerwijk,Rijswijk,Schiedam Centrum","DT, DTCP, GV, GVMW, RSW, SDM",defecte trein,broken down train,defecte trein,broken down train,rolling stock,2024-03-01 12:30:07,2024-03-01 13:55:18,85.0
52333,Dordrecht-Roosendaal,Dordrecht - Roosendaal,171,"Dordrecht,Dordrecht Zuid,Oudenbosch,Roosendaal,Lage Zwaluwe,Zevenbergen","DDR, DDZD, ODB, RSD, ZLW, ZVB",defecte trein,broken down train,defecte trein,broken down train,rolling stock,2024-03-03 16:38:56,2024-03-03 16:43:19,4.0
52334,Utrecht-Den Haag,Den Haag Centraal - Utrecht Centraal,143,"Voorburg,Den Haag Ypenburg,Zoetermeer","VB, YPB, ZTM",defecte trein,broken down train,defecte trein,broken down train,rolling stock,2024-03-03 16:51:49,2024-03-03 17:49:37,58.0
52339,Utrecht-Den Haag,Den Haag Centraal - Utrecht Centraal,143,"Gouda,Gouda Goverwelle,Den Haag Centraal,Voorburg,Den Haag Ypenburg,Zoetermeer,Zoetermeer Oost,Lansingerland-Zoetermeer","GD, GDG, GVC, VB, YPB, ZTM, ZTMO, LLZM",defecte trein,broken down train,defecte trein,broken down train,rolling stock,2024-03-04 06:34:59,2024-03-04 07:19:51,45.0
52347,Breukelen-Gouda,"Den Haag Centraal - Utrecht Centraal, Rotterdam Centraal - Utrecht Centraal","142,143","Gouda,Gouda Goverwelle,Woerden","GD, GDG, WD",beschadigde bovenleiding,damaged overhead wires,beschadigde bovenleiding,damaged overhead wires,infrastructure,2024-03-04 15:05:44,2024-03-04 15:50:18,45.0
52351,Amsterdam-Weesp,"Amersfoort - Amsterdam Centraal, Amsterdam Centraal - Lelystad Centrum","135,145","Amsterdam Centraal,Amsterdam Muiderpoort,Amsterdam Science Park,Diemen,Weesp","ASD, ASDM, ASSP, DMN, WP",defecte trein,broken down train,defecte trein,broken down train,rolling stock,2024-03-04 16:27:46,2024-03-04 16:47:03,19.0
52362,Amsterdam-Utrecht; Amsterdam-Gouda,"Amsterdam Centraal - Utrecht Centraal, Amsterdam Centraal - Woerden","136,141","Amsterdam Amstel,Amsterdam Bijlmer ArenA,Amsterdam Centraal,Amsterdam Muiderpoort,Duivendrecht","ASA, ASB, ASD, ASDM, DVD",defecte trein,broken down train,defecte trein,broken down train,rolling stock,2024-03-05 11:44:19,2024-03-05 12:04:28,20.0
52364,Dordrecht-Breda; Dordrecht-Roosendaal,"Breda - Dordrecht, Dordrecht - Roosendaal","170,171","Dordrecht,Dordrecht Zuid,Lage Zwaluwe","DDR, DDZD, ZLW",defect spoor,defective railway track,defect spoor,defective railway track,infrastructure,2024-03-05 12:20:42,2024-03-05 14:42:33,142.0
52365,Rotterdam-Dordrecht,Dordrecht - Rotterdam Centraal,16,"Barendrecht,Dordrecht,Rotterdam Lombardijen,Rotterdam Blaak,Rotterdam Centraal,Rotterdam Stadion,Rotterdam Zuid,Zwijndrecht","BRD, DDR, RLB, RTB, RTD, RTST, RTZ, ZWD",defect spoor,defective railway track,defect spoor,defective railway track,infrastructure,2024-03-05 12:23:10,2024-03-05 14:40:54,138.0
52366,Amsterdam-Haarlem,Amsterdam Centraal - Haarlem,112,"Amsterdam Sloterdijk,Haarlem,Haarlem Spaarnwoude,Halfweg-Zwanenburg","ASS, HLM, HLMS, HWZB",seinstoring,signal failure,seinstoring,signal failure,infrastructure,2024-03-05 13:09:04,2024-03-05 13:30:18,21.0
52371,Amsterdam-Schiphol,Amsterdam Centraal - Schiphol Airport,32,"Amsterdam Centraal,Amsterdam Lelylaan,Amsterdam Sloterdijk,Schiphol Airport","ASD, ASDL, ASS, SHL",defecte trein,broken down train,defecte trein,broken down train,rolling stock,2024-03-05 22:22:19,2024-03-05 22:36:34,14.0
52375,Amsterdam-Schiphol,"Amsterdam Centraal - Schiphol Airport, Schiphol Airport - Zaandam","32,165","Amsterdam Lelylaan,Amsterdam Sloterdijk,Schiphol Airport","ASDL, ASS, SHL",defecte trein,broken down train,defecte trein,broken down train,rolling stock,2024-03-06 09:24:01,2024-03-06 09:49:14,25.0
52376,Amsterdam-Utrecht; Amsterdam-Gouda,"Amsterdam Centraal - Utrecht Centraal, Amsterdam Centraal - Woerden","136,141","Abcoude,Amsterdam Amstel,Amsterdam Bijlmer ArenA,Amsterdam Centraal,Amsterdam Muiderpoort,Amsterdam Holendrecht,Breukelen,Duivendrecht,Maarssen","AC, ASA, ASB, ASD, ASDM, ASHD, BKL, DVD, MAS",seinstoring,signal failure,seinstoring,signal failure,infrastructure,2024-03-06 11:13:35,2024-03-06 14:16:49,183.0
52388,Dordrecht-Geldermalsen,Dordrecht - Geldermalsen,55,"Dordrecht Stadspolders,Sliedrecht,Sliedrecht Baanhoek","DDRS, SDT, SDTB",defecte trein,broken down train,defecte trein,broken down train,rolling stock,2024-03-07 06:46:44,2024-03-07 09:12:09,145.0
52391,Den Haag-Rotterdam-Dordrecht,Dordrecht - Rotterdam Centraal,16,"Barendrecht,Dordrecht,Rotterdam Lombardijen,Rotterdam Blaak,Rotterdam Centraal,Rotterdam Stadion,Rotterdam Zuid,Zwijndrecht","BRD, DDR, RLB, RTB, RTD, RTST, RTZ, ZWD",defecte trein,broken down train,defecte trein,broken down train,rolling stock,2024-03-07 10:07:01,2024-03-07 10:42:48,36.0
52401,Utrecht-Rotterdam,Rotterdam Centraal - Utrecht Centraal,142,"Capelle Schollevaar,Gouda,Gouda Goverwelle,Nieuwerkerk a/d IJssel,Rotterdam Alexander,Rotterdam Centraal,Rotterdam Noord,Utrecht Centraal,Utrecht Terwijde,Vleuten,Woerden,Utrecht Leidsche Rijn","CPS, GD, GDG, NWK, RTA, RTD, RTN, UT, UTT, VTN, WD, UTLR",defecte trein,broken down train,defecte trein,broken down train,rolling stock,2024-03-07 17:49:18,2024-03-07 18:12:03,23.0
52435,Amsterdam-Schiphol-Leiden; Leiden-Duivendrecht-Lelystad,Leiden Centraal - Schiphol Airport,22,"Hoofddorp,Leiden Centraal,Nieuw Vennep,Sassenheim","HFD, LEDN, NVP, SSH",defecte trein,broken down train,defecte trein,broken down train,rolling stock,2024-03-09 18:32:02,2024-03-09 19:03:30,31.0
52437,Amsterdam-Zaandam-Alkmaar,Alkmaar - Amsterdam Centraal,161,"Krommenie-Assendelft,Uitgeest,Wormerveer,Zaandam,Koog aan de Zaan,Zaandijk Zaanse Schans","KMA, UTG, WM, ZD, KZ, ZZS",seinstoring,signal failure,seinstoring,signal failure,infrastructure,2024-03-10 07:46:59,2024-03-10 09:28:36,102.0
52438,Amsterdam-Utrecht,"Amsterdam Centraal - Utrecht Centraal, Amsterdam Centraal - Woerden","136,141","Abcoude,Amsterdam Amstel,Amsterdam Bijlmer ArenA,Amsterdam Centraal,Amsterdam Muiderpoort,Amsterdam Holendrecht,Breukelen,Duivendrecht","AC, ASA, ASB, ASD, ASDM, ASHD, BKL, DVD",seinstoring,signal failure,seinstoring,signal failure,infrastructure,2024-03-10 07:55:57,2024-03-10 08:06:58,11.0
52446,Amsterdam-Gouda; Breukelen-Rotterdam,"Amsterdam Centraal - Utrecht Centraal, Amsterdam Centraal - Woerden","136,141","Abcoude,Amsterdam Amstel,Amsterdam Bijlmer ArenA,Amsterdam Centraal,Amsterdam Muiderpoort,Amsterdam Holendrecht,Breukelen,Duivendrecht,Woerden","AC, ASA, ASB, ASD, ASDM, ASHD, BKL, DVD, WD",defecte trein,broken down train,defecte trein,broken down train,rolling stock,2024-03-10 18:31:32,2024-03-10 21:05:27,154.0
52448,Gouda-Den Haag,Den Haag Centraal - Utrecht Centraal,143,"Den Haag Ypenburg,Zoetermeer","YPB, ZTM",defecte trein,broken down train,defecte trein,broken down train,rolling stock,2024-03-11 06:04:31,2024-03-11 06:24:07,20.0
52449,Utrecht-Almere,Almere Oostvaarders - Utrecht Centraal,149,"Almere Centrum,Almere Muziekwijk,Naarden-Bussum,Weesp,Almere Poort","ALM, ALMM, NDB, WP, AMPO",defecte trein,broken down train,defecte trein,broken down train,rolling stock,2024-03-11 07:07:29,2024-03-11 07:19:43,12.0
52453,Rotterdam-Dordrecht; Dordrecht-Roosendaal,"Dordrecht - Roosendaal, Dordrecht - Rotterdam Centraal","16,171","Barendrecht,Dordrecht,Dordrecht Zuid,Oudenbosch,Rotterdam Lombardijen,Roosendaal,Rotterdam Blaak,Rotterdam Centraal,Rotterdam Stadion,Rotterdam Zuid,Lage Zwaluwe,Zevenbergen,Zwijndrecht","BRD, DDR, DDZD, ODB, RLB, RSD, RTB, RTD, RTST, RTZ, ZLW, ZVB, ZWD",gestrande trein,stranded train,gestrande trein,stranded train,rolling stock,2024-03-11 09:43:32,2024-03-11 12:31:32,168.0
52457,Hoofddorp-Schiphol-Hilversum,"Amersfoort - Schiphol Airport, Lelystad Centrum - Schiphol Airport, Schiphol Airport - Utrecht Centraal","137,144,148","Amsterdam Zuid,Schiphol Airport","ASDZ, SHL",seinstoring,signal failure,seinstoring,signal failure,infrastructure,2024-03-11 11:42:53,2024-03-11 11:46:10,3.0
52462,Utrecht-Breukelen,"Amsterdam Centraal - Utrecht Centraal, Schiphol Airport - Utrecht Centraal","136,137","Breukelen,Maarssen,Utrecht Centraal,Utrecht Zuilen","BKL, MAS, UT, UTZL",defecte trein,broken down train,defecte trein,broken down train,rolling stock,2024-03-12 12:02:00,2024-03-12 12:17:02,15.0
52470,Rotterdam-Dordrecht,Dordrecht - Rotterdam Centraal,16,"Barendrecht,Dordrecht,Rotterdam Lombardijen,Rotterdam Blaak,Rotterdam Centraal,Rotterdam Stadion,Rotterdam Zuid,Zwijndrecht","BRD, DDR, RLB, RTB, RTD, RTST, RTZ, ZWD",defecte trein,broken down train,defecte trein,broken down train,rolling stock,2024-03-12 17:37:40,2024-03-12 17:38:01,0.0
52471,Schiphol-Utrecht,"Amsterdam Centraal - Utrecht Centraal, Amsterdam Centraal - Woerden, Schiphol Airport - Utrecht Centraal","136,137,141","Abcoude,Amsterdam Bijlmer ArenA,Amsterdam Holendrecht,Breukelen","AC, ASB, ASHD, BKL",defecte trein,broken down train,defecte trein,broken down train,rolling stock,2024-03-12 18:35:29,2024-03-12 18:40:06,5.0
52474,Utrecht-Hilversum-Weesp; Utrecht-Almere,"Almere Oostvaarders - Utrecht Centraal, Amersfoort - Amsterdam Centraal, Amersfoort - Schiphol Airport","135,148,149","Almere Centrum,Almere Muziekwijk,Bussum Zuid,Hilversum,Naarden-Bussum,Weesp,Almere Poort,Hilversum Media Park","ALM, ALMM, BSMZ, HVS, NDB, WP, AMPO, HVSM",seinstoring,signal failure,seinstoring,signal failure,infrastructure,2024-03-12 20:32:09,2024-03-12 22:25:26,113.0
52475,Rotterdam-Gouda,Rotterdam Centraal - Utrecht Centraal,142,"Capelle Schollevaar,Gouda,Nieuwerkerk a/d IJssel,Rotterdam Alexander,Rotterdam Centraal,Rotterdam Noord","CPS, GD, NWK, RTA, RTD, RTN",defecte trein,broken down train,defecte trein,broken down train,rolling stock,2024-03-13 00:00:48,2024-03-13 00:28:58,28.0
52479,Utrecht-Den Haag,Den Haag Centraal - Utrecht Centraal,143,"Gouda,Gouda Goverwelle,Den Haag Centraal,Utrecht Centraal,Utrecht Terwijde,Voorburg,Vleuten,Woerden,Den Haag Ypenburg,Zoetermeer,Zoetermeer Oost,Utrecht Leidsche Rijn,Lansingerland-Zoetermeer","GD, GDG, GVC, UT, UTT, VB, VTN, WD, YPB, ZTM, ZTMO, UTLR, LLZM",defect spoor,defective railway track,defect spoor,defective railway track,infrastructure,2024-03-13 10:14:27,2024-03-13 13:04:07,170.0
52480,Utrecht-Rotterdam,Rotterdam Centraal - Utrecht Centraal,142,"Capelle Schollevaar,Gouda,Gouda Goverwelle,Nieuwerkerk a/d IJssel,Rotterdam Alexander,Rotterdam Centraal,Rotterdam Noord,Utrecht Centraal,Utrecht Terwijde,Vleuten,Woerden,Utrecht Leidsche Rijn","CPS, GD, GDG, NWK, RTA, RTD, RTN, UT, UTT, VTN, WD, UTLR",defect spoor,defective railway track,defect spoor,defective railway track,infrastructure,2024-03-13 10:18:53,2024-03-13 13:04:02,165.0
52497,Utrecht-Amersfoort,"Almere Oostvaarders - Utrecht Centraal, Amersfoort - Utrecht Centraal, Baarn - Utrecht Centraal, Hilversum - Utrecht Centraal","40,44,134,149","Utrecht Centraal,Utrecht Overvecht","UT, UTO",defecte trein,broken down train,defecte trein,broken down train,rolling stock,2024-03-14 10:38:46,2024-03-14 10:45:03,6.0
52500,Utrecht-Rotterdam,Rotterdam Centraal - Utrecht Centraal,142,"Capelle Schollevaar,Gouda,Gouda Goverwelle,Nieuwerkerk a/d IJssel,Rotterdam Alexander,Rotterdam Centraal,Rotterdam Noord,Utrecht Centraal,Utrecht Terwijde,Vleuten,Woerden,Utrecht Leidsche Rijn","CPS, GD, GDG, NWK, RTA, RTD, RTN, UT, UTT, VTN, WD, UTLR",defecte trein,broken down train,defecte trein,broken down train,rolling stock,2024-03-14 14:19:47,2024-03-14 14:50:00,30.0
52503,Utrecht-Spoorwegmuseum,"Almere Oostvaarders - Utrecht Centraal, Amersfoort - Utrecht Centraal, Baarn - Utrecht Centraal, Hilversum - Utrecht Centraal","40,44,134,149","Utrecht Centraal,Utrecht Overvecht","UT, UTO",defecte trein,broken down train,defecte trein,broken down train,rolling stock,2024-03-14 15:30:37,2024-03-14 15:41:04,10.0
52504,Utrecht-Amersfoort Schothorst,Amersfoort - Utrecht Centraal,134,"Amersfoort Centraal,Bilthoven,Den Dolder,Utrecht Centraal,Utrecht Overvecht","AMF, BHV, DLD, UT, UTO",seinstoring,signal failure,seinstoring,signal failure,infrastructure,2024-03-14 16:12:13,2024-03-14 19:48:28,216.0
52508,Amsterdam-Uitgeest,Alkmaar - Amsterdam Centraal,161,"Zaandam,Koog aan de Zaan,Zaandijk Zaanse Schans","ZD, KZ, ZZS",defecte trein,broken down train,defecte trein,broken down train,rolling stock,2024-03-14 17:23:14,2024-03-14 17:31:00,8.0
52510,Amsterdam-Uitgeest,Alkmaar - Amsterdam Centraal,161,"Amsterdam Centraal,Amsterdam Sloterdijk,Krommenie-Assendelft,Uitgeest,Wormerveer,Zaandam,Koog aan de Zaan,Zaandijk Zaanse Schans","ASD, ASS, KMA, UTG, WM, ZD, KZ, ZZS",gestrande trein,stranded train,gestrande trein,stranded train,rolling stock,2024-03-14 18:00:39,2024-03-14 18:58:07,57.0
52516,Utrecht-Woerden,"Den Haag Centraal - Utrecht Centraal, Leiden Centraal - Utrecht Centraal, Rotterdam Centraal - Utrecht Centraal","142,143,147","Utrecht Centraal,Utrecht Terwijde,Vleuten,Woerden,Utrecht Leidsche Rijn","UT, UTT, VTN, WD, UTLR",defecte trein,broken down train,defecte trein,broken down train,rolling stock,2024-03-15 08:42:26,2024-03-15 08:57:38,15.0
52524,Utrecht-Rotterdam; Utrecht-Den Haag,"Den Haag Centraal - Utrecht Centraal, Rotterdam Centraal - Utrecht Centraal","142,143","Gouda Goverwelle,Utrecht Centraal,Utrecht Terwijde,Vleuten,Woerden,Utrecht Leidsche Rijn","GDG, UT, UTT, VTN, WD, UTLR",defecte trein,broken down train,defecte trein,broken down train,rolling stock,2024-03-15 20:59:25,2024-03-16 00:29:02,210.0
52535,Amsterdam-Utrecht,"Amsterdam Centraal - Utrecht Centraal, Amsterdam Centraal - Woerden","136,141","Amsterdam Amstel,Amsterdam Centraal,Amsterdam Muiderpoort,Duivendrecht","ASA, ASD, ASDM, DVD",defecte trein,broken down train,defecte trein,broken down train,rolling stock,2024-03-16 21:07:58,2024-03-16 21:08:12,0.0
52549,Den Haag-Rotterdam; Leiden-Rotterdam,Den Haag HS - Rotterdam Centraal,11,"Delft,Delft Campus,Den Haag HS,Den Haag Moerwijk,Rijswijk,Schiedam Centrum","DT, DTCP, GV, GVMW, RSW, SDM",defecte trein,broken down train,defecte trein,broken down train,rolling stock,2024-03-17 20:42:07,2024-03-17 21:10:27,28.0
52568,Dordrecht-Geldermalsen,Dordrecht - Geldermalsen,55,"Beesd,Leerdam","BSD, LDM",seinstoring,signal failure,seinstoring,signal failure,infrastructure,2024-03-18 20:33:11,2024-03-18 21:40:09,67.0
52572,Den Haag-Rotterdam-Dordrecht,"Den Haag Centraal - Den Haag HS, Den Haag HS - Rotterdam Centraal, Dordrecht - Rotterdam Centraal","10,11,16","Barendrecht,Dordrecht,Delft,Delft Campus,Den Haag HS,Den Haag Centraal,Den Haag Moerwijk,Rotterdam Lombardijen,Rijswijk,Rotterdam Blaak,Rotterdam Centraal,Rotterdam Stadion,Rotterdam Zuid,Schiedam Centrum,Zwijndrecht","BRD, DDR, DT, DTCP, GV, GVC, GVMW, RLB, RSW, RTB, RTD, RTST, RTZ, SDM, ZWD",defecte trein,broken down train,defecte trein,broken down train,rolling stock,2024-03-18 22:16:21,2024-03-18 22:40:14,24.0
52573,Schiphol-Leiden,Leiden Centraal - Schiphol Airport,22,"Hoofddorp,Leiden Centraal,Nieuw Vennep,Sassenheim","HFD, LEDN, NVP, SSH",defecte trein,broken down train,defecte trein,broken down train,rolling stock,2024-03-18 22:16:24,2024-03-18 22:26:38,10.0
52575,Amsterdam-Utrecht-Eindhoven Centraal,"'s-Hertogenbosch - Eindhoven, 's-Hertogenbosch - Utrecht Centraal, Amsterdam Centraal - Utrecht Centraal","136,151,153","Abcoude,Amsterdam Amstel,Amsterdam Bijlmer ArenA,Amsterdam Centraal,Amsterdam Muiderpoort,Amsterdam Holendrecht,Best,Breukelen,Boxtel,Culemborg,Duivendrecht,Eindhoven Centraal,Geldermalsen,'s-Hertogenbosch,Houten,Houten Castellum,Maarssen,Utrecht Centraal,Utrecht Zuilen,Vught,Zaltbommel,Eindhoven Strijp-S,Utrecht Lunetten,Utrecht Vaartsche Rijn","AC, ASA, ASB, ASD, ASDM, ASHD, BET, BKL, BTL, CL, DVD, EHV, GDM, HT, HTN, HTNC, MAS, UT, UTZL, VG, ZBM, EHS, UTLN, UTVR",defect spoor,defective railway track,defect spoor,defective railway track,infrastructure,2024-03-19 03:31:19,2024-03-19 20:28:07,1017.0
52576,Utrecht-Rotterdam,Rotterdam Centraal - Utrecht Centraal,142,"Capelle Schollevaar,Gouda,Gouda Goverwelle,Nieuwerkerk a/d IJssel,Rotterdam Alexander,Rotterdam Centraal,Rotterdam Noord,Utrecht Centraal,Utrecht Terwijde,Vleuten,Woerden,Utrecht Leidsche Rijn","CPS, GD, GDG, NWK, RTA, RTD, RTN, UT, UTT, VTN, WD, UTLR",defecte trein,broken down train,defecte trein,broken down train,rolling stock,2024-03-19 05:53:45,2024-03-19 06:39:26,46.0
52577,Utrecht-Hilversum,"Almere Oostvaarders - Utrecht Centraal, Hilversum - Utrecht Centraal","40,149","Hollandsche Rading,Hilversum,Hilversum Sportpark,Utrecht Overvecht","HOR, HVS, HVSP, UTO",defecte trein,broken down train,defecte trein,broken down train,rolling stock,2024-03-19 06:13:55,2024-03-19 06:21:16,7.0
52583,Rotterdam-Dordrecht,Dordrecht - Rotterdam Centraal,16,"Barendrecht,Dordrecht,Rotterdam Lombardijen,Rotterdam Blaak,Rotterdam Centraal,Rotterdam Stadion,Rotterdam Zuid,Zwijndrecht","BRD, DDR, RLB, RTB, RTD, RTST, RTZ, ZWD",defecte trein,broken down train,defecte trein,broken down train,rolling stock,2024-03-19 12:01:24,2024-03-19 12:03:03,2.0
52586,Dordrecht-Breda,"Breda - Dordrecht, Dordrecht - Roosendaal","170,171","Dordrecht,Dordrecht Zuid,Lage Zwaluwe","DDR, DDZD, ZLW",defecte trein,broken down train,defecte trein,broken down train,rolling stock,2024-03-19 15:21:19,2024-03-19 15:31:41,10.0
52589,Den Haag-Rotterdam; Leiden-Rotterdam,Den Haag HS - Rotterdam Centraal,11,"Delft,Delft Campus,Den Haag HS,Den Haag Moerwijk,Rijswijk,Schiedam Centrum","DT, DTCP, GV, GVMW, RSW, SDM",defecte trein,broken down train,defecte trein,broken down train,rolling stock,2024-03-19 18:38:11,2024-03-19 19:14:39,36.0
52606,Hilversum-Amersfoort,"Amersfoort - Amsterdam Centraal, Amersfoort - Schiphol Airport","135,148","Amersfoort Centraal,Baarn,Hilversum","AMF, BRN, HVS",defecte trein,broken down train,defecte trein,broken down train,rolling stock,2024-03-20 15:32:04,2024-03-20 15:39:19,7.0
52608,Dordrecht-Geldermalsen,Dordrecht - Geldermalsen,55,"Arkel,Gorinchem,Leerdam","AKL, GR, LDM",defecte spoorbrug,damaged railway bridge,defecte spoorbrug,damaged railway bridge,infrastructure,2024-03-20 16:29:39,2024-03-20 18:42:18,133.0
52609,Hilversum-Amersfoort,"Amersfoort - Amsterdam Centraal, Amersfoort - Schiphol Airport","135,148","Amersfoort Centraal,Baarn","AMF, BRN",defecte trein,broken down train,defecte trein,broken down train,rolling stock,2024-03-20 17:48:19,2024-03-20 18:14:22,26.0
52622,Dordrecht-Roosendaal,Dordrecht - Roosendaal,171,"Dordrecht,Dordrecht Zuid,Oudenbosch,Roosendaal,Lage Zwaluwe,Zevenbergen","DDR, DDZD, ODB, RSD, ZLW, ZVB",seinstoring,signal failure,seinstoring,signal failure,infrastructure,2024-03-21 07:41:14,2024-03-21 09:15:28,94.0
52623,Rotterdam-Dordrecht,Dordrecht - Rotterdam Centraal,16,"Barendrecht,Dordrecht,Rotterdam Lombardijen,Rotterdam Blaak,Rotterdam Centraal,Rotterdam Stadion,Rotterdam Zuid,Zwijndrecht","BRD, DDR, RLB, RTB, RTD, RTST, RTZ, ZWD",seinstoring,signal failure,seinstoring,signal failure,infrastructure,2024-03-21 08:00:01,2024-03-21 09:15:35,76.0
52632,Amsterdam Zuid-Leiden Centraal,"Amersfoort - Schiphol Airport, Lelystad Centrum - Schiphol Airport, Schiphol Airport - Utrecht Centraal","137,144,148","Amsterdam Zuid,Schiphol Airport","ASDZ, SHL",defecte trein,broken down train,defecte trein,broken down train,rolling stock,2024-03-22 12:05:21,2024-03-22 12:29:20,24.0
52640,Amsterdam-Haarlem,Amsterdam Centraal - Haarlem,112,"Amsterdam Sloterdijk,Haarlem,Haarlem Spaarnwoude,Halfweg-Zwanenburg","ASS, HLM, HLMS, HWZB",defecte trein,broken down train,defecte trein,broken down train,rolling stock,2024-03-22 20:54:40,2024-03-22 20:59:36,5.0
52649,Utrecht-Den Haag,Den Haag Centraal - Utrecht Centraal,143,"Gouda,Gouda Goverwelle,Den Haag Centraal,Voorburg,Den Haag Ypenburg,Zoetermeer,Zoetermeer Oost,Lansingerland-Zoetermeer","GD, GDG, GVC, VB, YPB, ZTM, ZTMO, LLZM",defecte trein,broken down train,defecte trein,broken down train,rolling stock,2024-03-23 17:38:38,2024-03-23 17:45:33,7.0
52653,Utrecht-Almere,Almere Oostvaarders - Utrecht Centraal,149,"Almere Centrum,Almere Muziekwijk,Bussum Zuid,Hilversum,Naarden-Bussum,Weesp,Almere Poort,Hilversum Media Park","ALM, ALMM, BSMZ, HVS, NDB, WP, AMPO, HVSM",defecte trein,broken down train,defecte trein,broken down train,rolling stock,2024-03-24 10:16:59,2024-03-24 10:55:11,38.0
52658,Alphen a/d Rijn-Gouda,Alphen a/d Rijn - Gouda,8,"Boskoop,Gouda,Waddinxveen,Waddinxveen Noord,Boskoop Snijdelwijk,Waddinxveen Triangel","BSK, GD, WAD, WADN, BSKS, WADT",defecte trein,broken down train,defecte trein,broken down train,rolling stock,2024-03-24 18:01:47,2024-03-24 18:18:24,17.0
52661,Haarlem-Leiden,Haarlem - Leiden Centraal,23,"Heemstede-Aerdenhout,Hillegom,Haarlem,Leiden Centraal,Voorhout","HAD, HIL, HLM, LEDN, VH",defecte bovenleiding,damaged overhead wires,defecte bovenleiding,damaged overhead wires,infrastructure,2024-03-24 19:11:35,2024-03-24 19:28:39,17.0
52663,Leiden-Den Haag,Den Haag Centraal - Leiden Centraal,169,"De Vink,Den Haag Centraal,Den Haag Mariahoeve,Den Haag Laan v NOI,Leiden Centraal,Voorschoten","DVNK, GVC, GVM, LAA, LEDN, VST",defecte trein,broken down train,defecte trein,broken down train,rolling stock,2024-03-24 20:53:00,2024-03-24 21:12:10,19.0
52664,Leiden-Den Haag,Den Haag Centraal - Leiden Centraal,169,"De Vink,Den Haag Centraal,Den Haag Mariahoeve,Den Haag Laan v NOI,Leiden Centraal,Voorschoten","DVNK, GVC, GVM, LAA, LEDN, VST",defecte trein,broken down train,defecte trein,broken down train,rolling stock,2024-03-24 21:35:48,2024-03-24 22:26:06,50.0
52666,Utrecht-'s-Hertogenbosch; Utrecht-Tiel,"'s-Hertogenbosch - Utrecht Centraal, Tiel - Utrecht Centraal","150,151","Culemborg,Geldermalsen,Houten,Houten Castellum,Utrecht Centraal,Utrecht Lunetten,Utrecht Vaartsche Rijn","CL, GDM, HTN, HTNC, UT, UTLN, UTVR",defecte bovenleiding,damaged overhead wires,defecte bovenleiding,damaged overhead wires,infrastructure,2024-03-25 05:05:07,2024-03-25 08:55:56,231.0
52671,Utrecht-Arnhem; Utrecht-Rhenen,"Arnhem Centraal - Utrecht Centraal, Rhenen - Utrecht Centraal","133,166","Bunnik,Driebergen-Zeist,Utrecht Centraal,Utrecht Vaartsche Rijn","BNK, DB, UT, UTVR",defecte trein,broken down train,defecte trein,broken down train,rolling stock,2024-03-25 13:38:16,2024-03-25 14:10:00,32.0
52699,Amsterdam-Haarlem,Amsterdam Centraal - Haarlem,112,"Amsterdam Centraal,Amsterdam Sloterdijk,Haarlem,Haarlem Spaarnwoude,Halfweg-Zwanenburg","ASD, ASS, HLM, HLMS, HWZB",defecte spoorbrug,damaged railway bridge,defecte spoorbrug,damaged railway bridge,infrastructure,2024-03-26 14:52:59,2024-03-26 16:30:48,98.0
52720,Amsterdam-Utrecht,Amsterdam Centraal - Utrecht Centraal,136,"Abcoude,Amsterdam Amstel,Amsterdam Bijlmer ArenA,Amsterdam Centraal,Amsterdam Muiderpoort,Amsterdam Holendrecht,Breukelen,Duivendrecht,Maarssen,Utrecht Centraal,Utrecht Zuilen","AC, ASA, ASB, ASD, ASDM, ASHD, BKL, DVD, MAS, UT, UTZL",seinstoring,signal failure,seinstoring,signal failure,infrastructure,2024-03-27 17:40:27,2024-03-27 17:42:28,2.0
52723,Den Haag-Rotterdam,Den Haag HS - Rotterdam Centraal,11,"Delft,Delft Campus,Den Haag HS,Den Haag Moerwijk,Rijswijk,Rotterdam Centraal,Schiedam Centrum","DT, DTCP, GV, GVMW, RSW, RTD, SDM",seinstoring,signal failure,seinstoring,signal failure,infrastructure,2024-03-27 19:26:59,2024-03-27 19:41:31,15.0
52733,Den Haag-Gouda Goverwelle,"Den Haag Centraal - Utrecht Centraal, Rotterdam Centraal - Utrecht Centraal","142,143","Gouda,Gouda Goverwelle","GD, GDG",defecte trein,broken down train,defecte trein,broken down train,rolling stock,2024-03-28 08:44:25,2024-03-28 09:21:37,37.0
52734,Utrecht-Den Haag,Den Haag Centraal - Utrecht Centraal,143,"Gouda,Gouda Goverwelle,Den Haag Centraal,Utrecht Centraal,Utrecht Terwijde,Voorburg,Vleuten,Woerden,Den Haag Ypenburg,Zoetermeer,Zoetermeer Oost,Utrecht Leidsche Rijn,Lansingerland-Zoetermeer","GD, GDG, GVC, UT, UTT, VB, VTN, WD, YPB, ZTM, ZTMO, UTLR, LLZM",defecte trein,broken down train,defecte trein,broken down train,rolling stock,2024-03-28 09:11:18,2024-03-28 09:42:30,31.0
52735,Alphen a/d Rijn-Gouda,Alphen a/d Rijn - Gouda,8,"Boskoop,Gouda,Waddinxveen,Waddinxveen Noord,Boskoop Snijdelwijk,Waddinxveen Triangel","BSK, GD, WAD, WADN, BSKS, WADT",defecte trein,broken down train,defecte trein,broken down train,rolling stock,2024-03-28 09:25:09,2024-03-28 09:42:37,17.0
52741,Amsterdam-Utrecht; Amsterdam-Gouda,"Amsterdam Centraal - Utrecht Centraal, Amsterdam Centraal - Woerden","136,141","Amsterdam Amstel,Amsterdam Bijlmer ArenA,Amsterdam Centraal,Amsterdam Muiderpoort,Duivendrecht","ASA, ASB, ASD, ASDM, DVD",gestrande trein,stranded train,gestrande trein,stranded train,rolling stock,2024-03-28 16:39:06,2024-03-28 17:09:03,30.0
52745,Dordrecht-Roosendaal,Dordrecht - Roosendaal,171,"Dordrecht,Dordrecht Zuid,Oudenbosch,Roosendaal,Lage Zwaluwe,Zevenbergen","DDR, DDZD, ODB, RSD, ZLW, ZVB",gestrande trein,stranded train,gestrande trein,stranded train,rolling stock,2024-03-28 19:07:57,2024-03-28 21:23:57,136.0
52748,Amsterdam-Schiphol-Leiden; Leiden-Schiphol-Zaandam,Leiden Centraal - Schiphol Airport,22,"Hoofddorp,Leiden Centraal,Nieuw Vennep,Sassenheim","HFD, LEDN, NVP, SSH",defecte trein,broken down train,defecte trein,broken down train,rolling stock,2024-03-28 22:06:04,2024-03-28 22:16:13,10.0
52749,Leiden-Rotterdam,"Den Haag Centraal - Den Haag HS, Den Haag Centraal - Leiden Centraal, Den Haag HS - Leiden Centraal, Den Haag HS - Rotterdam Centraal","10,11,168,169","Delft,Delft Campus,De Vink,Den Haag HS,Den Haag Centraal,Den Haag Mariahoeve,Den Haag Moerwijk,Den Haag Laan v NOI,Leiden Centraal,Rijswijk,Rotterdam Centraal,Schiedam Centrum,Voorschoten","DT, DTCP, DVNK, GV, GVC, GVM, GVMW, LAA, LEDN, RSW, RTD, SDM, VST",defecte trein,broken down train,defecte trein,broken down train,rolling stock,2024-03-28 22:06:33,2024-03-28 22:16:22,10.0
52761,Amsterdam-Utrecht; Amsterdam-Gouda,"Amsterdam Centraal - Utrecht Centraal, Amsterdam Centraal - Woerden","136,141","Amsterdam Amstel,Amsterdam Bijlmer ArenA,Amsterdam Centraal,Amsterdam Muiderpoort,Duivendrecht","ASA, ASB, ASD, ASDM, DVD",defecte trein,broken down train,defecte trein,broken down train,rolling stock,2024-03-29 17:00:18,2024-03-29 17:52:57,53.0
52762,Amsterdam-Enkhuizen,"Amsterdam Centraal - Hoorn, Enkhuizen - Hoorn","119,164","Amsterdam Centraal,Amsterdam Sloterdijk,Bovenkarspel Flora,Bovenkarspel-Grootebroek,Enkhuizen,Hoogkarspel,Hoorn,Hoorn Kersenboogerd,Purmerend Overwhere,Purmerend,Purmerend Weidevenne,Zaandam,Zaandam Kogerveld","ASD, ASS, BKF, BKG, EKZ, HKS, HN, HNK, PMO, PMR, PMW, ZD, ZDK",defecte trein,broken down train,defecte trein,broken down train,rolling stock,2024-03-29 17:30:56,2024-03-29 17:52:52,22.0
52765,Amsterdam-Gouda,Amsterdam Centraal - Woerden,141,"Breukelen,Gouda Goverwelle,Woerden","BKL, GDG, WD",defect spoor,defective railway track,defect spoor,defective railway track,infrastructure,2024-03-29 20:08:34,2024-03-29 20:47:18,39.0
52772,Haarlem-Alkmaar,Haarlem - Uitgeest,111,"Bloemendaal,Beverwijk,Driehuis,Heemskerk,Haarlem,Santpoort Noord,Santpoort Zuid,Uitgeest","BLL, BV, DRH, HK, HLM, SPTN, SPTZ, UTG",defecte trein,broken down train,defecte trein,broken down train,rolling stock,2024-03-30 16:12:01,2024-03-30 16:18:10,6.0
52777,Utrecht-Arnhem,Arnhem Centraal - Utrecht Centraal,133,"Bunnik,Driebergen-Zeist,Ede-Wageningen,Veenendaal-De Klomp,Maarn","BNK, DB, ED, KLP, MRN",defecte trein,broken down train,defecte trein,broken down train,rolling stock,2024-03-31 15:54:59,2024-03-31 16:21:24,26.0
52787,Den Haag-Rotterdam; Leiden-Rotterdam,Den Haag HS - Rotterdam Centraal,11,"Delft,Delft Campus,Den Haag HS,Den Haag Moerwijk,Rijswijk,Schiedam Centrum","DT, DTCP, GV, GVMW, RSW, SDM",defecte trein,broken down train,defecte trein,broken down train,rolling stock,2024-04-01 19:12:56,2024-04-01 21:13:22,120.0
52793,Den Haag-Rotterdam; Leiden-Rotterdam,Den Haag HS - Rotterdam Centraal,11,"Delft,Delft Campus,Den Haag HS,Den Haag Moerwijk,Rijswijk,Schiedam Centrum","DT, DTCP, GV, GVMW, RSW, SDM",gestrande trein,stranded train,gestrande trein,stranded train,rolling stock,2024-04-02 10:07:56,2024-04-02 10:44:53,37.0
52794,Den Haag-Rotterdam,Den Haag HS - Rotterdam Centraal,11,"Delft,Den Haag HS,Den Haag Moerwijk,Rijswijk","DT, GV, GVMW, RSW",defecte trein,broken down train,defecte trein,broken down train,rolling stock,2024-04-02 11:24:40,2024-04-02 11:25:37,1.0
52802,Duivendrecht,"Amersfoort - Schiphol Airport, Amsterdam Centraal - Utrecht Centraal, Amsterdam Centraal - Woerden, Lelystad Centrum - Schiphol Airport","136,141,144,148",Duivendrecht,DVD,defecte trein,broken down train,defecte trein,broken down train,rolling stock,2024-04-02 15:53:44,2024-04-02 16:13:17,20.0
52803,Utrecht-Amersfoort Schothorst,Amersfoort - Utrecht Centraal,134,"Amersfoort Centraal,Bilthoven,Den Dolder,Utrecht Centraal,Utrecht Overvecht","AMF, BHV, DLD, UT, UTO",defecte trein,broken down train,defecte trein,broken down train,rolling stock,2024-04-02 16:21:47,2024-04-02 16:39:48,18.0
52804,Den Haag-Rotterdam-Dordrecht,Dordrecht - Rotterdam Centraal,16,"Barendrecht,Dordrecht,Rotterdam Lombardijen,Rotterdam Blaak,Rotterdam Centraal,Rotterdam Stadion,Rotterdam Zuid,Zwijndrecht","BRD, DDR, RLB, RTB, RTD, RTST, RTZ, ZWD",defecte trein,broken down train,defecte trein,broken down train,rolling stock,2024-04-02 17:43:23,2024-04-02 18:10:42,27.0
52807,Den Haag-Rotterdam,Den Haag HS - Rotterdam Centraal,11,"Delft,Delft Campus,Den Haag HS,Den Haag Moerwijk,Rijswijk,Schiedam Centrum","DT, DTCP, GV, GVMW, RSW, SDM",gestrande trein,stranded train,gestrande trein,stranded train,rolling stock,2024-04-03 05:16:45,2024-04-03 08:21:44,185.0
52809,Schiphol-Leiden,Leiden Centraal - Schiphol Airport,22,"Hoofddorp,Leiden Centraal,Nieuw Vennep,Schiphol Airport,Sassenheim","HFD, LEDN, NVP, SHL, SSH",defecte trein,broken down train,defecte trein,broken down train,rolling stock,2024-04-03 08:21:07,2024-04-03 08:25:54,5.0
52811,Dordrecht-Gorinchem,Dordrecht - Geldermalsen,55,"Dordrecht,Dordrecht Stadspolders,Hardinxveld-Giessendam,Gorinchem,Sliedrecht,Boven-Hardinxveld,Sliedrecht Baanhoek,Hardinxveld Blauwe Zoom","DDR, DDRS, GND, GR, SDT, BHDV, SDTB, HBZM",defecte trein,broken down train,defecte trein,broken down train,rolling stock,2024-04-03 10:04:54,2024-04-03 10:17:15,12.0
52814,Amsterdam-Haarlem,Amsterdam Centraal - Haarlem,112,"Amsterdam Centraal,Amsterdam Sloterdijk,Haarlem,Haarlem Spaarnwoude,Halfweg-Zwanenburg","ASD, ASS, HLM, HLMS, HWZB",beschadigde spoorbrug,damaged railway bridge,beschadigde spoorbrug,damaged railway bridge,accidents,2024-04-03 11:15:37,2024-04-03 12:43:04,87.0
52816,Amsterdam Sloterdijk-Schiphol Airport,"Amsterdam Centraal - Schiphol Airport, Schiphol Airport - Zaandam","32,165","Amsterdam Lelylaan,Amsterdam Sloterdijk,Schiphol Airport","ASDL, ASS, SHL",defecte trein,broken down train,defecte trein,broken down train,rolling stock,2024-04-03 12:46:36,2024-04-03 12:52:14,6.0
52823,Alphen a/d Rijn-Gouda,Alphen a/d Rijn - Gouda,8,"Boskoop,Gouda,Waddinxveen,Waddinxveen Noord,Boskoop Snijdelwijk,Waddinxveen Triangel","BSK, GD, WAD, WADN, BSKS, WADT",defecte trein,broken down train,defecte trein,broken down train,rolling stock,2024-04-03 19:27:54,2024-04-03 20:57:40,90.0
52829,Amsterdam-Utrecht,"Amsterdam Centraal - Utrecht Centraal, Amsterdam Centraal - Woerden","136,141","Amsterdam Amstel,Duivendrecht","ASA, DVD",defecte trein,broken down train,defecte trein,broken down train,rolling stock,2024-04-04 08:42:21,2024-04-04 09:28:16,46.0
52830,Den Haag-Rotterdam; Leiden-Rotterdam,Den Haag HS - Rotterdam Centraal,11,"Delft,Delft Campus,Den Haag HS,Den Haag Moerwijk,Rijswijk,Schiedam Centrum","DT, DTCP, GV, GVMW, RSW, SDM",defecte trein,broken down train,defecte trein,broken down train,rolling stock,2024-04-04 08:45:08,2024-04-04 09:23:43,39.0
52833,Den Haag-Rotterdam,Den Haag Centraal - Den Haag HS,10,"Den Haag HS,Den Haag Centraal","GV, GVC",gestrande trein,stranded train,gestrande trein,stranded train,rolling stock,2024-04-04 09:45:38,2024-04-04 11:21:30,96.0
52840,Utrecht-Rotterdam,Rotterdam Centraal - Utrecht Centraal,142,"Capelle Schollevaar,Gouda,Gouda Goverwelle,Nieuwerkerk a/d IJssel,Rotterdam Alexander,Rotterdam Centraal,Rotterdam Noord,Utrecht Centraal,Utrecht Terwijde,Vleuten,Woerden,Utrecht Leidsche Rijn","CPS, GD, GDG, NWK, RTA, RTD, RTN, UT, UTT, VTN, WD, UTLR",defecte trein,broken down train,defecte trein,broken down train,rolling stock,2024-04-04 16:12:26,2024-04-04 16:41:36,29.0
52848,Dordrecht-Roosendaal,"Breda - Dordrecht, Dordrecht - Roosendaal","170,171","Dordrecht,Dordrecht Zuid,Lage Zwaluwe","DDR, DDZD, ZLW",defect spoor,defective railway track,defect spoor,defective railway track,infrastructure,2024-04-05 11:14:00,2024-04-05 12:19:50,66.0
52854,Alphen a/d Rijn-Gouda,Alphen a/d Rijn - Gouda,8,"Alphen a/d Rijn,Boskoop,Gouda,Waddinxveen,Waddinxveen Noord,Boskoop Snijdelwijk,Waddinxveen Triangel","APN, BSK, GD, WAD, WADN, BSKS, WADT",defecte trein,broken down train,defecte trein,broken down train,rolling stock,2024-04-05 14:50:27,2024-04-05 15:33:47,43.0
52869,Dordrecht-Geldermalsen,Dordrecht - Geldermalsen,55,"Arkel,Gorinchem,Leerdam","AKL, GR, LDM",seinstoring,signal failure,seinstoring,signal failure,infrastructure,2024-04-06 11:31:48,2024-04-06 16:34:40,303.0
52872,Alphen a/d Rijn-Gouda,Alphen a/d Rijn - Gouda,8,"Boskoop,Gouda,Waddinxveen,Waddinxveen Noord,Boskoop Snijdelwijk,Waddinxveen Triangel","BSK, GD, WAD, WADN, BSKS, WADT",defect spoor,defective railway track,defect spoor,defective railway track,infrastructure,2024-04-06 17:00:01,2024-04-06 19:30:43,151.0
52874,Utrecht-Rotterdam; Utrecht-Den Haag,"Den Haag Centraal - Utrecht Centraal, Rotterdam Centraal - Utrecht Centraal","142,143","Gouda Goverwelle,Utrecht Centraal,Utrecht Terwijde,Vleuten,Woerden,Utrecht Leidsche Rijn","GDG, UT, UTT, VTN, WD, UTLR",defecte trein,broken down train,defecte trein,broken down train,rolling stock,2024-04-06 18:52:08,2024-04-06 21:41:52,170.0
52875,Utrecht-Almere,Almere Oostvaarders - Utrecht Centraal,149,"Almere Centrum,Almere Muziekwijk,Bussum Zuid,Hilversum,Naarden-Bussum,Weesp,Almere Poort,Hilversum Media Park","ALM, ALMM, BSMZ, HVS, NDB, WP, AMPO, HVSM",defecte trein,broken down train,defecte trein,broken down train,rolling stock,2024-04-06 19:05:05,2024-04-06 19:41:14,36.0
52877,Utrecht-Baarn,Baarn - Utrecht Centraal,44,"Baarn,Soestdijk,Soest","BRN, SD, ST",defecte trein,broken down train,defecte trein,broken down train,rolling stock,2024-04-06 19:16:06,2024-04-06 19:41:11,25.0
52892,Amsterdam-Zandvoort aan Zee,Amsterdam Centraal - Haarlem,112,"Amsterdam Centraal,Amsterdam Sloterdijk,Haarlem,Haarlem Spaarnwoude,Halfweg-Zwanenburg","ASD, ASS, HLM, HLMS, HWZB",defecte trein,broken down train,defecte trein,broken down train,rolling stock,2024-04-07 23:11:47,2024-04-07 23:20:07,8.0
52894,Dordrecht-Geldermalsen,Dordrecht - Geldermalsen,55,"Hardinxveld-Giessendam,Gorinchem,Boven-Hardinxveld","GND, GR, BHDV",defecte trein,broken down train,defecte trein,broken down train,rolling stock,2024-04-08 08:13:40,2024-04-08 09:02:43,49.0
52897,Utrecht-Den Haag,Den Haag Centraal - Utrecht Centraal,143,"Gouda,Den Haag Centraal,Voorburg,Den Haag Ypenburg,Zoetermeer,Zoetermeer Oost,Lansingerland-Zoetermeer","GD, GVC, VB, YPB, ZTM, ZTMO, LLZM",defecte trein,broken down train,defecte trein,broken down train,rolling stock,2024-04-08 10:14:00,2024-04-08 11:30:54,77.0
52898,Utrecht-Rotterdam,Rotterdam Centraal - Utrecht Centraal,142,"Capelle Schollevaar,Gouda,Nieuwerkerk a/d IJssel,Rotterdam Alexander,Rotterdam Centraal,Rotterdam Noord","CPS, GD, NWK, RTA, RTD, RTN",defecte trein,broken down train,defecte trein,broken down train,rolling stock,2024-04-08 10:24:02,2024-04-08 11:30:45,67.0
52911,Rotterdam-Gouda,Rotterdam Centraal - Utrecht Centraal,142,"Capelle Schollevaar,Gouda,Nieuwerkerk a/d IJssel,Rotterdam Alexander,Rotterdam Centraal,Rotterdam Noord","CPS, GD, NWK, RTA, RTD, RTN",defecte trein,broken down train,defecte trein,broken down train,rolling stock,2024-04-08 19:07:54,2024-04-08 19:22:46,15.0
52912,Leiden-Den Haag HS,"Den Haag Centraal - Leiden Centraal, Den Haag HS - Leiden Centraal","168,169","De Vink,Den Haag Mariahoeve,Den Haag Laan v NOI,Leiden Centraal,Voorschoten","DVNK, GVM, LAA, LEDN, VST",defecte trein,broken down train,defecte trein,broken down train,rolling stock,2024-04-08 19:09:13,2024-04-08 19:15:37,6.0
52922,Amsterdam-Schiphol-Leiden; Leiden-Schiphol-Zaandam,Leiden Centraal - Schiphol Airport,22,"Hoofddorp,Leiden Centraal,Nieuw Vennep,Sassenheim","HFD, LEDN, NVP, SSH",defecte trein,broken down train,defecte trein,broken down train,rolling stock,2024-04-09 10:18:43,2024-04-09 10:29:21,11.0
52924,Amsterdam-Utrecht; Utrecht-'s-Hertogenbosch,"'s-Hertogenbosch - Utrecht Centraal, Amsterdam Centraal - Utrecht Centraal","136,151","Abcoude,Amsterdam Amstel,Amsterdam Bijlmer ArenA,Amsterdam Centraal,Amsterdam Muiderpoort,Amsterdam Holendrecht,Breukelen,Culemborg,Duivendrecht,Geldermalsen,'s-Hertogenbosch,Houten,Houten Castellum,Maarssen,Utrecht Centraal,Utrecht Zuilen,Zaltbommel,Utrecht Lunetten,Utrecht Vaartsche Rijn","AC, ASA, ASB, ASD, ASDM, ASHD, BKL, CL, DVD, GDM, HT, HTN, HTNC, MAS, UT, UTZL, ZBM, UTLN, UTVR",defecte trein,broken down train,defecte trein,broken down train,rolling stock,2024-04-09 11:25:00,2024-04-09 11:57:21,32.0
52929,Leiden-Den Haag,Den Haag Centraal - Leiden Centraal,169,"Den Haag Centraal,Den Haag Mariahoeve,Den Haag Laan v NOI","GVC, GVM, LAA",gestrande trein,stranded train,gestrande trein,stranded train,rolling stock,2024-04-10 08:30:12,2024-04-10 09:38:42,69.0
52930,Amsterdam-Haarlem,Amsterdam Centraal - Haarlem,112,"Amsterdam Centraal,Amsterdam Sloterdijk,Haarlem,Haarlem Spaarnwoude,Halfweg-Zwanenburg","ASD, ASS, HLM, HLMS, HWZB",gestrande trein,stranded train,gestrande trein,stranded train,rolling stock,2024-04-10 08:45:34,2024-04-10 09:26:26,41.0
52934,Amsterdam-Utrecht,"Amsterdam Centraal - Utrecht Centraal, Amsterdam Centraal - Woerden","136,141","Abcoude,Amsterdam Amstel,Amsterdam Bijlmer ArenA,Amsterdam Centraal,Amsterdam Muiderpoort,Amsterdam Holendrecht,Breukelen,Duivendrecht","AC, ASA, ASB, ASD, ASDM, ASHD, BKL, DVD",defecte trein,broken down train,defecte trein,broken down train,rolling stock,2024-04-10 11:59:23,2024-04-10 12:32:32,33.0
52941,Den Haag-Rotterdam,Den Haag Centraal - Den Haag HS,10,"Den Haag HS,Den Haag Centraal","GV, GVC",seinstoring,signal failure,seinstoring,signal failure,infrastructure,2024-04-10 18:00:51,2024-04-10 20:07:07,126.0
52954,Amsterdam-Utrecht; Amsterdam-Gouda,"Amsterdam Centraal - Utrecht Centraal, Amsterdam Centraal - Woerden","136,141","Amsterdam Amstel,Amsterdam Bijlmer ArenA,Amsterdam Centraal,Amsterdam Muiderpoort,Duivendrecht","ASA, ASB, ASD, ASDM, DVD",defecte trein,broken down train,defecte trein,broken down train,rolling stock,2024-04-11 13:26:32,2024-04-11 14:51:27,85.0
52956,Amsterdam-Schiphol,Amsterdam Centraal - Schiphol Airport,32,"Amsterdam Centraal,Amsterdam Lelylaan,Amsterdam Sloterdijk,Schiphol Airport","ASD, ASDL, ASS, SHL",defecte trein,broken down train,defecte trein,broken down train,rolling stock,2024-04-11 15:21:17,2024-04-11 15:33:52,13.0
52966,Amsterdam Sloterdijk-Hoorn Kersenboogerd,Amsterdam Centraal - Hoorn,164,"Purmerend Overwhere,Purmerend,Purmerend Weidevenne,Zaandam,Zaandam Kogerveld","PMO, PMR, PMW, ZD, ZDK",defecte trein,broken down train,defecte trein,broken down train,rolling stock,2024-04-12 11:54:52,2024-04-12 13:00:51,66.0
52968,Utrecht-Almere,Almere Oostvaarders - Utrecht Centraal,149,"Almere Centrum,Almere Muziekwijk,Bussum Zuid,Hilversum,Naarden-Bussum,Weesp,Almere Poort,Hilversum Media Park","ALM, ALMM, BSMZ, HVS, NDB, WP, AMPO, HVSM",defecte trein,broken down train,defecte trein,broken down train,rolling stock,2024-04-12 12:45:51,2024-04-12 13:09:08,23.0
52971,Amsterdam Sloterdijk-Schiphol Airport,"Amsterdam Centraal - Schiphol Airport, Schiphol Airport - Zaandam","32,165","Amsterdam Lelylaan,Amsterdam Sloterdijk,Schiphol Airport","ASDL, ASS, SHL",defecte trein,broken down train,defecte trein,broken down train,rolling stock,2024-04-12 15:44:05,2024-04-12 15:45:42,2.0
52976,Utrecht-Breukelen,"Amsterdam Centraal - Utrecht Centraal, Schiphol Airport - Utrecht Centraal","136,137","Breukelen,Maarssen","BKL, MAS",defecte trein,broken down train,defecte trein,broken down train,rolling stock,2024-04-12 21:49:24,2024-04-12 21:50:03,1.0
52982,Haarlem-Leiden,Haarlem - Leiden Centraal,23,"Heemstede-Aerdenhout,Hillegom,Haarlem,Leiden Centraal,Voorhout","HAD, HIL, HLM, LEDN, VH",defecte trein,broken down train,defecte trein,broken down train,rolling stock,2024-04-13 18:03:48,2024-04-13 18:07:49,4.0
53001,Amsterdam-Utrecht,"Amsterdam Centraal - Utrecht Centraal, Amsterdam Centraal - Woerden","136,141","Amsterdam Bijlmer ArenA,Duivendrecht","ASB, DVD",defecte trein,broken down train,defecte trein,broken down train,rolling stock,2024-04-15 09:17:44,2024-04-15 09:35:12,17.0
53003,Den Haag-Rotterdam; Leiden-Rotterdam,Den Haag HS - Rotterdam Centraal,11,"Delft,Delft Campus,Den Haag HS,Den Haag Moerwijk,Rijswijk,Schiedam Centrum","DT, DTCP, GV, GVMW, RSW, SDM",defecte trein,broken down train,defecte trein,broken down train,rolling stock,2024-04-15 12:22:10,2024-04-15 13:23:19,61.0
53009,Amsterdam Sloterdijk-Hoorn Kersenboogerd,Amsterdam Centraal - Hoorn,164,"Purmerend,Purmerend Weidevenne,Zaandam,Zaandam Kogerveld","PMR, PMW, ZD, ZDK",defecte spoorbrug,damaged railway bridge,defecte spoorbrug,damaged railway bridge,infrastructure,2024-04-15 16:31:22,2024-04-15 16:59:11,28.0
53010,Alphen a/d Rijn-Gouda,Alphen a/d Rijn - Gouda,8,"Alphen a/d Rijn,Boskoop,Gouda,Waddinxveen,Waddinxveen Noord,Boskoop Snijdelwijk,Waddinxveen Triangel","APN, BSK, GD, WAD, WADN, BSKS, WADT",beschadigde bovenleiding,damaged overhead wires,beschadigde bovenleiding,damaged overhead wires,infrastructure,2024-04-15 17:32:12,2024-04-15 23:04:49,333.0
53012,Amsterdam-Haarlem,Amsterdam Centraal - Haarlem,112,"Amsterdam Centraal,Amsterdam Sloterdijk,Haarlem,Haarlem Spaarnwoude,Halfweg-Zwanenburg","ASD, ASS, HLM, HLMS, HWZB",defecte trein,broken down train,defecte trein,broken down train,rolling stock,2024-04-15 20:55:26,2024-04-15 21:22:03,27.0
53017,Utrecht-Leiden,Leiden Centraal - Utrecht Centraal,147,"Leiden Lammenschans,Leiden Centraal","LDL, LEDN",defecte trein,broken down train,defecte trein,broken down train,rolling stock,2024-04-16 07:27:09,2024-04-16 10:31:51,185.0
53018,Leiden-Alphen a/d Rijn,Leiden Centraal - Utrecht Centraal,147,"Leiden Lammenschans,Leiden Centraal","LDL, LEDN",defecte trein,broken down train,defecte trein,broken down train,rolling stock,2024-04-16 07:28:50,2024-04-16 07:30:11,1.0
53019,Amsterdam-Utrecht; Amsterdam-Gouda,"Amsterdam Centraal - Utrecht Centraal, Amsterdam Centraal - Woerden","136,141","Amsterdam Amstel,Amsterdam Centraal,Amsterdam Muiderpoort,Duivendrecht","ASA, ASD, ASDM, DVD",defecte trein,broken down train,defecte trein,broken down train,rolling stock,2024-04-16 08:09:44,2024-04-16 08:39:50,30.0
53028,Utrecht-Leiden,Leiden Centraal - Utrecht Centraal,147,"Alphen a/d Rijn,Bodegraven","APN, BDG",seinstoring,signal failure,seinstoring,signal failure,infrastructure,2024-04-16 13:32:31,2024-04-16 16:25:32,173.0
53033,Amsterdam-Schiphol-Leiden; Leiden-Schiphol-Zaandam,Leiden Centraal - Schiphol Airport,22,"Hoofddorp,Leiden Centraal,Nieuw Vennep,Sassenheim","HFD, LEDN, NVP, SSH",defecte trein,broken down train,defecte trein,broken down train,rolling stock,2024-04-17 07:11:14,2024-04-17 07:29:56,19.0
53036,Utrecht-Tiel; Utrecht-Eindhoven,"'s-Hertogenbosch - Utrecht Centraal, Tiel - Utrecht Centraal","150,151","Culemborg,Geldermalsen,Houten Castellum","CL, GDM, HTNC",defecte trein,broken down train,defecte trein,broken down train,rolling stock,2024-04-17 07:48:41,2024-04-17 08:33:24,45.0
53040,Den Haag-Rotterdam-Dordrecht,"Den Haag Centraal - Den Haag HS, Den Haag HS - Rotterdam Centraal, Dordrecht - Rotterdam Centraal","10,11,16","Barendrecht,Dordrecht,Delft,Delft Campus,Den Haag HS,Den Haag Centraal,Den Haag Moerwijk,Rotterdam Lombardijen,Rijswijk,Rotterdam Blaak,Rotterdam Centraal,Rotterdam Stadion,Rotterdam Zuid,Schiedam Centrum,Zwijndrecht","BRD, DDR, DT, DTCP, GV, GVC, GVMW, RLB, RSW, RTB, RTD, RTST, RTZ, SDM, ZWD",defecte trein,broken down train,defecte trein,broken down train,rolling stock,2024-04-17 10:40:48,2024-04-17 11:01:19,21.0
53041,Schiphol-Leiden,Leiden Centraal - Schiphol Airport,22,"Hoofddorp,Leiden Centraal,Nieuw Vennep,Sassenheim","HFD, LEDN, NVP, SSH",defecte trein,broken down train,defecte trein,broken down train,rolling stock,2024-04-17 10:43:07,2024-04-17 11:01:13,18.0
53043,Den Haag-Rotterdam-Dordrecht,"Den Haag Centraal - Den Haag HS, Den Haag HS - Rotterdam Centraal, Dordrecht - Rotterdam Centraal","10,11,16","Barendrecht,Dordrecht,Delft,Delft Campus,Den Haag HS,Den Haag Centraal,Den Haag Moerwijk,Rotterdam Lombardijen,Rijswijk,Rotterdam Blaak,Rotterdam Centraal,Rotterdam Stadion,Rotterdam Zuid,Schiedam Centrum,Zwijndrecht","BRD, DDR, DT, DTCP, GV, GVC, GVMW, RLB, RSW, RTB, RTD, RTST, RTZ, SDM, ZWD",defecte trein,broken down train,defecte trein,broken down train,rolling stock,2024-04-17 11:07:40,2024-04-17 17:01:13,354.0
53044,Schiphol-Leiden,Leiden Centraal - Schiphol Airport,22,"Hoofddorp,Leiden Centraal,Nieuw Vennep,Sassenheim","HFD, LEDN, NVP, SSH",defecte trein,broken down train,defecte trein,broken down train,rolling stock,2024-04-17 11:23:56,2024-04-17 11:48:10,24.0
53045,Dordrecht-Geldermalsen,Dordrecht - Geldermalsen,55,"Dordrecht Stadspolders,Sliedrecht,Sliedrecht Baanhoek","DDRS, SDT, SDTB",defecte spoorbrug,damaged railway bridge,defecte spoorbrug,damaged railway bridge,infrastructure,2024-04-17 11:26:26,2024-04-17 13:13:52,107.0
53046,Utrecht-Leiden,Leiden Centraal - Utrecht Centraal,147,"Alphen a/d Rijn,Leiden Lammenschans","APN, LDL",seinstoring,signal failure,seinstoring,signal failure,infrastructure,2024-04-17 12:09:50,2024-04-17 14:42:58,153.0
53067,Amsterdam-Schiphol-Leiden; Leiden-Duivendrecht-Lelystad,Leiden Centraal - Schiphol Airport,22,"Hoofddorp,Leiden Centraal,Nieuw Vennep,Sassenheim","HFD, LEDN, NVP, SSH",defecte trein,broken down train,defecte trein,broken down train,rolling stock,2024-04-18 18:27:20,2024-04-18 19:14:18,47.0
53068,Utrecht-Rotterdam,Rotterdam Centraal - Utrecht Centraal,142,"Capelle Schollevaar,Gouda,Gouda Goverwelle,Nieuwerkerk a/d IJssel,Rotterdam Alexander,Rotterdam Centraal,Rotterdam Noord,Utrecht Centraal,Utrecht Terwijde,Vleuten,Woerden,Utrecht Leidsche Rijn","CPS, GD, GDG, NWK, RTA, RTD, RTN, UT, UTT, VTN, WD, UTLR",defecte trein,broken down train,defecte trein,broken down train,rolling stock,2024-04-18 18:36:15,2024-04-18 20:28:02,112.0
53069,Amsterdam-Schiphol-Leiden; Leiden-Schiphol-Zaandam,Leiden Centraal - Schiphol Airport,22,"Hoofddorp,Leiden Centraal,Nieuw Vennep,Sassenheim","HFD, LEDN, NVP, SSH",defecte trein,broken down train,defecte trein,broken down train,rolling stock,2024-04-18 19:36:38,2024-04-18 20:04:46,28.0
53071,Amsterdam-Schiphol-Rotterdam (HSL),"Den Haag Centraal - Den Haag HS, Den Haag Centraal - Leiden Centraal, Den Haag HS - Leiden Centraal, Den Haag HS - Rotterdam Centraal, Leiden Centraal - Schiphol Airport","10,11,22,168,169","Delft,Delft Campus,De Vink,Den Haag HS,Den Haag Centraal,Den Haag Mariahoeve,Den Haag Moerwijk,Hoofddorp,Den Haag Laan v NOI,Leiden Centraal,Nieuw Vennep,Rijswijk,Rotterdam Centraal,Schiedam Centrum,Voorschoten,Sassenheim","DT, DTCP, DVNK, GV, GVC, GVM, GVMW, HFD, LAA, LEDN, NVP, RSW, RTD, SDM, VST, SSH",gestrande trein,stranded train,gestrande trein,stranded train,rolling stock,2024-04-19 09:36:21,2024-04-19 09:58:05,22.0
53074,Utrecht-'s-Hertogenbosch,'s-Hertogenbosch - Utrecht Centraal,151,"Culemborg,Geldermalsen,'s-Hertogenbosch,Houten,Houten Castellum,Utrecht Centraal,Zaltbommel,Utrecht Lunetten,Utrecht Vaartsche Rijn","CL, GDM, HT, HTN, HTNC, UT, ZBM, UTLN, UTVR",defecte trein,broken down train,defecte trein,broken down train,rolling stock,2024-04-19 10:28:09,2024-04-19 10:45:42,18.0
53075,Amsterdam-Utrecht,Amsterdam Centraal - Utrecht Centraal,136,"Abcoude,Amsterdam Amstel,Amsterdam Bijlmer ArenA,Amsterdam Centraal,Amsterdam Muiderpoort,Amsterdam Holendrecht,Breukelen,Duivendrecht,Maarssen,Utrecht Centraal,Utrecht Zuilen","AC, ASA, ASB, ASD, ASDM, ASHD, BKL, DVD, MAS, UT, UTZL",defecte trein,broken down train,defecte trein,broken down train,rolling stock,2024-04-19 10:29:27,2024-04-19 10:29:44,0.0
53090,Den Haag-Rotterdam,Den Haag HS - Rotterdam Centraal,11,"Delft,Delft Campus,Rotterdam Centraal,Schiedam Centrum","DT, DTCP, RTD, SDM",voorwerp in de bovenleiding,an object in the overhead wires,voorwerp in de bovenleiding,an object in the overhead wires,external,2024-04-19 17:25:44,2024-04-19 18:53:47,88.0
53094,Amsterdam-Schiphol-Leiden,Leiden Centraal - Schiphol Airport,22,"Hoofddorp,Leiden Centraal,Nieuw Vennep,Sassenheim","HFD, LEDN, NVP, SSH",defecte bovenleiding,damaged overhead wires,defecte bovenleiding,damaged overhead wires,infrastructure,2024-04-20 09:09:55,2024-04-21 01:22:01,972.0
53096,Utrecht-Den Haag,Den Haag Centraal - Utrecht Centraal,143,"Gouda,Gouda Goverwelle,Den Haag Centraal,Voorburg,Den Haag Ypenburg,Zoetermeer,Zoetermeer Oost,Lansingerland-Zoetermeer","GD, GDG, GVC, VB, YPB, ZTM, ZTMO, LLZM",seinstoring,signal failure,seinstoring,signal failure,infrastructure,2024-04-20 12:02:47,2024-04-20 15:23:10,200.0
53113,Utrecht-Arnhem; Utrecht-Veenendaal,"Arnhem Centraal - Utrecht Centraal, Rhenen - Utrecht Centraal","133,166","Driebergen-Zeist,Maarn","DB, MRN",defecte bovenleiding,damaged overhead wires,defecte bovenleiding,damaged overhead wires,infrastructure,2024-04-22 06:06:20,2024-04-22 09:03:37,177.0
53115,Schiphol-Utrecht,Schiphol Airport - Utrecht Centraal,137,"Abcoude,Amsterdam Bijlmer ArenA,Amsterdam Zuid,Amsterdam Holendrecht,Breukelen,Duivendrecht,Maarssen,Amsterdam RAI,Schiphol Airport,Utrecht Centraal,Utrecht Zuilen","AC, ASB, ASDZ, ASHD, BKL, DVD, MAS, RAI, SHL, UT, UTZL",defecte bovenleiding,damaged overhead wires,defecte bovenleiding,damaged overhead wires,infrastructure,2024-04-22 06:11:27,2024-04-22 08:38:14,147.0
53118,Utrecht-Rotterdam,Rotterdam Centraal - Utrecht Centraal,142,"Capelle Schollevaar,Gouda,Gouda Goverwelle,Nieuwerkerk a/d IJssel,Rotterdam Alexander,Rotterdam Centraal,Rotterdam Noord,Utrecht Centraal,Utrecht Terwijde,Vleuten,Woerden,Utrecht Leidsche Rijn","CPS, GD, GDG, NWK, RTA, RTD, RTN, UT, UTT, VTN, WD, UTLR",defecte trein,broken down train,defecte trein,broken down train,rolling stock,2024-04-22 07:40:03,2024-04-22 08:33:58,54.0
53119,Utrecht-Leiden; Leiden-Alphen a/d Rijn,Leiden Centraal - Utrecht Centraal,147,"Alphen a/d Rijn,Leiden Lammenschans,Leiden Centraal","APN, LDL, LEDN",defecte trein,broken down train,defecte trein,broken down train,rolling stock,2024-04-22 07:52:47,2024-04-22 09:18:29,86.0
53125,Utrecht-'s-Hertogenbosch,'s-Hertogenbosch - Utrecht Centraal,151,"Culemborg,Geldermalsen,'s-Hertogenbosch,Houten,Houten Castellum,Utrecht Centraal,Zaltbommel,Utrecht Lunetten,Utrecht Vaartsche Rijn","CL, GDM, HT, HTN, HTNC, UT, ZBM, UTLN, UTVR",defecte trein,broken down train,defecte trein,broken down train,rolling stock,2024-04-22 18:23:58,2024-04-22 18:31:48,8.0
53126,Utrecht-Tiel,"'s-Hertogenbosch - Utrecht Centraal, Tiel - Utrecht Centraal","150,151","Culemborg,Geldermalsen,Houten,Houten Castellum","CL, GDM, HTN, HTNC",defecte trein,broken down train,defecte trein,broken down train,rolling stock,2024-04-22 18:32:14,2024-04-22 18:53:21,21.0
53127,Utrecht-Amersfoort Schothorst,Amersfoort - Utrecht Centraal,134,"Amersfoort Centraal,Bilthoven,Den Dolder,Utrecht Centraal,Utrecht Overvecht","AMF, BHV, DLD, UT, UTO",defecte trein,broken down train,defecte trein,broken down train,rolling stock,2024-04-22 18:53:22,2024-04-22 19:29:38,36.0
53130,Rotterdam-Gouda,Rotterdam Centraal - Utrecht Centraal,142,"Capelle Schollevaar,Gouda,Nieuwerkerk a/d IJssel,Rotterdam Alexander,Rotterdam Centraal,Rotterdam Noord","CPS, GD, NWK, RTA, RTD, RTN",defecte trein,broken down train,defecte trein,broken down train,rolling stock,2024-04-23 11:23:14,2024-04-23 11:39:04,16.0
53132,Amsterdam-Hoofddorp,"Alkmaar - Amsterdam Centraal, Amsterdam Centraal - Haarlem, Amsterdam Centraal - Hoorn, Amsterdam Centraal - Schiphol Airport","32,112,161,164","Amsterdam Centraal,Amsterdam Sloterdijk","ASD, ASS",defecte trein,broken down train,defecte trein,broken down train,rolling stock,2024-04-23 17:15:32,2024-04-23 17:37:27,22.0
53134,Rotterdam-Dordrecht,Dordrecht - Rotterdam Centraal,16,"Rotterdam Blaak,Rotterdam Centraal,Rotterdam Zuid","RTB, RTD, RTZ",defecte trein,broken down train,defecte trein,broken down train,rolling stock,2024-04-23 19:09:42,2024-04-23 19:11:34,2.0
53168,Amsterdam Sloterdijk-Schiphol Airport,"Amsterdam Centraal - Schiphol Airport, Schiphol Airport - Zaandam","32,165","Amsterdam Lelylaan,Amsterdam Sloterdijk,Schiphol Airport","ASDL, ASS, SHL",defecte trein,broken down train,defecte trein,broken down train,rolling stock,2024-04-25 18:36:16,2024-04-25 18:44:42,8.0
53195,Dordrecht-Geldermalsen,Dordrecht - Geldermalsen,55,"Beesd,Leerdam","BSD, LDM",seinstoring,signal failure,seinstoring,signal failure,infrastructure,2024-04-28 14:07:03,2024-04-28 15:53:27,106.0
53198,Utrecht-Tiel; Utrecht-Eindhoven,"'s-Hertogenbosch - Utrecht Centraal, Tiel - Utrecht Centraal","150,151","Culemborg,Geldermalsen,Houten Castellum","CL, GDM, HTNC",voorwerp in de bovenleiding,an object in the overhead wires,voorwerp in de bovenleiding,an object in the overhead wires,external,2024-04-28 15:26:08,2024-04-28 18:37:52,192.0
53201,Den Haag-Rotterdam; Leiden-Rotterdam,Den Haag HS - Rotterdam Centraal,11,"Delft,Delft Campus,Den Haag HS,Den Haag Moerwijk,Rijswijk,Schiedam Centrum","DT, DTCP, GV, GVMW, RSW, SDM",defecte trein,broken down train,defecte trein,broken down train,rolling stock,2024-04-29 06:50:40,2024-04-29 07:13:25,23.0
53203,Den Haag-Rotterdam,Den Haag HS - Rotterdam Centraal,11,"Delft,Delft Campus,Den Haag HS,Den Haag Moerwijk,Rijswijk,Rotterdam Centraal,Schiedam Centrum","DT, DTCP, GV, GVMW, RSW, RTD, SDM",eerdere verstoring,an earlier disruption,defecte trein,broken down train,rolling stock,2024-04-29 09:34:19,2024-04-29 19:56:05,622.0
53205,Amsterdam Zuid-Leiden Centraal,"Amersfoort - Schiphol Airport, Lelystad Centrum - Schiphol Airport, Schiphol Airport - Utrecht Centraal","137,144,148","Amsterdam Zuid,Schiphol Airport","ASDZ, SHL",defecte trein,broken down train,defecte trein,broken down train,rolling stock,2024-04-29 10:32:28,2024-04-29 11:07:31,35.0
53206,Den Haag-Rotterdam,Den Haag HS - Rotterdam Centraal,11,"Delft,Den Haag HS,Den Haag Moerwijk,Rijswijk","DT, GV, GVMW, RSW",defecte bovenleiding,damaged overhead wires,defecte bovenleiding,damaged overhead wires,infrastructure,2024-04-29 13:39:01,2024-04-29 13:55:19,16.0
53209,Leiden-Den Haag,Den Haag Centraal - Leiden Centraal,169,"De Vink,Den Haag Centraal,Den Haag Mariahoeve,Den Haag Laan v NOI,Leiden Centraal,Voorschoten","DVNK, GVC, GVM, LAA, LEDN, VST",defecte trein,broken down train,defecte trein,broken down train,rolling stock,2024-04-29 16:36:26,2024-04-29 16:49:44,13.0
53210,Utrecht-'s-Hertogenbosch; Utrecht-Tiel,"'s-Hertogenbosch - Utrecht Centraal, Tiel - Utrecht Centraal","150,151","Houten,Utrecht Centraal,Utrecht Lunetten,Utrecht Vaartsche Rijn","HTN, UT, UTLN, UTVR",defecte trein,broken down train,defecte trein,broken down train,rolling stock,2024-04-29 17:47:30,2024-04-29 18:31:05,44.0
53212,Den Haag-Rotterdam,Den Haag Centraal - Den Haag HS,10,"Den Haag HS,Den Haag Centraal","GV, GVC",defect spoor,defective railway track,defect spoor,defective railway track,infrastructure,2024-04-30 04:38:25,2024-05-01 03:44:41,1386.0
53217,Den Haag-Rotterdam-Dordrecht,Dordrecht - Rotterdam Centraal,16,"Barendrecht,Dordrecht,Rotterdam Lombardijen,Rotterdam Blaak,Rotterdam Centraal,Rotterdam Stadion,Rotterdam Zuid,Zwijndrecht","BRD, DDR, RLB, RTB, RTD, RTST, RTZ, ZWD",seinstoring,signal failure,seinstoring,signal failure,infrastructure,2024-04-30 15:25:06,2024-04-30 16:58:41,94.0
53224,Den Haag-Rotterdam; Leiden-Rotterdam,Den Haag HS - Rotterdam Centraal,11,"Delft,Delft Campus,Den Haag HS,Den Haag Moerwijk,Rijswijk,Schiedam Centrum","DT, DTCP, GV, GVMW, RSW, SDM",defecte trein,broken down train,defecte trein,broken down train,rolling stock,2024-04-30 18:50:46,2024-04-30 19:48:37,58.0
53227,Utrecht-Rotterdam,Rotterdam Centraal - Utrecht Centraal,142,"Capelle Schollevaar,Gouda,Gouda Goverwelle,Nieuwerkerk a/d IJssel,Rotterdam Alexander,Rotterdam Centraal,Rotterdam Noord,Utrecht Centraal,Utrecht Terwijde,Vleuten,Woerden,Utrecht Leidsche Rijn","CPS, GD, GDG, NWK, RTA, RTD, RTN, UT, UTT, VTN, WD, UTLR",defecte trein,broken down train,defecte trein,broken down train,rolling stock,2024-04-30 20:15:23,2024-04-30 20:55:12,40.0
53232,Den Haag-Rotterdam,Den Haag Centraal - Den Haag HS,10,"Den Haag HS,Den Haag Centraal","GV, GVC",defect spoor,defective railway track,defect spoor,defective railway track,infrastructure,2024-05-01 03:30:16,2024-05-03 22:38:11,4028.0
53242,Alphen a/d Rijn-Gouda,Alphen a/d Rijn - Gouda,8,"Alphen a/d Rijn,Boskoop","APN, BSK",gestrande trein,stranded train,gestrande trein,stranded train,rolling stock,2024-05-01 09:18:01,2024-05-01 09:55:14,37.0
53247,Rotterdam-Dordrecht,Dordrecht - Rotterdam Centraal,16,"Barendrecht,Dordrecht,Rotterdam Lombardijen,Rotterdam Blaak,Rotterdam Centraal,Rotterdam Stadion,Rotterdam Zuid,Zwijndrecht","BRD, DDR, RLB, RTB, RTD, RTST, RTZ, ZWD",seinstoring,signal failure,seinstoring,signal failure,infrastructure,2024-05-01 13:14:56,2024-05-02 01:59:02,764.0
53249,Dordrecht-Geldermalsen,Dordrecht - Geldermalsen,55,"Beesd,Leerdam","BSD, LDM",overwegstoring,level crossing failure,overwegstoring,level crossing failure,infrastructure,2024-05-01 13:19:42,2024-05-01 15:30:22,131.0
53251,Utrecht-Amersfoort; Utrecht-Hilversum; Utrecht-Baarn,"Almere Oostvaarders - Utrecht Centraal, Amersfoort - Utrecht Centraal, Baarn - Utrecht Centraal, Hilversum - Utrecht Centraal","40,44,134,149","Utrecht Centraal,Utrecht Overvecht","UT, UTO",defecte trein,broken down train,defecte trein,broken down train,rolling stock,2024-05-01 14:46:29,2024-05-01 15:00:41,14.0
53255,Utrecht-Rotterdam,Rotterdam Centraal - Utrecht Centraal,142,"Capelle Schollevaar,Gouda,Gouda Goverwelle,Nieuwerkerk a/d IJssel,Rotterdam Alexander,Rotterdam Centraal,Rotterdam Noord,Utrecht Centraal,Utrecht Terwijde,Vleuten,Woerden,Utrecht Leidsche Rijn","CPS, GD, GDG, NWK, RTA, RTD, RTN, UT, UTT, VTN, WD, UTLR",defecte trein,broken down train,defecte trein,broken down train,rolling stock,2024-05-01 17:14:56,2024-05-01 18:46:01,91.0
53265,Haarlem-Leiden,Haarlem - Leiden Centraal,23,"Heemstede-Aerdenhout,Hillegom,Haarlem,Voorhout","HAD, HIL, HLM, VH",beschadigde spoorbrug,damaged railway bridge,beschadigde spoorbrug,damaged railway bridge,accidents,2024-05-01 19:53:27,2024-05-01 22:04:04,131.0
53266,Leiden-Den Haag,Den Haag Centraal - Leiden Centraal,169,"De Vink,Den Haag Centraal,Den Haag Mariahoeve,Den Haag Laan v NOI,Leiden Centraal,Voorschoten","DVNK, GVC, GVM, LAA, LEDN, VST",beschadigde spoorbrug,damaged railway bridge,beschadigde spoorbrug,damaged railway bridge,accidents,2024-05-01 20:00:11,2024-05-01 22:03:59,124.0
53268,Utrecht-Eindhoven,'s-Hertogenbosch - Utrecht Centraal,151,"Culemborg,Geldermalsen,'s-Hertogenbosch,Houten,Houten Castellum,Utrecht Centraal,Zaltbommel,Utrecht Lunetten,Utrecht Vaartsche Rijn","CL, GDM, HT, HTN, HTNC, UT, ZBM, UTLN, UTVR",defecte trein,broken down train,defecte trein,broken down train,rolling stock,2024-05-02 08:55:01,2024-05-02 09:27:53,33.0
53269,Schiphol-Utrecht,Schiphol Airport - Utrecht Centraal,137,"Abcoude,Amsterdam Bijlmer ArenA,Amsterdam Zuid,Amsterdam Holendrecht,Breukelen,Duivendrecht,Maarssen,Amsterdam RAI,Schiphol Airport,Utrecht Centraal,Utrecht Zuilen","AC, ASB, ASDZ, ASHD, BKL, DVD, MAS, RAI, SHL, UT, UTZL",defecte trein,broken down train,defecte trein,broken down train,rolling stock,2024-05-02 09:15:21,2024-05-02 09:27:47,12.0
53270,Amsterdam-Almere; Amsterdam-Amersfoort,"Amersfoort - Amsterdam Centraal, Amsterdam Centraal - Lelystad Centrum","135,145","Amsterdam Muiderpoort,Amsterdam Science Park,Diemen,Weesp","ASDM, ASSP, DMN, WP",defecte trein,broken down train,defecte trein,broken down train,rolling stock,2024-05-02 12:56:32,2024-05-02 12:59:27,3.0
53272,Alphen a/d Rijn-Gouda,Alphen a/d Rijn - Gouda,8,"Alphen a/d Rijn,Boskoop,Gouda,Waddinxveen,Waddinxveen Noord,Boskoop Snijdelwijk,Waddinxveen Triangel","APN, BSK, GD, WAD, WADN, BSKS, WADT",defecte spoorbrug,damaged railway bridge,defecte spoorbrug,damaged railway bridge,infrastructure,2024-05-02 14:38:22,2024-05-02 15:56:42,78.0
53275,Schiphol-Utrecht,Schiphol Airport - Utrecht Centraal,137,"Amsterdam Bijlmer ArenA,Amsterdam Zuid,Duivendrecht,Amsterdam RAI,Schiphol Airport","ASB, ASDZ, DVD, RAI, SHL",seinstoring,signal failure,seinstoring,signal failure,infrastructure,2024-05-02 16:58:47,2024-05-02 19:56:40,178.0
53276,Amsterdam-Hoofddorp,"Amsterdam Centraal - Schiphol Airport, Leiden Centraal - Schiphol Airport","22,32","Amsterdam Centraal,Amsterdam Lelylaan,Amsterdam Sloterdijk,Hoofddorp,Schiphol Airport","ASD, ASDL, ASS, HFD, SHL",seinstoring,signal failure,seinstoring,signal failure,infrastructure,2024-05-02 17:16:53,2024-05-02 19:56:47,160.0
53278,Utrecht-Baarn,Baarn - Utrecht Centraal,44,"Den Dolder,Soest,Soest Zuid","DLD, ST, STZ",defecte trein,broken down train,defecte trein,broken down train,rolling stock,2024-05-02 18:52:23,2024-05-02 19:01:09,9.0
53283,Schiphol-Leiden,Leiden Centraal - Schiphol Airport,22,"Hoofddorp,Leiden Centraal,Nieuw Vennep,Schiphol Airport,Sassenheim","HFD, LEDN, NVP, SHL, SSH",defecte trein,broken down train,defecte trein,broken down train,rolling stock,2024-05-02 20:32:07,2024-05-02 21:27:04,55.0
53288,Haarlem-Leiden,Haarlem - Leiden Centraal,23,"Heemstede-Aerdenhout,Hillegom,Haarlem,Leiden Centraal,Voorhout","HAD, HIL, HLM, LEDN, VH",defecte trein,broken down train,defecte trein,broken down train,rolling stock,2024-05-03 07:36:57,2024-05-03 07:54:42,18.0
53291,Utrecht-Amersfoort,Amersfoort - Utrecht Centraal,134,"Amersfoort Centraal,Bilthoven,Den Dolder,Utrecht Centraal,Utrecht Overvecht","AMF, BHV, DLD, UT, UTO",seinstoring,signal failure,seinstoring,signal failure,infrastructure,2024-05-03 08:16:09,2024-05-03 08:20:05,4.0
53293,Dordrecht-Geldermalsen,Dordrecht - Geldermalsen,55,"Arkel,Gorinchem,Leerdam","AKL, GR, LDM",defecte trein,broken down train,defecte trein,broken down train,rolling stock,2024-05-03 09:17:43,2024-05-03 09:40:32,23.0
53294,Utrecht-Rotterdam; Utrecht-Den Haag,"Den Haag Centraal - Utrecht Centraal, Rotterdam Centraal - Utrecht Centraal","142,143","Capelle Schollevaar,Gouda,Gouda Goverwelle,Den Haag Centraal,Nieuwerkerk a/d IJssel,Rotterdam Alexander,Rotterdam Centraal,Rotterdam Noord,Utrecht Centraal,Utrecht Terwijde,Voorburg,Vleuten,Woerden,Den Haag Ypenburg,Zoetermeer,Zoetermeer Oost,Utrecht Leidsche Rijn,Lansingerland-Zoetermeer","CPS, GD, GDG, GVC, NWK, RTA, RTD, RTN, UT, UTT, VB, VTN, WD, YPB, ZTM, ZTMO, UTLR, LLZM",defecte spoorbrug,damaged railway bridge,defecte spoorbrug,damaged railway bridge,infrastructure,2024-05-03 10:47:13,2024-05-03 11:46:41,59.0
53299,Den Haag-Rotterdam,Den Haag HS - Rotterdam Centraal,11,"Delft,Den Haag HS,Den Haag Moerwijk,Rijswijk","DT, GV, GVMW, RSW",defecte trein,broken down train,defecte trein,broken down train,rolling stock,2024-05-03 21:09:22,2024-05-03 21:24:35,15.0
53307,Dordrecht-Gorinchem,Dordrecht - Geldermalsen,55,"Dordrecht,Dordrecht Stadspolders,Hardinxveld-Giessendam,Gorinchem,Sliedrecht,Boven-Hardinxveld,Sliedrecht Baanhoek,Hardinxveld Blauwe Zoom","DDR, DDRS, GND, GR, SDT, BHDV, SDTB, HBZM",defecte trein,broken down train,defecte trein,broken down train,rolling stock,2024-05-04 12:33:50,2024-05-04 13:28:18,54.0
53311,Amsterdam-Haarlem-Leiden,Haarlem - Leiden Centraal,23,"Heemstede-Aerdenhout,Hillegom,Haarlem,Leiden Centraal,Voorhout","HAD, HIL, HLM, LEDN, VH",defecte trein,broken down train,defecte trein,broken down train,rolling stock,2024-05-05 11:50:12,2024-05-05 11:58:49,9.0
53312,Den Haag-Rotterdam; Leiden-Rotterdam,Den Haag HS - Rotterdam Centraal,11,"Delft Campus,Schiedam Centrum","DTCP, SDM",defecte trein,broken down train,defecte trein,broken down train,rolling stock,2024-05-05 12:10:43,2024-05-05 12:44:32,34.0
53323,Leiden-Den Haag; Gouda-Den Haag; Gouda-Den Haag HS,"Den Haag Centraal - Den Haag HS, Den Haag Centraal - Leiden Centraal, Den Haag Centraal - Utrecht Centraal","10,143,169","Den Haag HS,Den Haag Centraal,Den Haag Laan v NOI,Voorburg,Den Haag Ypenburg,Zoetermeer","GV, GVC, LAA, VB, YPB, ZTM",defecte trein,broken down train,defecte trein,broken down train,rolling stock,2024-05-06 07:25:00,2024-05-06 07:27:10,2.0
53328,Dordrecht-Geldermalsen,Dordrecht - Geldermalsen,55,"Beesd,Geldermalsen","BSD, GDM",seinstoring,signal failure,seinstoring,signal failure,infrastructure,2024-05-06 11:14:41,2024-05-06 12:00:35,46.0
53329,Leiden-Den Haag,Den Haag Centraal - Leiden Centraal,169,"De Vink,Den Haag Centraal,Den Haag Mariahoeve,Den Haag Laan v NOI,Leiden Centraal,Voorschoten","DVNK, GVC, GVM, LAA, LEDN, VST",defecte trein,broken down train,defecte trein,broken down train,rolling stock,2024-05-06 13:40:41,2024-05-06 13:55:46,15.0
53349,Alphen a/d Rijn-Gouda,Alphen a/d Rijn - Gouda,8,"Alphen a/d Rijn,Boskoop,Gouda,Waddinxveen,Waddinxveen Noord,Boskoop Snijdelwijk,Waddinxveen Triangel","APN, BSK, GD, WAD, WADN, BSKS, WADT",defecte spoorbrug,damaged railway bridge,defecte spoorbrug,damaged railway bridge,infrastructure,2024-05-07 16:48:47,2024-05-07 17:28:20,40.0
53350,Utrecht-Gouda,"Den Haag Centraal - Utrecht Centraal, Rotterdam Centraal - Utrecht Centraal","142,143","Gouda,Gouda Goverwelle,Woerden","GD, GDG, WD",defecte trein,broken down train,defecte trein,broken down train,rolling stock,2024-05-07 18:02:32,2024-05-07 18:35:43,33.0
53356,Amsterdam-Utrecht; Amsterdam-Gouda,"Amsterdam Centraal - Utrecht Centraal, Amsterdam Centraal - Woerden, Schiphol Airport - Utrecht Centraal","136,137,141","Abcoude,Amsterdam Amstel,Amsterdam Bijlmer ArenA,Amsterdam Centraal,Amsterdam Muiderpoort,Amsterdam Holendrecht,Breukelen,Duivendrecht,Maarssen,Utrecht Centraal,Utrecht Zuilen","AC, ASA, ASB, ASD, ASDM, ASHD, BKL, DVD, MAS, UT, UTZL",gestrande trein,stranded train,gestrande trein,stranded train,rolling stock,2024-05-08 06:22:34,2024-05-08 09:26:10,184.0
53362,Amsterdam-Utrecht,"Amsterdam Centraal - Utrecht Centraal, Amsterdam Centraal - Woerden, Schiphol Airport - Utrecht Centraal","136,137,141","Abcoude,Amsterdam Holendrecht","AC, ASHD",defecte trein,broken down train,defecte trein,broken down train,rolling stock,2024-05-08 13:34:32,2024-05-08 14:28:13,54.0
53363,Schiphol-Hoofddorp,Leiden Centraal - Schiphol Airport,22,"Hoofddorp,Schiphol Airport","HFD, SHL",gestrande trein,stranded train,gestrande trein,stranded train,rolling stock,2024-05-08 14:03:47,2024-05-08 14:14:08,10.0
53368,Schiphol-Leiden,Leiden Centraal - Schiphol Airport,22,"Hoofddorp,Leiden Centraal,Nieuw Vennep,Schiphol Airport,Sassenheim","HFD, LEDN, NVP, SHL, SSH",defecte trein,broken down train,defecte trein,broken down train,rolling stock,2024-05-08 23:35:42,2024-05-08 23:46:38,11.0
53373,Schiphol-Hoofddorp,Leiden Centraal - Schiphol Airport,22,"Hoofddorp,Schiphol Airport","HFD, SHL",defecte trein,broken down train,defecte trein,broken down train,rolling stock,2024-05-09 14:35:05,2024-05-09 15:13:40,39.0
53374,Den Haag-Rotterdam,Den Haag HS - Rotterdam Centraal,11,"Delft,Delft Campus,Rotterdam Centraal,Schiedam Centrum","DT, DTCP, RTD, SDM",defecte trein,broken down train,defecte trein,broken down train,rolling stock,2024-05-09 14:56:41,2024-05-09 14:59:28,3.0
53376,Schiphol-Leiden,Leiden Centraal - Schiphol Airport,22,"Hoofddorp,Leiden Centraal,Nieuw Vennep,Schiphol Airport,Sassenheim","HFD, LEDN, NVP, SHL, SSH",defecte trein,broken down train,defecte trein,broken down train,rolling stock,2024-05-09 17:31:07,2024-05-09 18:32:19,61.0
53378,Utrecht-Den Haag,Den Haag Centraal - Utrecht Centraal,143,"Gouda,Gouda Goverwelle,Den Haag Centraal,Utrecht Centraal,Utrecht Terwijde,Voorburg,Vleuten,Woerden,Den Haag Ypenburg,Zoetermeer,Zoetermeer Oost,Utrecht Leidsche Rijn,Lansingerland-Zoetermeer","GD, GDG, GVC, UT, UTT, VB, VTN, WD, YPB, ZTM, ZTMO, UTLR, LLZM",eerdere verstoring,an earlier disruption,defecte trein,broken down train,rolling stock,2024-05-09 20:40:40,2024-05-09 22:32:28,112.0
53381,Amsterdam Sloterdijk-Schiphol Airport,"Amsterdam Centraal - Schiphol Airport, Schiphol Airport - Zaandam","32,165","Amsterdam Lelylaan,Amsterdam Sloterdijk,Schiphol Airport","ASDL, ASS, SHL",defecte trein,broken down train,defecte trein,broken down train,rolling stock,2024-05-10 09:05:48,2024-05-10 09:14:42,9.0
53385,Schiphol-Amersfoort; Amsterdam-Amersfoort,"Almere Oostvaarders - Utrecht Centraal, Amersfoort - Amsterdam Centraal, Amersfoort - Schiphol Airport","135,148,149","Bussum Zuid,Hilversum,Naarden-Bussum,Hilversum Media Park","BSMZ, HVS, NDB, HVSM",beschadigde bovenleiding,damaged overhead wires,beschadigde bovenleiding,damaged overhead wires,infrastructure,2024-05-10 22:02:05,2024-05-11 00:16:51,135.0
53386,Utrecht-Almere,"Almere Oostvaarders - Utrecht Centraal, Amersfoort - Amsterdam Centraal, Amersfoort - Schiphol Airport","135,148,149","Bussum Zuid,Hilversum,Naarden-Bussum,Hilversum Media Park","BSMZ, HVS, NDB, HVSM",beschadigde bovenleiding,damaged overhead wires,beschadigde bovenleiding,damaged overhead wires,infrastructure,2024-05-10 22:22:25,2024-05-11 00:35:52,133.0
53396,Dordrecht-Roosendaal,Dordrecht - Roosendaal,171,"Dordrecht,Dordrecht Zuid,Oudenbosch,Roosendaal,Lage Zwaluwe,Zevenbergen","DDR, DDZD, ODB, RSD, ZLW, ZVB",defecte trein,broken down train,defecte trein,broken down train,rolling stock,2024-05-11 14:39:09,2024-05-11 15:16:07,37.0
53405,Den Haag-Rotterdam,Den Haag HS - Rotterdam Centraal,11,"Rotterdam Centraal,Schiedam Centrum","RTD, SDM",seinstoring,signal failure,seinstoring,signal failure,infrastructure,2024-05-11 20:37:08,2024-05-11 21:13:05,36.0
53406,Breukelen-Utrecht-Veenendaal,"Amsterdam Centraal - Utrecht Centraal, Schiphol Airport - Utrecht Centraal","136,137","Breukelen,Maarssen","BKL, MAS",defect spoor,defective railway track,defect spoor,defective railway track,infrastructure,2024-05-11 20:40:28,2024-05-11 20:43:04,3.0
53409,Den Haag-Rotterdam,Den Haag HS - Rotterdam Centraal,11,"Rotterdam Centraal,Schiedam Centrum","RTD, SDM",seinstoring,signal failure,seinstoring,signal failure,infrastructure,2024-05-11 22:05:00,2024-05-12 00:57:56,173.0
53411,Rotterdam-Dordrecht,Dordrecht - Rotterdam Centraal,16,"Barendrecht,Dordrecht,Rotterdam Lombardijen,Rotterdam Blaak,Rotterdam Centraal,Rotterdam Stadion,Rotterdam Zuid,Zwijndrecht","BRD, DDR, RLB, RTB, RTD, RTST, RTZ, ZWD",seinstoring,signal failure,seinstoring,signal failure,infrastructure,2024-05-11 22:29:06,2024-05-12 00:51:47,143.0
53413,Den Haag-Rotterdam,Den Haag HS - Rotterdam Centraal,11,"Rotterdam Centraal,Schiedam Centrum","RTD, SDM",seinstoring,signal failure,seinstoring,signal failure,infrastructure,2024-05-12 11:39:28,2024-05-12 12:08:03,29.0
53423,Schiphol-Leiden,Leiden Centraal - Schiphol Airport,22,"Hoofddorp,Leiden Centraal,Nieuw Vennep,Schiphol Airport,Sassenheim","HFD, LEDN, NVP, SHL, SSH",defecte trein,broken down train,defecte trein,broken down train,rolling stock,2024-05-13 08:47:57,2024-05-13 09:06:45,19.0
53425,Utrecht-Rotterdam,Rotterdam Centraal - Utrecht Centraal,142,"Capelle Schollevaar,Gouda,Gouda Goverwelle,Nieuwerkerk a/d IJssel,Rotterdam Alexander,Rotterdam Centraal,Rotterdam Noord,Utrecht Centraal,Utrecht Terwijde,Vleuten,Woerden,Utrecht Leidsche Rijn","CPS, GD, GDG, NWK, RTA, RTD, RTN, UT, UTT, VTN, WD, UTLR",defecte trein,broken down train,defecte trein,broken down train,rolling stock,2024-05-13 09:35:31,2024-05-13 10:25:14,50.0
53427,Amsterdam-Schiphol-Leiden; Leiden-Schiphol-Zaandam,Leiden Centraal - Schiphol Airport,22,"Hoofddorp,Leiden Centraal,Nieuw Vennep,Sassenheim","HFD, LEDN, NVP, SSH",defecte trein,broken down train,defecte trein,broken down train,rolling stock,2024-05-13 11:05:07,2024-05-13 11:24:26,19.0
53428,Amsterdam-Amersfoort; Hoofddorp-Schiphol-Hilversum,"Amersfoort - Amsterdam Centraal, Amersfoort - Schiphol Airport","135,148","Bussum Zuid,Naarden-Bussum,Weesp","BSMZ, NDB, WP",defecte trein,broken down train,defecte trein,broken down train,rolling stock,2024-05-13 12:00:15,2024-05-13 14:23:28,143.0
53429,Utrecht-Almere,"Almere Oostvaarders - Utrecht Centraal, Amersfoort - Amsterdam Centraal, Amersfoort - Schiphol Airport","135,148,149","Bussum Zuid,Hilversum,Naarden-Bussum,Hilversum Media Park","BSMZ, HVS, NDB, HVSM",defecte trein,broken down train,defecte trein,broken down train,rolling stock,2024-05-13 12:14:14,2024-05-13 14:23:22,129.0
53440,Utrecht-Leiden,Leiden Centraal - Utrecht Centraal,147,"Alphen a/d Rijn,Bodegraven","APN, BDG",seinstoring,signal failure,seinstoring,signal failure,infrastructure,2024-05-14 05:34:50,2024-05-14 09:40:32,246.0
53445,Amsterdam-Haarlem,Amsterdam Centraal - Haarlem,112,"Amsterdam Centraal,Amsterdam Sloterdijk,Haarlem,Haarlem Spaarnwoude,Halfweg-Zwanenburg","ASD, ASS, HLM, HLMS, HWZB",beschadigde spoorbrug,damaged railway bridge,beschadigde spoorbrug,damaged railway bridge,accidents,2024-05-14 11:35:10,2024-05-14 12:10:01,35.0
53459,Den Haag-Rotterdam; Leiden-Rotterdam,Den Haag HS - Rotterdam Centraal,11,"Delft,Delft Campus,Den Haag HS,Den Haag Moerwijk,Rijswijk,Rotterdam Centraal,Schiedam Centrum","DT, DTCP, GV, GVMW, RSW, RTD, SDM",defecte trein,broken down train,defecte trein,broken down train,rolling stock,2024-05-14 18:18:17,2024-05-14 19:11:02,53.0
53460,Rotterdam-Dordrecht,Dordrecht - Rotterdam Centraal,16,"Barendrecht,Dordrecht,Rotterdam Lombardijen,Rotterdam Blaak,Rotterdam Centraal,Rotterdam Stadion,Rotterdam Zuid,Zwijndrecht","BRD, DDR, RLB, RTB, RTD, RTST, RTZ, ZWD",defecte trein,broken down train,defecte trein,broken down train,rolling stock,2024-05-14 18:18:23,2024-05-14 18:48:24,30.0
53461,Rotterdam-Dordrecht,Dordrecht - Rotterdam Centraal,16,"Barendrecht,Dordrecht,Rotterdam Lombardijen,Rotterdam Blaak,Rotterdam Centraal,Rotterdam Stadion,Rotterdam Zuid,Zwijndrecht","BRD, DDR, RLB, RTB, RTD, RTST, RTZ, ZWD",defecte trein,broken down train,defecte trein,broken down train,rolling stock,2024-05-14 18:22:43,2024-05-14 18:24:44,2.0
53462,Den Haag-Rotterdam-Breda (HSL),"Den Haag Centraal - Den Haag HS, Den Haag HS - Rotterdam Centraal","10,11","Delft,Delft Campus,Den Haag HS,Den Haag Centraal,Den Haag Moerwijk,Rijswijk,Rotterdam Centraal,Schiedam Centrum","DT, DTCP, GV, GVC, GVMW, RSW, RTD, SDM",defecte trein,broken down train,defecte trein,broken down train,rolling stock,2024-05-14 18:22:48,2024-05-14 19:01:54,39.0
53463,Dordrecht-Roosendaal,"Breda - Dordrecht, Dordrecht - Roosendaal","170,171","Dordrecht,Dordrecht Zuid,Lage Zwaluwe","DDR, DDZD, ZLW",defecte trein,broken down train,defecte trein,broken down train,rolling stock,2024-05-14 18:27:27,2024-05-14 20:37:32,130.0
53464,Amsterdam-Schiphol; Amsterdam-Haarlem; Amsterdam-Brussel-Paris (HSL),"Amsterdam Centraal - Haarlem, Amsterdam Centraal - Schiphol Airport","32,112","Amsterdam Centraal,Amsterdam Lelylaan,Amsterdam Sloterdijk,Haarlem,Haarlem Spaarnwoude,Schiphol Airport,Halfweg-Zwanenburg","ASD, ASDL, ASS, HLM, HLMS, SHL, HWZB",defecte trein,broken down train,defecte trein,broken down train,rolling stock,2024-05-14 19:15:08,2024-05-14 19:53:05,38.0
53467,Utrecht-Leiden,Leiden Centraal - Utrecht Centraal,147,"Alphen a/d Rijn,Bodegraven,Leiden Lammenschans,Leiden Centraal,Utrecht Centraal,Utrecht Terwijde,Vleuten,Woerden,Utrecht Leidsche Rijn","APN, BDG, LDL, LEDN, UT, UTT, VTN, WD, UTLR",overwegstoring,level crossing failure,overwegstoring,level crossing failure,infrastructure,2024-05-14 20:35:37,2024-05-15 03:50:09,435.0
53468,Leiden-Den Haag,Den Haag Centraal - Leiden Centraal,169,"De Vink,Den Haag Centraal,Den Haag Mariahoeve,Den Haag Laan v NOI,Leiden Centraal,Voorschoten","DVNK, GVC, GVM, LAA, LEDN, VST",overwegstoring,level crossing failure,overwegstoring,level crossing failure,infrastructure,2024-05-14 20:53:50,2024-05-14 21:01:40,8.0
53477,Haarlem-Leiden,Haarlem - Leiden Centraal,23,"Heemstede-Aerdenhout,Hillegom,Haarlem,Voorhout","HAD, HIL, HLM, VH",defect spoor,defective railway track,defect spoor,defective railway track,infrastructure,2024-05-15 11:03:45,2024-05-15 12:05:27,62.0
53478,Haarlem-Alkmaar,Haarlem - Uitgeest,111,"Bloemendaal,Beverwijk,Driehuis,Heemskerk,Haarlem,Santpoort Noord,Santpoort Zuid,Uitgeest","BLL, BV, DRH, HK, HLM, SPTN, SPTZ, UTG",defecte trein,broken down train,defecte trein,broken down train,rolling stock,2024-05-15 11:15:04,2024-05-15 11:16:52,2.0
53479,Amsterdam-Haarlem-Leiden,Haarlem - Leiden Centraal,23,"Heemstede-Aerdenhout,Hillegom,Haarlem,Voorhout","HAD, HIL, HLM, VH",defect spoor,defective railway track,defect spoor,defective railway track,infrastructure,2024-05-15 12:05:16,2024-05-15 15:37:03,212.0
53480,Leiden-Den Haag,Den Haag Centraal - Leiden Centraal,169,"De Vink,Den Haag Centraal,Den Haag Mariahoeve,Den Haag Laan v NOI,Leiden Centraal,Voorschoten","DVNK, GVC, GVM, LAA, LEDN, VST",defect spoor,defective railway track,defect spoor,defective railway track,infrastructure,2024-05-15 12:08:26,2024-05-15 15:37:12,209.0
53489,Breukelen-Utrecht-Veenendaal,"Arnhem Centraal - Utrecht Centraal, Rhenen - Utrecht Centraal","133,166","Bunnik,Driebergen-Zeist,Utrecht Centraal,Utrecht Vaartsche Rijn","BNK, DB, UT, UTVR",defect spoor,defective railway track,defect spoor,defective railway track,infrastructure,2024-05-16 10:58:18,2024-05-16 11:10:11,12.0
53493,Amsterdam-Utrecht; Utrecht-Veenendaal,"Amsterdam Centraal - Utrecht Centraal, Arnhem Centraal - Utrecht Centraal, Rhenen - Utrecht Centraal","133,136,166","Abcoude,Amsterdam Amstel,Amsterdam Bijlmer ArenA,Amsterdam Centraal,Amsterdam Muiderpoort,Amsterdam Holendrecht,Breukelen,Bunnik,Driebergen-Zeist,Duivendrecht,Maarssen,Utrecht Centraal,Utrecht Zuilen,Utrecht Vaartsche Rijn","AC, ASA, ASB, ASD, ASDM, ASHD, BKL, BNK, DB, DVD, MAS, UT, UTZL, UTVR",defect spoor,defective railway track,defect spoor,defective railway track,infrastructure,2024-05-16 13:27:12,2024-05-16 19:17:18,350.0
53495,Leiden-Duivendrecht-Lelystad,"Leiden Centraal - Schiphol Airport, Lelystad Centrum - Schiphol Airport","22,144","Almere Centrum,Almere Muziekwijk,Amsterdam Zuid,Diemen Zuid,Duivendrecht,Hoofddorp,Leiden Centraal,Nieuw Vennep,Amsterdam RAI,Schiphol Airport,Weesp,Sassenheim,Almere Poort","ALM, ALMM, ASDZ, DMNZ, DVD, HFD, LEDN, NVP, RAI, SHL, WP, SSH, AMPO",defecte trein,broken down train,defecte trein,broken down train,rolling stock,2024-05-16 16:34:52,2024-05-16 18:04:50,90.0
53497,Schiphol-Utrecht,Schiphol Airport - Utrecht Centraal,137,"Amsterdam Bijlmer ArenA,Amsterdam Zuid,Duivendrecht,Amsterdam RAI,Schiphol Airport","ASB, ASDZ, DVD, RAI, SHL",defecte trein,broken down train,defecte trein,broken down train,rolling stock,2024-05-16 16:35:45,2024-05-16 18:04:44,89.0
53515,Utrecht-Breukelen,"Amsterdam Centraal - Utrecht Centraal, Schiphol Airport - Utrecht Centraal","136,137","Breukelen,Maarssen,Utrecht Centraal,Utrecht Zuilen","BKL, MAS, UT, UTZL",defecte trein,broken down train,defecte trein,broken down train,rolling stock,2024-05-17 19:39:05,2024-05-17 19:50:19,11.0
53539,Amsterdam-Utrecht,Amsterdam Centraal - Utrecht Centraal,136,"Abcoude,Amsterdam Amstel,Amsterdam Bijlmer ArenA,Amsterdam Centraal,Amsterdam Muiderpoort,Amsterdam Holendrecht,Breukelen,Duivendrecht,Maarssen,Utrecht Centraal,Utrecht Zuilen","AC, ASA, ASB, ASD, ASDM, ASHD, BKL, DVD, MAS, UT, UTZL",defecte trein,broken down train,defecte trein,broken down train,rolling stock,2024-05-20 19:53:24,2024-05-20 20:22:04,29.0
53542,Utrecht-Arnhem,Arnhem Centraal - Utrecht Centraal,133,"Arnhem Centraal,Bunnik,Driebergen-Zeist,Ede-Wageningen,Veenendaal-De Klomp,Maarn,Oosterbeek,Utrecht Centraal,Wolfheze,Utrecht Vaartsche Rijn","AH, BNK, DB, ED, KLP, MRN, OTB, UT, WF, UTVR",seinstoring,signal failure,seinstoring,signal failure,infrastructure,2024-05-21 09:51:31,2024-05-21 11:18:28,87.0
53548,Amsterdam-Haarlem,Amsterdam Centraal - Haarlem,112,"Amsterdam Centraal,Amsterdam Sloterdijk,Haarlem,Haarlem Spaarnwoude,Halfweg-Zwanenburg","ASD, ASS, HLM, HLMS, HWZB",defecte trein,broken down train,defecte trein,broken down train,rolling stock,2024-05-21 17:35:27,2024-05-21 17:57:51,22.0
53552,Utrecht-'s-Hertogenbosch; Utrecht-Tiel,"'s-Hertogenbosch - Utrecht Centraal, Tiel - Utrecht Centraal","150,151","Culemborg,Geldermalsen,Houten Castellum","CL, GDM, HTNC",defecte trein,broken down train,defecte trein,broken down train,rolling stock,2024-05-21 21:57:33,2024-05-21 22:54:50,57.0
53559,Amsterdam-Utrecht,"Amsterdam Centraal - Utrecht Centraal, Amsterdam Centraal - Woerden","136,141","Amsterdam Amstel,Amsterdam Bijlmer ArenA,Amsterdam Centraal,Amsterdam Muiderpoort,Amsterdam Holendrecht,Duivendrecht","ASA, ASB, ASD, ASDM, ASHD, DVD",defecte trein,broken down train,defecte trein,broken down train,rolling stock,2024-05-22 08:14:54,2024-05-22 08:27:22,12.0
53575,Utrecht-Eindhoven,"'s-Hertogenbosch - Eindhoven, 's-Hertogenbosch - Utrecht Centraal","151,153","Best,Boxtel,Culemborg,Eindhoven Centraal,Geldermalsen,'s-Hertogenbosch,Houten,Houten Castellum,Utrecht Centraal,Vught,Zaltbommel,Eindhoven Strijp-S,Utrecht Lunetten,Utrecht Vaartsche Rijn","BET, BTL, CL, EHV, GDM, HT, HTN, HTNC, UT, VG, ZBM, EHS, UTLN, UTVR",defecte bovenleiding,damaged overhead wires,defecte bovenleiding,damaged overhead wires,infrastructure,2024-05-23 05:27:40,2024-05-23 18:16:14,769.0
53576,Utrecht-Leiden,Leiden Centraal - Utrecht Centraal,147,"Alphen a/d Rijn,Bodegraven,Utrecht Centraal,Utrecht Terwijde,Vleuten,Woerden,Utrecht Leidsche Rijn","APN, BDG, UT, UTT, VTN, WD, UTLR",defecte bovenleiding,damaged overhead wires,defecte bovenleiding,damaged overhead wires,infrastructure,2024-05-23 05:40:43,2024-05-23 09:17:14,217.0
53577,Utrecht-Rotterdam,Rotterdam Centraal - Utrecht Centraal,142,"Capelle Schollevaar,Gouda,Gouda Goverwelle,Nieuwerkerk a/d IJssel,Rotterdam Alexander,Rotterdam Centraal,Rotterdam Noord,Utrecht Centraal,Utrecht Terwijde,Vleuten,Woerden,Utrecht Leidsche Rijn","CPS, GD, GDG, NWK, RTA, RTD, RTN, UT, UTT, VTN, WD, UTLR",defecte bovenleiding,damaged overhead wires,defecte bovenleiding,damaged overhead wires,infrastructure,2024-05-23 05:53:35,2024-05-23 18:16:05,743.0
53579,Dordrecht-Roosendaal,"Breda - Dordrecht, Dordrecht - Roosendaal","170,171","Dordrecht,Dordrecht Zuid,Lage Zwaluwe","DDR, DDZD, ZLW",defecte bovenleiding,damaged overhead wires,defecte bovenleiding,damaged overhead wires,infrastructure,2024-05-23 08:01:33,2024-05-23 21:20:44,799.0
53584,Utrecht-Leiden,Leiden Centraal - Utrecht Centraal,147,"Alphen a/d Rijn,Bodegraven,Utrecht Centraal,Utrecht Terwijde,Vleuten,Woerden,Utrecht Leidsche Rijn","APN, BDG, UT, UTT, VTN, WD, UTLR",defecte bovenleiding,damaged overhead wires,defecte bovenleiding,damaged overhead wires,infrastructure,2024-05-23 14:11:02,2024-05-23 18:25:28,254.0
53591,Den Haag-Rotterdam-Dordrecht,"Den Haag Centraal - Den Haag HS, Den Haag HS - Rotterdam Centraal, Dordrecht - Rotterdam Centraal","10,11,16","Barendrecht,Dordrecht,Delft,Delft Campus,Den Haag HS,Den Haag Centraal,Den Haag Moerwijk,Rotterdam Lombardijen,Rijswijk,Rotterdam Blaak,Rotterdam Centraal,Rotterdam Stadion,Rotterdam Zuid,Schiedam Centrum,Zwijndrecht","BRD, DDR, DT, DTCP, GV, GVC, GVMW, RLB, RSW, RTB, RTD, RTST, RTZ, SDM, ZWD",gestrande trein,stranded train,gestrande trein,stranded train,rolling stock,2024-05-23 19:26:21,2024-05-23 20:38:11,72.0
53592,Schiphol-Leiden,Leiden Centraal - Schiphol Airport,22,"Hoofddorp,Leiden Centraal,Nieuw Vennep,Sassenheim","HFD, LEDN, NVP, SSH",gestrande trein,stranded train,gestrande trein,stranded train,rolling stock,2024-05-23 19:26:24,2024-05-23 22:56:42,210.0
53598,Utrecht-Almere,Almere Oostvaarders - Utrecht Centraal,149,"Almere Centrum,Almere Muziekwijk,Bussum Zuid,Hilversum,Naarden-Bussum,Weesp,Almere Poort,Hilversum Media Park","ALM, ALMM, BSMZ, HVS, NDB, WP, AMPO, HVSM",defecte trein,broken down train,defecte trein,broken down train,rolling stock,2024-05-24 08:28:08,2024-05-24 10:42:04,134.0
53599,Duivendrecht-Lelystad,Lelystad Centrum - Schiphol Airport,144,"Almere Centrum,Almere Muziekwijk,Diemen Zuid,Duivendrecht,Weesp,Almere Poort","ALM, ALMM, DMNZ, DVD, WP, AMPO",defecte trein,broken down train,defecte trein,broken down train,rolling stock,2024-05-24 08:33:05,2024-05-24 10:42:09,129.0
53602,Den Haag-Rotterdam,Den Haag HS - Rotterdam Centraal,11,"Delft,Den Haag HS,Den Haag Moerwijk,Rijswijk","DT, GV, GVMW, RSW",defecte trein,broken down train,defecte trein,broken down train,rolling stock,2024-05-24 10:35:17,2024-05-24 10:41:42,6.0
53604,Den Haag-Rotterdam,Den Haag HS - Rotterdam Centraal,11,"Delft,Delft Campus,Rotterdam Centraal,Schiedam Centrum","DT, DTCP, RTD, SDM",defecte trein,broken down train,defecte trein,broken down train,rolling stock,2024-05-24 13:49:25,2024-05-24 13:53:25,4.0
53622,Den Haag-Rotterdam,Den Haag HS - Rotterdam Centraal,11,"Delft,Delft Campus,Den Haag HS,Den Haag Moerwijk,Rijswijk,Rotterdam Centraal,Schiedam Centrum","DT, DTCP, GV, GVMW, RSW, RTD, SDM",defecte trein,broken down train,defecte trein,broken down train,rolling stock,2024-05-26 12:27:30,2024-05-26 12:44:23,17.0
53629,Haarlem-Alkmaar,Haarlem - Uitgeest,111,"Bloemendaal,Beverwijk,Driehuis,Haarlem,Santpoort Noord,Santpoort Zuid","BLL, BV, DRH, HLM, SPTN, SPTZ",seinstoring,signal failure,seinstoring,signal failure,infrastructure,2024-05-26 21:51:19,2024-05-26 22:22:52,32.0
53639,Amsterdam-Hilversum; Utrecht-Almere,"Almere Oostvaarders - Utrecht Centraal, Amersfoort - Amsterdam Centraal, Amersfoort - Schiphol Airport","135,148,149","Bussum Zuid,Naarden-Bussum","BSMZ, NDB",defecte trein,broken down train,defecte trein,broken down train,rolling stock,2024-05-27 12:38:35,2024-05-27 12:41:59,3.0
53640,Utrecht-Rotterdam; Utrecht-Den Haag,"Den Haag Centraal - Utrecht Centraal, Rotterdam Centraal - Utrecht Centraal","142,143","Gouda Goverwelle,Utrecht Centraal,Utrecht Terwijde,Vleuten,Woerden,Utrecht Leidsche Rijn","GDG, UT, UTT, VTN, WD, UTLR",defecte trein,broken down train,defecte trein,broken down train,rolling stock,2024-05-27 12:48:29,2024-05-27 13:27:54,39.0
53642,Utrecht-Breukelen,"Amsterdam Centraal - Utrecht Centraal, Schiphol Airport - Utrecht Centraal","136,137","Breukelen,Maarssen,Utrecht Centraal,Utrecht Zuilen","BKL, MAS, UT, UTZL",seinstoring,signal failure,seinstoring,signal failure,infrastructure,2024-05-27 13:49:54,2024-05-27 13:56:12,6.0
53643,Breukelen-Utrecht-Veenendaal,"Amsterdam Centraal - Utrecht Centraal, Arnhem Centraal - Utrecht Centraal, Rhenen - Utrecht Centraal, Schiphol Airport - Utrecht Centraal","133,136,137,166","Bunnik,Driebergen-Zeist,Maarssen,Utrecht Centraal,Utrecht Zuilen,Utrecht Vaartsche Rijn","BNK, DB, MAS, UT, UTZL, UTVR",seinstoring,signal failure,seinstoring,signal failure,infrastructure,2024-05-27 14:11:02,2024-05-27 19:29:15,318.0
53649,Amsterdam-Weesp,"Amersfoort - Amsterdam Centraal, Amsterdam Centraal - Lelystad Centrum","135,145","Amsterdam Centraal,Amsterdam Muiderpoort,Amsterdam Science Park,Diemen,Weesp","ASD, ASDM, ASSP, DMN, WP",defecte trein,broken down train,defecte trein,broken down train,rolling stock,2024-05-27 20:09:12,2024-05-27 20:11:19,2.0
53652,Amsterdam-Amersfoort; Hoofddorp-Schiphol-Hilversum,"Amersfoort - Amsterdam Centraal, Amersfoort - Schiphol Airport","135,148","Bussum Zuid,Hilversum,Naarden-Bussum,Weesp,Hilversum Media Park","BSMZ, HVS, NDB, WP, HVSM",defect wissel,defective point,defect wissel,defective point,infrastructure,2024-05-28 04:42:02,2024-05-28 20:35:06,953.0
53656,Breukelen-Utrecht-Veenendaal,"Amsterdam Centraal - Utrecht Centraal, Schiphol Airport - Utrecht Centraal","136,137","Maarssen,Utrecht Centraal,Utrecht Zuilen","MAS, UT, UTZL",seinstoring,signal failure,seinstoring,signal failure,infrastructure,2024-05-28 06:51:48,2024-05-28 08:57:36,126.0
53671,Utrecht-Amersfoort,Amersfoort - Utrecht Centraal,134,"Amersfoort Centraal,Den Dolder","AMF, DLD",defect spoor,defective railway track,defect spoor,defective railway track,infrastructure,2024-05-28 15:09:46,2024-05-28 20:35:31,326.0
53673,Den Haag-Rotterdam,Den Haag HS - Rotterdam Centraal,11,"Rotterdam Centraal,Schiedam Centrum","RTD, SDM",defect spoor,defective railway track,defect spoor,defective railway track,infrastructure,2024-05-28 15:46:19,2024-05-28 22:10:07,384.0
53677,Amsterdam-Utrecht; Utrecht-'s-Hertogenbosch,"'s-Hertogenbosch - Utrecht Centraal, Amsterdam Centraal - Utrecht Centraal","136,151","Abcoude,Amsterdam Amstel,Amsterdam Bijlmer ArenA,Amsterdam Centraal,Amsterdam Muiderpoort,Amsterdam Holendrecht,Breukelen,Culemborg,Duivendrecht,Geldermalsen,'s-Hertogenbosch,Houten,Houten Castellum,Maarssen,Utrecht Centraal,Utrecht Zuilen,Zaltbommel,Utrecht Lunetten,Utrecht Vaartsche Rijn","AC, ASA, ASB, ASD, ASDM, ASHD, BKL, CL, DVD, GDM, HT, HTN, HTNC, MAS, UT, UTZL, ZBM, UTLN, UTVR",defecte trein,broken down train,defecte trein,broken down train,rolling stock,2024-05-28 18:58:42,2024-05-28 19:35:56,37.0
53682,Den Haag-Rotterdam; Leiden-Rotterdam,Den Haag HS - Rotterdam Centraal,11,"Delft,Delft Campus,Den Haag HS,Den Haag Moerwijk,Rijswijk,Rotterdam Centraal,Schiedam Centrum","DT, DTCP, GV, GVMW, RSW, RTD, SDM",seinstoring,signal failure,seinstoring,signal failure,infrastructure,2024-05-29 06:38:04,2024-05-29 09:42:56,185.0
53691,Haarlem-Leiden,Haarlem - Leiden Centraal,23,"Heemstede-Aerdenhout,Hillegom,Haarlem,Leiden Centraal,Voorhout","HAD, HIL, HLM, LEDN, VH",defecte bovenleiding,damaged overhead wires,defecte bovenleiding,damaged overhead wires,infrastructure,2024-05-29 09:55:00,2024-05-29 10:13:30,19.0
53692,Dordrecht-Roosendaal,Dordrecht - Roosendaal,171,"Dordrecht,Dordrecht Zuid,Oudenbosch,Roosendaal,Lage Zwaluwe,Zevenbergen","DDR, DDZD, ODB, RSD, ZLW, ZVB",gestrande trein,stranded train,gestrande trein,stranded train,rolling stock,2024-05-29 10:08:51,2024-05-29 11:00:29,52.0
53696,Haarlem-Alkmaar,Haarlem - Uitgeest,111,"Bloemendaal,Beverwijk,Driehuis,Haarlem,Santpoort Noord,Santpoort Zuid","BLL, BV, DRH, HLM, SPTN, SPTZ",seinstoring,signal failure,seinstoring,signal failure,infrastructure,2024-05-29 11:52:12,2024-05-30 01:20:13,808.0
53699,Utrecht-Woerden,"Den Haag Centraal - Utrecht Centraal, Leiden Centraal - Utrecht Centraal, Rotterdam Centraal - Utrecht Centraal","142,143,147","Utrecht Terwijde,Vleuten,Utrecht Leidsche Rijn","UTT, VTN, UTLR",defecte trein,broken down train,defecte trein,broken down train,rolling stock,2024-05-29 16:39:22,2024-05-29 17:51:03,72.0
53703,Utrecht-Leiden,Leiden Centraal - Utrecht Centraal,147,"Alphen a/d Rijn,Bodegraven","APN, BDG",defecte trein,broken down train,defecte trein,broken down train,rolling stock,2024-05-29 19:02:37,2024-05-29 19:40:48,38.0
53704,Schiphol-Amersfoort; Leiden-Duivendrecht-Lelystad,"Amersfoort - Schiphol Airport, Lelystad Centrum - Schiphol Airport","144,148","Amsterdam Zuid,Diemen Zuid,Duivendrecht,Amsterdam RAI,Schiphol Airport","ASDZ, DMNZ, DVD, RAI, SHL",defecte trein,broken down train,defecte trein,broken down train,rolling stock,2024-05-29 20:22:27,2024-05-29 20:25:13,3.0
53716,Schiphol-Leiden,Leiden Centraal - Schiphol Airport,22,"Hoofddorp,Leiden Centraal,Nieuw Vennep,Schiphol Airport,Sassenheim","HFD, LEDN, NVP, SHL, SSH",defecte trein,broken down train,defecte trein,broken down train,rolling stock,2024-05-30 13:52:17,2024-05-30 13:56:48,5.0
53723,Utrecht-Leiden,Leiden Centraal - Utrecht Centraal,147,"Alphen a/d Rijn,Leiden Lammenschans","APN, LDL",defecte bovenleiding,damaged overhead wires,defecte bovenleiding,damaged overhead wires,infrastructure,2024-05-30 16:27:15,2024-05-30 19:02:07,155.0
53732,Amsterdam-Haarlem,Amsterdam Centraal - Haarlem,112,"Amsterdam Centraal,Amsterdam Sloterdijk,Haarlem,Haarlem Spaarnwoude,Halfweg-Zwanenburg","ASD, ASS, HLM, HLMS, HWZB",seinstoring,signal failure,seinstoring,signal failure,infrastructure,2024-05-31 05:55:17,2024-05-31 11:27:21,332.0
53733,Utrecht-Leiden,Leiden Centraal - Utrecht Centraal,147,"Alphen a/d Rijn,Leiden Lammenschans","APN, LDL",seinstoring,signal failure,seinstoring,signal failure,infrastructure,2024-05-31 06:06:47,2024-05-31 09:32:15,205.0
53746,Rotterdam-Dordrecht,Dordrecht - Rotterdam Centraal,16,"Barendrecht,Dordrecht,Rotterdam Lombardijen,Rotterdam Blaak,Rotterdam Centraal,Rotterdam Stadion,Rotterdam Zuid,Zwijndrecht","BRD, DDR, RLB, RTB, RTD, RTST, RTZ, ZWD",defecte spoorbrug,damaged railway bridge,defecte spoorbrug,damaged railway bridge,infrastructure,2024-05-31 19:18:33,2024-05-31 19:41:04,23.0
53750,Schiphol-Leiden,Leiden Centraal - Schiphol Airport,22,"Hoofddorp,Leiden Centraal,Nieuw Vennep,Schiphol Airport,Sassenheim","HFD, LEDN, NVP, SHL, SSH",defecte trein,broken down train,defecte trein,broken down train,rolling stock,2024-06-01 06:26:06,2024-06-01 06:30:35,4.0
53758,Amsterdam-Utrecht,"Amsterdam Centraal - Utrecht Centraal, Amsterdam Centraal - Woerden","136,141","Amsterdam Amstel,Amsterdam Muiderpoort","ASA, ASDM",defecte trein,broken down train,defecte trein,broken down train,rolling stock,2024-06-01 19:27:47,2024-06-01 19:37:34,10.0
53773,Schiphol-Leiden,Leiden Centraal - Schiphol Airport,22,"Hoofddorp,Leiden Centraal,Nieuw Vennep,Sassenheim","HFD, LEDN, NVP, SSH",seinstoring,signal failure,seinstoring,signal failure,infrastructure,2024-06-03 06:35:16,2024-06-03 12:03:18,328.0
53781,Schiphol-Utrecht,"Amersfoort - Schiphol Airport, Lelystad Centrum - Schiphol Airport, Schiphol Airport - Utrecht Centraal","137,144,148","Amsterdam Zuid,Schiphol Airport","ASDZ, SHL",seinstoring,signal failure,seinstoring,signal failure,infrastructure,2024-06-03 15:06:54,2024-06-03 17:20:32,134.0
53783,Schiphol-Utrecht,"Amersfoort - Schiphol Airport, Lelystad Centrum - Schiphol Airport, Schiphol Airport - Utrecht Centraal","137,144,148","Amsterdam Zuid,Schiphol Airport","ASDZ, SHL",seinstoring,signal failure,seinstoring,signal failure,infrastructure,2024-06-03 17:52:19,2024-06-03 21:07:02,195.0
53784,Schiphol-Utrecht,"Amersfoort - Schiphol Airport, Lelystad Centrum - Schiphol Airport, Schiphol Airport - Utrecht Centraal","137,144,148","Amsterdam Zuid,Schiphol Airport","ASDZ, SHL",seinstoring,signal failure,seinstoring,signal failure,infrastructure,2024-06-04 05:36:19,2024-06-04 09:30:42,234.0
53786,Schiphol-Utrecht,"Amersfoort - Schiphol Airport, Lelystad Centrum - Schiphol Airport, Schiphol Airport - Utrecht Centraal","137,144,148","Amsterdam Zuid,Schiphol Airport","ASDZ, SHL",seinstoring,signal failure,seinstoring,signal failure,infrastructure,2024-06-04 09:37:52,2024-06-04 11:56:09,138.0
53793,Dordrecht-Breda; Dordrecht-Roosendaal,"Breda - Dordrecht, Dordrecht - Roosendaal","170,171","Dordrecht,Dordrecht Zuid,Lage Zwaluwe","DDR, DDZD, ZLW",defecte trein,broken down train,defecte trein,broken down train,rolling stock,2024-06-04 15:27:48,2024-06-04 16:31:47,64.0
53794,Utrecht-Tiel; Utrecht-Eindhoven,"'s-Hertogenbosch - Utrecht Centraal, Tiel - Utrecht Centraal","150,151","Culemborg,Geldermalsen,Houten Castellum","CL, GDM, HTNC",defecte trein,broken down train,defecte trein,broken down train,rolling stock,2024-06-04 16:28:45,2024-06-04 17:18:56,50.0
53795,Alphen a/d Rijn-Gouda,Alphen a/d Rijn - Gouda,8,"Alphen a/d Rijn,Boskoop,Gouda,Waddinxveen,Waddinxveen Noord,Boskoop Snijdelwijk,Waddinxveen Triangel","APN, BSK, GD, WAD, WADN, BSKS, WADT",defecte spoorbrug,damaged railway bridge,defecte spoorbrug,damaged railway bridge,infrastructure,2024-06-04 16:49:18,2024-06-04 19:19:01,150.0
53803,Dordrecht-Geldermalsen,Dordrecht - Geldermalsen,55,"Arkel,Beesd,Dordrecht,Dordrecht Stadspolders,Geldermalsen,Hardinxveld-Giessendam,Gorinchem,Leerdam,Sliedrecht,Boven-Hardinxveld,Sliedrecht Baanhoek,Hardinxveld Blauwe Zoom","AKL, BSD, DDR, DDRS, GDM, GND, GR, LDM, SDT, BHDV, SDTB, HBZM",defecte trein,broken down train,defecte trein,broken down train,rolling stock,2024-06-05 07:44:17,2024-06-05 08:38:36,54.0
53806,Gouda-Den Haag,Den Haag Centraal - Utrecht Centraal,143,"Den Haag Centraal,Voorburg,Den Haag Ypenburg,Zoetermeer","GVC, VB, YPB, ZTM",seinstoring,signal failure,seinstoring,signal failure,infrastructure,2024-06-05 07:58:40,2024-06-05 08:24:39,26.0
53807,Amsterdam-Rotterdam-Brussel (HSL); Amsterdam-Rotterdam-Breda (HSL),Leiden Centraal - Schiphol Airport,22,"Hoofddorp,Schiphol Airport","HFD, SHL",defecte trein,broken down train,defecte trein,broken down train,rolling stock,2024-06-05 08:36:19,2024-06-05 08:36:29,0.0
53810,Rotterdam-Dordrecht,Dordrecht - Rotterdam Centraal,16,"Barendrecht,Dordrecht,Rotterdam Lombardijen,Rotterdam Blaak,Rotterdam Centraal,Rotterdam Stadion,Rotterdam Zuid,Zwijndrecht","BRD, DDR, RLB, RTB, RTD, RTST, RTZ, ZWD",defecte trein,broken down train,defecte trein,broken down train,rolling stock,2024-06-05 08:52:55,2024-06-05 09:37:16,44.0
53817,Rotterdam-Dordrecht,Dordrecht - Rotterdam Centraal,16,"Barendrecht,Dordrecht,Rotterdam Lombardijen,Rotterdam Blaak,Rotterdam Centraal,Rotterdam Stadion,Rotterdam Zuid,Zwijndrecht","BRD, DDR, RLB, RTB, RTD, RTST, RTZ, ZWD",defect wissel,defective point,defect wissel,defective point,infrastructure,2024-06-05 13:10:14,2024-06-05 14:12:01,62.0
53832,Haarlem-Alkmaar,Haarlem - Uitgeest,111,"Bloemendaal,Beverwijk,Driehuis,Heemskerk,Haarlem,Santpoort Noord,Santpoort Zuid,Uitgeest","BLL, BV, DRH, HK, HLM, SPTN, SPTZ, UTG",defecte trein,broken down train,defecte trein,broken down train,rolling stock,2024-06-05 18:38:51,2024-06-05 18:57:36,19.0
53838,Leiden-Rotterdam,"Den Haag Centraal - Den Haag HS, Den Haag Centraal - Leiden Centraal, Den Haag HS - Leiden Centraal, Den Haag HS - Rotterdam Centraal","10,11,168,169","Delft,Delft Campus,De Vink,Den Haag HS,Den Haag Centraal,Den Haag Mariahoeve,Den Haag Moerwijk,Den Haag Laan v NOI,Leiden Centraal,Rijswijk,Rotterdam Centraal,Schiedam Centrum,Voorschoten","DT, DTCP, DVNK, GV, GVC, GVM, GVMW, LAA, LEDN, RSW, RTD, SDM, VST",defecte bovenleiding,damaged overhead wires,defecte bovenleiding,damaged overhead wires,infrastructure,2024-06-06 08:15:01,2024-06-06 13:10:35,296.0
53860,Dordrecht-Breda; Dordrecht-Roosendaal,"Breda - Dordrecht, Dordrecht - Roosendaal","170,171","Dordrecht,Dordrecht Zuid,Lage Zwaluwe","DDR, DDZD, ZLW",defecte trein,broken down train,defecte trein,broken down train,rolling stock,2024-06-06 18:53:05,2024-06-06 19:02:36,10.0
53862,Utrecht-Leiden,Leiden Centraal - Utrecht Centraal,147,"Alphen a/d Rijn,Bodegraven","APN, BDG",defecte trein,broken down train,defecte trein,broken down train,rolling stock,2024-06-06 22:03:44,2024-06-06 22:27:10,23.0
53868,Alphen a/d Rijn-Gouda,Alphen a/d Rijn - Gouda,8,"Boskoop,Gouda,Waddinxveen,Waddinxveen Noord,Boskoop Snijdelwijk,Waddinxveen Triangel","BSK, GD, WAD, WADN, BSKS, WADT",defect spoor,defective railway track,defect spoor,defective railway track,infrastructure,2024-06-07 14:59:03,2024-06-07 15:16:51,18.0
53870,Breukelen-Utrecht-Veenendaal,"Arnhem Centraal - Utrecht Centraal, Rhenen - Utrecht Centraal","133,166","Bunnik,Driebergen-Zeist,Utrecht Centraal,Utrecht Vaartsche Rijn","BNK, DB, UT, UTVR",defecte trein,broken down train,defecte trein,broken down train,rolling stock,2024-06-07 16:53:48,2024-06-07 17:54:10,60.0
53871,Utrecht-Woerden,"Den Haag Centraal - Utrecht Centraal, Leiden Centraal - Utrecht Centraal, Rotterdam Centraal - Utrecht Centraal","142,143,147","Utrecht Centraal,Utrecht Terwijde,Vleuten,Woerden,Utrecht Leidsche Rijn","UT, UTT, VTN, WD, UTLR",defecte trein,broken down train,defecte trein,broken down train,rolling stock,2024-06-07 17:58:59,2024-06-07 17:59:43,1.0
53876,Utrecht-Den Haag,Den Haag Centraal - Utrecht Centraal,143,"Gouda,Gouda Goverwelle,Den Haag Centraal,Utrecht Centraal,Utrecht Terwijde,Voorburg,Vleuten,Woerden,Den Haag Ypenburg,Zoetermeer,Zoetermeer Oost,Utrecht Leidsche Rijn,Lansingerland-Zoetermeer","GD, GDG, GVC, UT, UTT, VB, VTN, WD, YPB, ZTM, ZTMO, UTLR, LLZM",seinstoring,signal failure,seinstoring,signal failure,infrastructure,2024-06-08 11:57:05,2024-06-08 22:06:45,610.0
53877,Dordrecht-Geldermalsen,Dordrecht - Geldermalsen,55,"Beesd,Geldermalsen,Leerdam","BSD, GDM, LDM",seinstoring,signal failure,seinstoring,signal failure,infrastructure,2024-06-08 12:28:55,2024-06-08 14:46:29,138.0
53883,Rotterdam-Dordrecht,Dordrecht - Rotterdam Centraal,16,"Barendrecht,Dordrecht,Rotterdam Lombardijen,Rotterdam Blaak,Rotterdam Centraal,Rotterdam Stadion,Rotterdam Zuid,Zwijndrecht","BRD, DDR, RLB, RTB, RTD, RTST, RTZ, ZWD",defecte trein,broken down train,defecte trein,broken down train,rolling stock,2024-06-08 22:09:12,2024-06-08 22:21:16,12.0
53887,Amsterdam-Utrecht; Amsterdam-Gouda,"Amsterdam Centraal - Utrecht Centraal, Amsterdam Centraal - Woerden","136,141","Amsterdam Amstel,Amsterdam Bijlmer ArenA,Amsterdam Centraal,Amsterdam Muiderpoort,Duivendrecht","ASA, ASB, ASD, ASDM, DVD",defecte trein,broken down train,defecte trein,broken down train,rolling stock,2024-06-09 17:43:11,2024-06-09 17:51:58,9.0
53889,Amsterdam-Hilversum,"Almere Oostvaarders - Utrecht Centraal, Amersfoort - Amsterdam Centraal, Amersfoort - Schiphol Airport","135,148,149","Bussum Zuid,Hilversum,Naarden-Bussum,Hilversum Media Park","BSMZ, HVS, NDB, HVSM",defecte trein,broken down train,defecte trein,broken down train,rolling stock,2024-06-09 18:23:40,2024-06-09 18:26:38,3.0
53894,Utrecht-'s-Hertogenbosch; Utrecht-Tiel,"'s-Hertogenbosch - Utrecht Centraal, Tiel - Utrecht Centraal","150,151","Culemborg,Geldermalsen,Houten,Houten Castellum,Utrecht Centraal,Utrecht Lunetten,Utrecht Vaartsche Rijn","CL, GDM, HTN, HTNC, UT, UTLN, UTVR",defecte trein,broken down train,defecte trein,broken down train,rolling stock,2024-06-10 12:29:45,2024-06-10 13:10:20,41.0
53896,Amsterdam-Almere,"Amsterdam Centraal - Lelystad Centrum, Lelystad Centrum - Schiphol Airport","144,145","Almere Centrum,Almere Muziekwijk,Weesp,Almere Poort","ALM, ALMM, WP, AMPO",defecte trein,broken down train,defecte trein,broken down train,rolling stock,2024-06-10 13:09:33,2024-06-10 13:13:05,4.0
53897,Amsterdam-Utrecht,Amsterdam Centraal - Utrecht Centraal,136,"Abcoude,Amsterdam Amstel,Amsterdam Bijlmer ArenA,Amsterdam Centraal,Amsterdam Muiderpoort,Amsterdam Holendrecht,Breukelen,Duivendrecht,Maarssen","AC, ASA, ASB, ASD, ASDM, ASHD, BKL, DVD, MAS",defect spoor,defective railway track,defect spoor,defective railway track,infrastructure,2024-06-10 15:20:15,2024-06-10 18:25:22,185.0
53901,Dordrecht-Geldermalsen,Dordrecht - Geldermalsen,55,"Beesd,Geldermalsen,Leerdam","BSD, GDM, LDM",seinstoring,signal failure,seinstoring,signal failure,infrastructure,2024-06-10 16:05:55,2024-06-10 17:18:19,72.0
53907,Amsterdam-Utrecht; Amsterdam-Gouda,"Amsterdam Centraal - Utrecht Centraal, Amsterdam Centraal - Woerden","136,141","Amsterdam Amstel,Amsterdam Bijlmer ArenA,Amsterdam Centraal,Amsterdam Muiderpoort,Duivendrecht","ASA, ASB, ASD, ASDM, DVD",defecte bovenleiding,damaged overhead wires,defecte bovenleiding,damaged overhead wires,infrastructure,2024-06-10 18:20:12,2024-06-11 01:17:50,418.0
53909,Amsterdam-Utrecht; Amsterdam-Gouda,"Amersfoort - Amsterdam Centraal, Amsterdam Centraal - Lelystad Centrum, Amsterdam Centraal - Utrecht Centraal, Amsterdam Centraal - Woerden","135,136,141,145","Amsterdam Centraal,Amsterdam Muiderpoort","ASD, ASDM",defecte bovenleiding,damaged overhead wires,defecte bovenleiding,damaged overhead wires,infrastructure,2024-06-10 18:38:12,2024-06-10 21:55:23,197.0
53910,Amsterdam-Enkhuizen,"Amsterdam Centraal - Hoorn, Enkhuizen - Hoorn","119,164","Amsterdam Centraal,Amsterdam Sloterdijk,Bovenkarspel Flora,Bovenkarspel-Grootebroek,Enkhuizen,Hoogkarspel,Hoorn,Hoorn Kersenboogerd,Purmerend Overwhere,Purmerend,Purmerend Weidevenne,Zaandam,Zaandam Kogerveld","ASD, ASS, BKF, BKG, EKZ, HKS, HN, HNK, PMO, PMR, PMW, ZD, ZDK",defecte bovenleiding,damaged overhead wires,defecte bovenleiding,damaged overhead wires,infrastructure,2024-06-10 18:38:15,2024-06-10 18:46:56,9.0
53912,Amsterdam Zuid-Leiden Centraal,"Amersfoort - Schiphol Airport, Lelystad Centrum - Schiphol Airport, Schiphol Airport - Utrecht Centraal","137,144,148","Amsterdam Zuid,Schiphol Airport","ASDZ, SHL",defecte trein,broken down train,defecte trein,broken down train,rolling stock,2024-06-10 22:04:43,2024-06-10 22:06:23,2.0
53921,Den Haag-Rotterdam,Den Haag HS - Rotterdam Centraal,11,"Delft,Delft Campus,Rotterdam Centraal,Schiedam Centrum","DT, DTCP, RTD, SDM",defecte trein,broken down train,defecte trein,broken down train,rolling stock,2024-06-11 15:17:31,2024-06-11 15:43:56,26.0
53924,Utrecht-Breukelen,"Amsterdam Centraal - Utrecht Centraal, Schiphol Airport - Utrecht Centraal","136,137","Breukelen,Maarssen","BKL, MAS",defecte trein,broken down train,defecte trein,broken down train,rolling stock,2024-06-11 17:15:49,2024-06-11 17:38:15,22.0
53928,Dordrecht-Geldermalsen,Dordrecht - Geldermalsen,55,"Dordrecht Stadspolders,Sliedrecht,Sliedrecht Baanhoek","DDRS, SDT, SDTB",beschadigde spoorbrug,damaged railway bridge,beschadigde spoorbrug,damaged railway bridge,accidents,2024-06-11 19:28:08,2024-06-11 20:14:08,46.0
53934,Utrecht-'s-Hertogenbosch; Utrecht-Tiel,"'s-Hertogenbosch - Utrecht Centraal, Tiel - Utrecht Centraal","150,151","Culemborg,Geldermalsen,Houten,Houten Castellum,Utrecht Centraal,Utrecht Lunetten,Utrecht Vaartsche Rijn","CL, GDM, HTN, HTNC, UT, UTLN, UTVR",defecte trein,broken down train,defecte trein,broken down train,rolling stock,2024-06-11 23:08:54,2024-06-12 00:19:11,70.0
53937,Amsterdam-Haarlem,Amsterdam Centraal - Haarlem,112,"Amsterdam Centraal,Amsterdam Sloterdijk,Haarlem,Haarlem Spaarnwoude,Halfweg-Zwanenburg","ASD, ASS, HLM, HLMS, HWZB",defecte trein,broken down train,defecte trein,broken down train,rolling stock,2024-06-12 10:40:38,2024-06-12 11:44:31,64.0
53940,Amsterdam-Schiphol-Leiden; Leiden-Duivendrecht-Lelystad,Leiden Centraal - Schiphol Airport,22,"Hoofddorp,Leiden Centraal,Nieuw Vennep,Sassenheim","HFD, LEDN, NVP, SSH",defect spoor,defective railway track,defect spoor,defective railway track,infrastructure,2024-06-12 15:19:34,2024-06-12 21:51:17,392.0
53949,Leiden Centraal,"Den Haag Centraal - Leiden Centraal, Den Haag HS - Leiden Centraal, Haarlem - Leiden Centraal, Leiden Centraal - Schiphol Airport, Leiden Centraal - Utrecht Centraal","22,23,147,168,169",Leiden Centraal,LEDN,defecte bovenleiding,damaged overhead wires,defecte bovenleiding,damaged overhead wires,infrastructure,2024-06-13 08:32:36,2024-06-13 10:10:56,98.0
53953,Schiphol-Utrecht,"Amersfoort - Schiphol Airport, Lelystad Centrum - Schiphol Airport, Schiphol Airport - Utrecht Centraal","137,144,148","Amsterdam Zuid,Schiphol Airport","ASDZ, SHL",gestrande trein,stranded train,gestrande trein,stranded train,rolling stock,2024-06-13 10:25:04,2024-06-13 11:34:00,69.0
53961,Utrecht-Woerden,"Den Haag Centraal - Utrecht Centraal, Leiden Centraal - Utrecht Centraal, Rotterdam Centraal - Utrecht Centraal","142,143,147","Utrecht Centraal,Utrecht Terwijde,Vleuten,Woerden,Utrecht Leidsche Rijn","UT, UTT, VTN, WD, UTLR",defecte trein,broken down train,defecte trein,broken down train,rolling stock,2024-06-13 18:35:23,2024-06-13 18:38:22,3.0
53963,Amsterdam-Haarlem,Amsterdam Centraal - Haarlem,112,"Amsterdam Centraal,Amsterdam Sloterdijk,Haarlem,Haarlem Spaarnwoude,Halfweg-Zwanenburg","ASD, ASS, HLM, HLMS, HWZB",defecte trein,broken down train,defecte trein,broken down train,rolling stock,2024-06-13 18:45:27,2024-06-13 19:00:39,15.0
53991,Utrecht-Amersfoort,Amersfoort - Utrecht Centraal,134,"Amersfoort Centraal,Bilthoven,Den Dolder,Utrecht Centraal,Utrecht Overvecht","AMF, BHV, DLD, UT, UTO",gestrande trein,stranded train,gestrande trein,stranded train,rolling stock,2024-06-16 15:55:01,2024-06-16 15:59:46,5.0
54010,Utrecht-Arnhem,Arnhem Centraal - Utrecht Centraal,133,"Arnhem Centraal,Bunnik,Driebergen-Zeist,Ede-Wageningen,Veenendaal-De Klomp,Maarn,Oosterbeek,Utrecht Centraal,Wolfheze,Utrecht Vaartsche Rijn","AH, BNK, DB, ED, KLP, MRN, OTB, UT, WF, UTVR",defect spoor,defective railway track,defect spoor,defective railway track,infrastructure,2024-06-17 12:37:10,2024-06-18 00:11:35,694.0
54012,Amsterdam-Weesp,"Amersfoort - Amsterdam Centraal, Amsterdam Centraal - Lelystad Centrum","135,145","Amsterdam Centraal,Amsterdam Muiderpoort,Amsterdam Science Park,Diemen,Weesp","ASD, ASDM, ASSP, DMN, WP",defecte trein,broken down train,defecte trein,broken down train,rolling stock,2024-06-17 12:54:30,2024-06-17 12:57:38,3.0
54018,Amsterdam Holendrecht,"Amsterdam Centraal - Utrecht Centraal, Amsterdam Centraal - Woerden, Schiphol Airport - Utrecht Centraal","136,137,141",Amsterdam Holendrecht,ASHD,defect spoor,defective railway track,defect spoor,defective railway track,infrastructure,2024-06-17 16:07:14,2024-06-17 19:27:39,200.0
54020,Schiphol-Utrecht-Nijmegen,"Arnhem Centraal - Nijmegen, Arnhem Centraal - Utrecht Centraal, Schiphol Airport - Utrecht Centraal","59,133,137","Abcoude,Arnhem Centraal,Arnhem Zuid,Amsterdam Bijlmer ArenA,Amsterdam Zuid,Amsterdam Holendrecht,Breukelen,Bunnik,Driebergen-Zeist,Duivendrecht,Ede-Wageningen,Elst,Veenendaal-De Klomp,Maarssen,Maarn,Nijmegen,Nijmegen Lent,Oosterbeek,Amsterdam RAI,Schiphol Airport,Utrecht Centraal,Utrecht Zuilen,Wolfheze,Utrecht Vaartsche Rijn","AC, AH, AHZ, ASB, ASDZ, ASHD, BKL, BNK, DB, DVD, ED, EST, KLP, MAS, MRN, NM, NML, OTB, RAI, SHL, UT, UTZL, WF, UTVR",defect spoor,defective railway track,defect spoor,defective railway track,infrastructure,2024-06-17 18:45:37,2024-06-17 22:27:15,222.0
54021,Utrecht-'s-Hertogenbosch,'s-Hertogenbosch - Utrecht Centraal,151,"Culemborg,Geldermalsen,'s-Hertogenbosch,Houten,Houten Castellum,Utrecht Centraal,Zaltbommel,Utrecht Lunetten,Utrecht Vaartsche Rijn","CL, GDM, HT, HTN, HTNC, UT, ZBM, UTLN, UTVR",defecte trein,broken down train,defecte trein,broken down train,rolling stock,2024-06-17 19:26:53,2024-06-17 20:15:01,48.0
54022,Rotterdam-Dordrecht,Dordrecht - Rotterdam Centraal,16,"Dordrecht,Zwijndrecht","DDR, ZWD",beschadigde spoorbrug,damaged railway bridge,beschadigde spoorbrug,damaged railway bridge,accidents,2024-06-17 20:03:04,2024-06-17 23:11:01,188.0
54024,Duivendrecht-Lelystad,"Amersfoort - Schiphol Airport, Lelystad Centrum - Schiphol Airport","144,148","Diemen Zuid,Duivendrecht,Weesp","DMNZ, DVD, WP",defecte trein,broken down train,defecte trein,broken down train,rolling stock,2024-06-17 22:03:35,2024-06-17 22:21:37,18.0
54029,Rotterdam-Gouda,Rotterdam Centraal - Utrecht Centraal,142,"Capelle Schollevaar,Gouda,Nieuwerkerk a/d IJssel,Rotterdam Alexander,Rotterdam Centraal,Rotterdam Noord","CPS, GD, NWK, RTA, RTD, RTN",defecte trein,broken down train,defecte trein,broken down train,rolling stock,2024-06-18 08:08:33,2024-06-18 08:15:48,7.0
54037,Hilversum-Amersfoort; Amersfoort-Barneveld,"Amersfoort - Amsterdam Centraal, Amersfoort - Ede-Wageningen, Amersfoort - Schiphol Airport","47,135,148","Amersfoort Centraal,Barneveld Centrum,Barneveld Noord,Baarn,Hilversum,Hoevelaken,Barneveld Zuid","AMF, BNC, BNN, BRN, HVS, HVL, BNZ",defecte bovenleiding,damaged overhead wires,defecte bovenleiding,damaged overhead wires,infrastructure,2024-06-18 13:04:09,2024-06-18 15:59:29,175.0
54039,Amsterdam-Schiphol-Leiden; Schiphol-Zaandam,"Amsterdam Centraal - Schiphol Airport, Schiphol Airport - Zaandam","32,165","Amsterdam Lelylaan,Amsterdam Sloterdijk","ASDL, ASS",defecte trein,broken down train,defecte trein,broken down train,rolling stock,2024-06-18 19:44:36,2024-06-18 20:00:32,16.0
54050,Den Haag-Rotterdam,Den Haag HS - Rotterdam Centraal,11,"Delft,Delft Campus,Rotterdam Centraal,Schiedam Centrum","DT, DTCP, RTD, SDM",defecte trein,broken down train,defecte trein,broken down train,rolling stock,2024-06-19 14:03:25,2024-06-19 14:41:06,38.0
54054,Amsterdam-Haarlem-Leiden,Haarlem - Leiden Centraal,23,"Heemstede-Aerdenhout,Hillegom,Haarlem,Leiden Centraal,Voorhout","HAD, HIL, HLM, LEDN, VH",defecte trein,broken down train,defecte trein,broken down train,rolling stock,2024-06-19 16:54:41,2024-06-19 18:10:20,76.0
54055,Leiden-Den Haag,Den Haag Centraal - Leiden Centraal,169,"De Vink,Den Haag Centraal,Den Haag Mariahoeve,Den Haag Laan v NOI,Leiden Centraal,Voorschoten","DVNK, GVC, GVM, LAA, LEDN, VST",defecte trein,broken down train,defecte trein,broken down train,rolling stock,2024-06-19 16:58:29,2024-06-19 18:10:15,72.0
54056,Amsterdam-Schiphol,"Amsterdam Centraal - Schiphol Airport, Schiphol Airport - Zaandam","32,165","Amsterdam Lelylaan,Schiphol Airport","ASDL, SHL",defecte trein,broken down train,defecte trein,broken down train,rolling stock,2024-06-19 17:00:47,2024-06-19 17:10:33,10.0
54059,Rotterdam-Dordrecht,Dordrecht - Rotterdam Centraal,16,"Barendrecht,Dordrecht,Rotterdam Lombardijen,Rotterdam Blaak,Rotterdam Centraal,Rotterdam Stadion,Rotterdam Zuid,Zwijndrecht","BRD, DDR, RLB, RTB, RTD, RTST, RTZ, ZWD",defecte trein,broken down train,defecte trein,broken down train,rolling stock,2024-06-20 07:41:08,2024-06-20 08:04:58,24.0
54063,Alphen a/d Rijn-Gouda,Alphen a/d Rijn - Gouda,8,"Boskoop,Gouda,Waddinxveen,Waddinxveen Noord,Boskoop Snijdelwijk,Waddinxveen Triangel","BSK, GD, WAD, WADN, BSKS, WADT",defecte bovenleiding,damaged overhead wires,defecte bovenleiding,damaged overhead wires,infrastructure,2024-06-20 08:48:22,2024-06-20 09:12:31,24.0
54064,Schiphol-Utrecht,Schiphol Airport - Utrecht Centraal,137,"Abcoude,Amsterdam Bijlmer ArenA,Amsterdam Zuid,Amsterdam Holendrecht,Breukelen,Duivendrecht,Maarssen,Amsterdam RAI,Schiphol Airport,Utrecht Centraal,Utrecht Zuilen","AC, ASB, ASDZ, ASHD, BKL, DVD, MAS, RAI, SHL, UT, UTZL",beschadigde bovenleiding,damaged overhead wires,beschadigde bovenleiding,damaged overhead wires,infrastructure,2024-06-20 09:56:47,2024-06-20 14:25:08,268.0
54072,Utrecht-Woerden,"Den Haag Centraal - Utrecht Centraal, Leiden Centraal - Utrecht Centraal, Rotterdam Centraal - Utrecht Centraal","142,143,147","Utrecht Centraal,Utrecht Terwijde,Vleuten,Woerden,Utrecht Leidsche Rijn","UT, UTT, VTN, WD, UTLR",defect spoor,defective railway track,defect spoor,defective railway track,infrastructure,2024-06-20 13:50:32,2024-06-20 14:35:11,45.0
54073,Schiphol-Hoofddorp,Leiden Centraal - Schiphol Airport,22,"Hoofddorp,Schiphol Airport","HFD, SHL",defecte trein,broken down train,defecte trein,broken down train,rolling stock,2024-06-20 13:53:55,2024-06-20 13:58:06,4.0
54074,Utrecht-Den Haag,Den Haag Centraal - Utrecht Centraal,143,"Gouda,Gouda Goverwelle,Den Haag Centraal,Utrecht Centraal,Utrecht Terwijde,Voorburg,Vleuten,Woerden,Den Haag Ypenburg,Zoetermeer,Zoetermeer Oost,Utrecht Leidsche Rijn,Lansingerland-Zoetermeer","GD, GDG, GVC, UT, UTT, VB, VTN, WD, YPB, ZTM, ZTMO, UTLR, LLZM",seinstoring,signal failure,seinstoring,signal failure,infrastructure,2024-06-20 14:34:48,2024-06-20 16:54:10,139.0
54075,Utrecht-Rotterdam,Rotterdam Centraal - Utrecht Centraal,142,"Capelle Schollevaar,Gouda,Gouda Goverwelle,Nieuwerkerk a/d IJssel,Rotterdam Alexander,Rotterdam Centraal,Rotterdam Noord,Utrecht Centraal,Utrecht Terwijde,Vleuten,Woerden,Utrecht Leidsche Rijn","CPS, GD, GDG, NWK, RTA, RTD, RTN, UT, UTT, VTN, WD, UTLR",seinstoring,signal failure,seinstoring,signal failure,infrastructure,2024-06-20 14:36:57,2024-06-20 16:54:02,137.0
54079,Dordrecht-Geldermalsen,Dordrecht - Geldermalsen,55,"Arkel,Beesd,Dordrecht,Dordrecht Stadspolders,Geldermalsen,Hardinxveld-Giessendam,Gorinchem,Leerdam,Sliedrecht,Boven-Hardinxveld,Sliedrecht Baanhoek,Hardinxveld Blauwe Zoom","AKL, BSD, DDR, DDRS, GDM, GND, GR, LDM, SDT, BHDV, SDTB, HBZM",defecte trein,broken down train,defecte trein,broken down train,rolling stock,2024-06-20 18:27:44,2024-06-20 19:07:39,40.0
54087,Amsterdam-Haarlem,Amsterdam Centraal - Haarlem,112,"Amsterdam Centraal,Amsterdam Sloterdijk,Haarlem,Haarlem Spaarnwoude,Halfweg-Zwanenburg","ASD, ASS, HLM, HLMS, HWZB",defecte trein,broken down train,defecte trein,broken down train,rolling stock,2024-06-21 11:10:59,2024-06-21 11:16:55,6.0
54119,Utrecht-Woerden,"Den Haag Centraal - Utrecht Centraal, Leiden Centraal - Utrecht Centraal, Rotterdam Centraal - Utrecht Centraal","142,143,147","Utrecht Centraal,Utrecht Terwijde,Vleuten,Woerden,Utrecht Leidsche Rijn","UT, UTT, VTN, WD, UTLR",defecte trein,broken down train,defecte trein,broken down train,rolling stock,2024-06-24 07:05:58,2024-06-24 07:09:10,3.0
54121,Amsterdam-Schiphol-Leiden; Leiden-Schiphol-Zaandam,Leiden Centraal - Schiphol Airport,22,"Hoofddorp,Leiden Centraal,Nieuw Vennep,Sassenheim","HFD, LEDN, NVP, SSH",defecte bovenleiding,damaged overhead wires,defecte bovenleiding,damaged overhead wires,infrastructure,2024-06-24 10:33:35,2024-06-24 15:01:01,267.0
54123,Schiphol-Amersfoort,Amersfoort - Schiphol Airport,148,"Amsterdam Zuid,Bussum Zuid,Diemen Zuid,Duivendrecht,Hilversum,Naarden-Bussum,Amsterdam RAI,Schiphol Airport,Weesp,Hilversum Media Park","ASDZ, BSMZ, DMNZ, DVD, HVS, NDB, RAI, SHL, WP, HVSM",defecte bovenleiding,damaged overhead wires,defecte bovenleiding,damaged overhead wires,infrastructure,2024-06-24 10:40:58,2024-06-24 15:00:55,260.0
54124,Leiden-Den Haag,Den Haag Centraal - Leiden Centraal,169,"De Vink,Den Haag Centraal,Den Haag Mariahoeve,Den Haag Laan v NOI,Leiden Centraal,Voorschoten","DVNK, GVC, GVM, LAA, LEDN, VST",defecte bovenleiding,damaged overhead wires,defecte bovenleiding,damaged overhead wires,infrastructure,2024-06-24 10:42:26,2024-06-24 15:50:04,308.0
54126,Utrecht-Leiden,Leiden Centraal - Utrecht Centraal,147,"Alphen a/d Rijn,Leiden Lammenschans","APN, LDL",seinstoring,signal failure,seinstoring,signal failure,infrastructure,2024-06-24 13:38:11,2024-06-24 15:30:59,113.0
54137,Dordrecht-Gorinchem,Dordrecht - Geldermalsen,55,"Hardinxveld-Giessendam,Gorinchem,Boven-Hardinxveld","GND, GR, BHDV",defecte trein,broken down train,defecte trein,broken down train,rolling stock,2024-06-25 07:03:40,2024-06-25 08:45:24,102.0
54142,Utrecht-Breukelen,"Amsterdam Centraal - Utrecht Centraal, Schiphol Airport - Utrecht Centraal","136,137","Breukelen,Maarssen","BKL, MAS",defecte trein,broken down train,defecte trein,broken down train,rolling stock,2024-06-25 10:48:47,2024-06-25 11:09:21,21.0
54152,Amsterdam-Schiphol,Amsterdam Centraal - Schiphol Airport,32,"Amsterdam Centraal,Amsterdam Lelylaan,Amsterdam Sloterdijk,Schiphol Airport","ASD, ASDL, ASS, SHL",defecte trein,broken down train,defecte trein,broken down train,rolling stock,2024-06-25 15:37:34,2024-06-25 15:42:52,5.0
54159,Rotterdam-Gouda,Rotterdam Centraal - Utrecht Centraal,142,"Capelle Schollevaar,Gouda,Nieuwerkerk a/d IJssel,Rotterdam Alexander,Rotterdam Centraal,Rotterdam Noord","CPS, GD, NWK, RTA, RTD, RTN",defecte trein,broken down train,defecte trein,broken down train,rolling stock,2024-06-25 18:47:26,2024-06-25 19:00:09,13.0
54167,Amsterdam-Haarlem,Amsterdam Centraal - Haarlem,112,"Amsterdam Centraal,Amsterdam Sloterdijk,Haarlem,Haarlem Spaarnwoude,Halfweg-Zwanenburg","ASD, ASS, HLM, HLMS, HWZB",defecte trein,broken down train,defecte trein,broken down train,rolling stock,2024-06-26 08:21:42,2024-06-26 08:29:50,8.0
54175,Amsterdam-Uitgeest,Alkmaar - Amsterdam Centraal,161,"Amsterdam Centraal,Amsterdam Sloterdijk,Krommenie-Assendelft,Uitgeest,Wormerveer,Zaandam,Koog aan de Zaan,Zaandijk Zaanse Schans","ASD, ASS, KMA, UTG, WM, ZD, KZ, ZZS",seinstoring,signal failure,seinstoring,signal failure,infrastructure,2024-06-26 14:27:37,2024-06-26 19:28:26,301.0
54177,Utrecht-Leiden,Leiden Centraal - Utrecht Centraal,147,"Alphen a/d Rijn,Leiden Lammenschans","APN, LDL",seinstoring,signal failure,seinstoring,signal failure,infrastructure,2024-06-26 14:32:44,2024-06-27 00:56:24,624.0
54180,Amsterdam-Almere,"Amsterdam Centraal - Lelystad Centrum, Lelystad Centrum - Schiphol Airport","144,145","Almere Centrum,Almere Muziekwijk,Weesp,Almere Poort","ALM, ALMM, WP, AMPO",defecte trein,broken down train,defecte trein,broken down train,rolling stock,2024-06-26 16:32:29,2024-06-26 16:34:11,2.0
54182,Den Haag-Rotterdam; Leiden-Rotterdam,Den Haag HS - Rotterdam Centraal,11,"Delft,Delft Campus,Den Haag HS,Den Haag Moerwijk,Rijswijk,Rotterdam Centraal,Schiedam Centrum","DT, DTCP, GV, GVMW, RSW, RTD, SDM",defecte trein,broken down train,defecte trein,broken down train,rolling stock,2024-06-26 17:09:07,2024-06-26 18:11:36,62.0
54192,Utrecht-Breukelen,"Amsterdam Centraal - Utrecht Centraal, Schiphol Airport - Utrecht Centraal","136,137","Breukelen,Maarssen,Utrecht Centraal,Utrecht Zuilen","BKL, MAS, UT, UTZL",defecte trein,broken down train,defecte trein,broken down train,rolling stock,2024-06-26 18:20:28,2024-06-26 18:43:27,23.0
54194,Amsterdam-Almere,"Amsterdam Centraal - Lelystad Centrum, Lelystad Centrum - Schiphol Airport","144,145","Almere Centrum,Almere Muziekwijk,Weesp,Almere Poort","ALM, ALMM, WP, AMPO",defecte trein,broken down train,defecte trein,broken down train,rolling stock,2024-06-26 19:14:51,2024-06-26 19:25:56,11.0
54198,Dordrecht-Geldermalsen,Dordrecht - Geldermalsen,55,"Beesd,Leerdam","BSD, LDM",seinstoring,signal failure,seinstoring,signal failure,infrastructure,2024-06-26 20:35:18,2024-06-26 22:12:34,97.0
54203,Gouda-Den Haag,Den Haag Centraal - Utrecht Centraal,143,"Gouda,Zoetermeer,Zoetermeer Oost,Lansingerland-Zoetermeer","GD, ZTM, ZTMO, LLZM",defecte trein,broken down train,defecte trein,broken down train,rolling stock,2024-06-27 08:40:31,2024-06-27 09:04:29,24.0
54204,Dordrecht-Roosendaal,Dordrecht - Roosendaal,171,"Dordrecht,Dordrecht Zuid,Oudenbosch,Roosendaal,Lage Zwaluwe,Zevenbergen","DDR, DDZD, ODB, RSD, ZLW, ZVB",defecte trein,broken down train,defecte trein,broken down train,rolling stock,2024-06-27 10:18:32,2024-06-27 11:23:20,65.0
54205,Utrecht-Den Haag,Den Haag Centraal - Utrecht Centraal,143,"Den Haag Ypenburg,Zoetermeer","YPB, ZTM",seinstoring,signal failure,seinstoring,signal failure,infrastructure,2024-06-27 10:32:27,2024-06-27 14:27:17,235.0
54206,Den Haag-Rotterdam-Dordrecht,Dordrecht - Rotterdam Centraal,16,"Barendrecht,Dordrecht,Rotterdam Lombardijen,Rotterdam Blaak,Rotterdam Centraal,Rotterdam Stadion,Rotterdam Zuid,Zwijndrecht","BRD, DDR, RLB, RTB, RTD, RTST, RTZ, ZWD",defecte trein,broken down train,defecte trein,broken down train,rolling stock,2024-06-27 10:41:00,2024-06-27 11:23:09,42.0
54208,Utrecht-Rotterdam,Rotterdam Centraal - Utrecht Centraal,142,"Capelle Schollevaar,Gouda,Gouda Goverwelle,Nieuwerkerk a/d IJssel,Rotterdam Alexander,Rotterdam Centraal,Rotterdam Noord","CPS, GD, GDG, NWK, RTA, RTD, RTN",defecte trein,broken down train,defecte trein,broken down train,rolling stock,2024-06-27 12:24:49,2024-06-27 13:07:50,43.0
54212,Amsterdam-Schiphol,Amsterdam Centraal - Schiphol Airport,32,"Amsterdam Centraal,Amsterdam Lelylaan,Amsterdam Sloterdijk,Schiphol Airport","ASD, ASDL, ASS, SHL",defecte trein,broken down train,defecte trein,broken down train,rolling stock,2024-06-27 14:53:11,2024-06-27 14:53:11,0.0
54224,Dordrecht-Breda,"Breda - Dordrecht, Dordrecht - Roosendaal","170,171","Dordrecht,Dordrecht Zuid,Lage Zwaluwe","DDR, DDZD, ZLW",defecte trein,broken down train,defecte trein,broken down train,rolling stock,2024-06-27 18:17:22,2024-06-27 18:22:50,5.0
54227,Dordrecht-Gorinchem; Dordrecht-Gorinchem,Dordrecht - Geldermalsen,55,"Dordrecht,Dordrecht Stadspolders,Hardinxveld-Giessendam,Gorinchem,Sliedrecht,Boven-Hardinxveld,Sliedrecht Baanhoek,Hardinxveld Blauwe Zoom","DDR, DDRS, GND, GR, SDT, BHDV, SDTB, HBZM",defecte trein,broken down train,defecte trein,broken down train,rolling stock,2024-06-27 18:54:55,2024-06-27 18:59:23,4.0
54242,Den Haag-Rotterdam,Den Haag HS - Rotterdam Centraal,11,"Delft,Delft Campus,Den Haag HS,Den Haag Moerwijk,Rijswijk,Rotterdam Centraal,Schiedam Centrum","DT, DTCP, GV, GVMW, RSW, RTD, SDM",seinstoring,signal failure,seinstoring,signal failure,infrastructure,2024-06-28 17:11:15,2024-06-28 18:07:59,57.0
54244,Rotterdam-Dordrecht,Dordrecht - Rotterdam Centraal,16,"Barendrecht,Dordrecht,Rotterdam Lombardijen,Rotterdam Blaak,Rotterdam Centraal,Rotterdam Stadion,Rotterdam Zuid,Zwijndrecht","BRD, DDR, RLB, RTB, RTD, RTST, RTZ, ZWD",seinstoring,signal failure,seinstoring,signal failure,infrastructure,2024-06-28 17:21:35,2024-06-28 18:07:53,46.0
54245,Utrecht-Den Haag,Den Haag Centraal - Utrecht Centraal,143,"Gouda,Den Haag Centraal,Voorburg,Den Haag Ypenburg,Zoetermeer,Zoetermeer Oost,Lansingerland-Zoetermeer","GD, GVC, VB, YPB, ZTM, ZTMO, LLZM",defecte trein,broken down train,defecte trein,broken down train,rolling stock,2024-06-28 17:45:42,2024-06-28 18:35:34,50.0
54248,Schiphol-Hoofddorp; Amsterdam Sloterdijk-Schiphol Airport; Amsterdam Zuid-Leiden Centraal,"Amersfoort - Schiphol Airport, Amsterdam Centraal - Schiphol Airport, Leiden Centraal - Schiphol Airport, Lelystad Centrum - Schiphol Airport, Schiphol Airport - Utrecht Centraal, Schiphol Airport - Zaandam","22,32,137,144,148,165","Amsterdam Lelylaan,Amsterdam Zuid,Amsterdam Sloterdijk,Hoofddorp,Schiphol Airport","ASDL, ASDZ, ASS, HFD, SHL",defecte trein,broken down train,defecte trein,broken down train,rolling stock,2024-06-28 19:38:14,2024-06-28 19:48:37,10.0
54254,Den Haag-Rotterdam,Den Haag HS - Rotterdam Centraal,11,"Delft,Delft Campus,Den Haag HS,Den Haag Moerwijk,Rijswijk,Rotterdam Centraal,Schiedam Centrum","DT, DTCP, GV, GVMW, RSW, RTD, SDM",seinstoring,signal failure,seinstoring,signal failure,infrastructure,2024-06-29 10:36:14,2024-06-29 11:12:17,36.0
54256,Leiden-Den Haag HS,"Den Haag Centraal - Leiden Centraal, Den Haag HS - Leiden Centraal","168,169","De Vink,Den Haag Mariahoeve,Den Haag Laan v NOI,Leiden Centraal,Voorschoten","DVNK, GVM, LAA, LEDN, VST",defecte trein,broken down train,defecte trein,broken down train,rolling stock,2024-06-29 20:22:18,2024-06-29 22:00:08,98.0
54259,Amsterdam-Amsterdam Sloterdijk,"Alkmaar - Amsterdam Centraal, Amsterdam Centraal - Haarlem, Amsterdam Centraal - Hoorn, Amsterdam Centraal - Schiphol Airport","32,112,161,164","Amsterdam Centraal,Amsterdam Sloterdijk","ASD, ASS",defecte trein,broken down train,defecte trein,broken down train,rolling stock,2024-06-30 09:20:59,2024-06-30 09:39:28,18.0
54260,Schiphol-Hoofddorp,Leiden Centraal - Schiphol Airport,22,"Hoofddorp,Schiphol Airport","HFD, SHL",defecte trein,broken down train,defecte trein,broken down train,rolling stock,2024-06-30 10:27:24,2024-06-30 10:30:26,3.0
54261,Amsterdam Sloterdijk-Schiphol Airport,"Amsterdam Centraal - Schiphol Airport, Schiphol Airport - Zaandam","32,165","Amsterdam Lelylaan,Amsterdam Sloterdijk,Schiphol Airport","ASDL, ASS, SHL",defecte trein,broken down train,defecte trein,broken down train,rolling stock,2024-06-30 10:37:33,2024-06-30 11:18:48,41.0
54262,Amsterdam-Utrecht; Amsterdam-Gouda,"Amersfoort - Amsterdam Centraal, Amsterdam Centraal - Lelystad Centrum, Amsterdam Centraal - Utrecht Centraal, Amsterdam Centraal - Woerden","135,136,141,145","Amsterdam Centraal,Amsterdam Muiderpoort","ASD, ASDM",beschadigde spoorbrug,damaged railway bridge,beschadigde spoorbrug,damaged railway bridge,accidents,2024-06-30 22:37:33,2024-07-01 00:29:45,112.0
54266,Amsterdam-Schiphol-Leiden; Leiden-Duivendrecht-Lelystad,Leiden Centraal - Schiphol Airport,22,"Hoofddorp,Leiden Centraal,Nieuw Vennep,Sassenheim","HFD, LEDN, NVP, SSH",seinstoring,signal failure,seinstoring,signal failure,infrastructure,2024-07-01 09:17:37,2024-07-01 11:27:13,130.0
54269,Amsterdam-Schiphol-Leiden; Leiden-Duivendrecht-Lelystad,Leiden Centraal - Schiphol Airport,22,"Hoofddorp,Leiden Centraal,Nieuw Vennep,Sassenheim","HFD, LEDN, NVP, SSH",seinstoring,signal failure,seinstoring,signal failure,infrastructure,2024-07-01 12:40:43,2024-07-01 15:48:11,187.0
54272,Utrecht-Amersfoort,Amersfoort - Utrecht Centraal,134,"Amersfoort Centraal,Bilthoven,Den Dolder,Utrecht Centraal,Utrecht Overvecht","AMF, BHV, DLD, UT, UTO",defecte trein,broken down train,defecte trein,broken down train,rolling stock,2024-07-01 19:15:38,2024-07-01 19:28:31,13.0
54273,Den Haag-Rotterdam; Leiden-Rotterdam,Den Haag HS - Rotterdam Centraal,11,"Delft,Delft Campus,Den Haag HS,Den Haag Moerwijk,Rijswijk,Schiedam Centrum","DT, DTCP, GV, GVMW, RSW, SDM",defecte trein,broken down train,defecte trein,broken down train,rolling stock,2024-07-01 19:17:41,2024-07-01 20:06:29,49.0
54284,Haarlem-Alkmaar,Haarlem - Uitgeest,111,"Bloemendaal,Beverwijk,Driehuis,Haarlem,Santpoort Noord,Santpoort Zuid","BLL, BV, DRH, HLM, SPTN, SPTZ",defecte trein,broken down train,defecte trein,broken down train,rolling stock,2024-07-03 06:37:16,2024-07-03 07:57:21,80.0
54285,Rotterdam-Dordrecht,Dordrecht - Rotterdam Centraal,16,"Barendrecht,Dordrecht,Rotterdam Lombardijen,Rotterdam Blaak,Rotterdam Centraal,Rotterdam Stadion,Rotterdam Zuid,Zwijndrecht","BRD, DDR, RLB, RTB, RTD, RTST, RTZ, ZWD",defecte spoorbrug,damaged railway bridge,defecte spoorbrug,damaged railway bridge,infrastructure,2024-07-03 07:10:19,2024-07-03 08:13:10,63.0
54288,Amsterdam Bijlmer ArenA-Leiden Centraal; Amsterdam Zuid-Leiden Centraal,"Amersfoort - Schiphol Airport, Lelystad Centrum - Schiphol Airport, Schiphol Airport - Utrecht Centraal","137,144,148","Amsterdam Bijlmer ArenA,Amsterdam Zuid,Duivendrecht,Amsterdam RAI,Schiphol Airport","ASB, ASDZ, DVD, RAI, SHL",defecte trein,broken down train,defecte trein,broken down train,rolling stock,2024-07-03 09:01:44,2024-07-03 09:05:37,4.0
54291,Dordrecht-Breda; Dordrecht-Roosendaal,"Breda - Dordrecht, Dordrecht - Roosendaal","170,171","Dordrecht,Dordrecht Zuid,Lage Zwaluwe","DDR, DDZD, ZLW",defecte trein,broken down train,defecte trein,broken down train,rolling stock,2024-07-03 16:46:43,2024-07-03 19:01:33,135.0
54295,Rotterdam-Dordrecht,Dordrecht - Rotterdam Centraal,16,"Barendrecht,Dordrecht,Rotterdam Lombardijen,Rotterdam Blaak,Rotterdam Centraal,Rotterdam Stadion,Rotterdam Zuid,Zwijndrecht","BRD, DDR, RLB, RTB, RTD, RTST, RTZ, ZWD",defecte trein,broken down train,defecte trein,broken down train,rolling stock,2024-07-03 19:06:19,2024-07-03 20:53:53,108.0
54298,Rotterdam-Dordrecht,Dordrecht - Rotterdam Centraal,16,"Barendrecht,Dordrecht,Rotterdam Lombardijen,Rotterdam Blaak,Rotterdam Centraal,Rotterdam Stadion,Rotterdam Zuid,Zwijndrecht","BRD, DDR, RLB, RTB, RTD, RTST, RTZ, ZWD",defecte trein,broken down train,defecte trein,broken down train,rolling stock,2024-07-04 05:26:52,2024-07-04 05:55:48,29.0
54299,Amsterdam Bijlmer ArenA-Leiden Centraal; Hoofddorp-Schiphol-Hilversum,"Amersfoort - Schiphol Airport, Lelystad Centrum - Schiphol Airport, Schiphol Airport - Utrecht Centraal","137,144,148","Amsterdam Bijlmer ArenA,Amsterdam Zuid,Duivendrecht,Amsterdam RAI,Schiphol Airport","ASB, ASDZ, DVD, RAI, SHL",seinstoring,signal failure,seinstoring,signal failure,infrastructure,2024-07-04 05:53:34,2024-07-04 06:42:03,48.0
54302,Schiphol-Hoofddorp,Leiden Centraal - Schiphol Airport,22,"Hoofddorp,Schiphol Airport","HFD, SHL",defecte trein,broken down train,defecte trein,broken down train,rolling stock,2024-07-04 08:40:17,2024-07-04 08:41:15,1.0
54309,Schiphol-Amersfoort; Leiden-Duivendrecht-Lelystad,"Amersfoort - Schiphol Airport, Lelystad Centrum - Schiphol Airport","144,148","Diemen Zuid,Duivendrecht,Weesp","DMNZ, DVD, WP",defecte trein,broken down train,defecte trein,broken down train,rolling stock,2024-07-04 16:58:31,2024-07-04 19:25:20,147.0
54314,Amsterdam-Hoofddorp,"Alkmaar - Amsterdam Centraal, Amsterdam Centraal - Haarlem, Amsterdam Centraal - Hoorn, Amsterdam Centraal - Schiphol Airport","32,112,161,164","Amsterdam Centraal,Amsterdam Sloterdijk","ASD, ASS",defecte trein,broken down train,defecte trein,broken down train,rolling stock,2024-07-04 18:03:51,2024-07-04 19:27:39,84.0
54315,Amsterdam-Schiphol-Rotterdam (HSL),Amsterdam Centraal - Schiphol Airport,32,"Amsterdam Centraal,Amsterdam Lelylaan,Amsterdam Sloterdijk,Schiphol Airport","ASD, ASDL, ASS, SHL",defecte trein,broken down train,defecte trein,broken down train,rolling stock,2024-07-04 18:06:29,2024-07-04 19:15:13,69.0
54317,Schiphol-Amersfoort,Amersfoort - Schiphol Airport,148,"Amsterdam Zuid,Bussum Zuid,Diemen Zuid,Duivendrecht,Hilversum,Naarden-Bussum,Amsterdam RAI,Schiphol Airport,Weesp,Hilversum Media Park","ASDZ, BSMZ, DMNZ, DVD, HVS, NDB, RAI, SHL, WP, HVSM",defecte trein,broken down train,defecte trein,broken down train,rolling stock,2024-07-04 18:43:50,2024-07-04 19:27:34,44.0
54320,Den Haag-Rotterdam-Dordrecht,Den Haag HS - Rotterdam Centraal,11,"Delft Campus,Rotterdam Centraal,Schiedam Centrum","DTCP, RTD, SDM",seinstoring,signal failure,seinstoring,signal failure,infrastructure,2024-07-05 13:40:48,2024-07-05 16:15:46,155.0
54323,Schiphol-Amersfoort; Amsterdam-Amersfoort; Utrecht-Almere,"Almere Oostvaarders - Utrecht Centraal, Amersfoort - Amsterdam Centraal, Amersfoort - Schiphol Airport","135,148,149","Bussum Zuid,Hilversum,Hilversum Media Park","BSMZ, HVS, HVSM",defect spoor,defective railway track,defect spoor,defective railway track,infrastructure,2024-07-05 15:07:46,2024-07-05 20:16:16,309.0
54326,Utrecht-Almere,"Almere Oostvaarders - Utrecht Centraal, Amersfoort - Amsterdam Centraal, Amersfoort - Schiphol Airport","135,148,149","Bussum Zuid,Hilversum,Hilversum Media Park","BSMZ, HVS, HVSM",defect spoor,defective railway track,defect spoor,defective railway track,infrastructure,2024-07-05 17:15:52,2024-07-05 17:20:34,5.0
54328,Amsterdam-Almere; Leiden-Duivendrecht-Lelystad,"Amsterdam Centraal - Lelystad Centrum, Lelystad Centrum - Schiphol Airport","144,145","Almere Centrum,Almere Muziekwijk,Weesp,Almere Poort","ALM, ALMM, WP, AMPO",defecte bovenleiding,damaged overhead wires,defecte bovenleiding,damaged overhead wires,infrastructure,2024-07-05 19:51:54,2024-07-06 02:14:13,382.0
54329,Schiphol-Amersfoort; Amsterdam-Amersfoort,"Amersfoort - Amsterdam Centraal, Amersfoort - Schiphol Airport","135,148","Bussum Zuid,Hilversum,Naarden-Bussum,Weesp,Hilversum Media Park","BSMZ, HVS, NDB, WP, HVSM",defecte bovenleiding,damaged overhead wires,defecte bovenleiding,damaged overhead wires,infrastructure,2024-07-05 20:10:17,2024-07-06 02:14:07,364.0
54357,Amsterdam Sloterdijk-Schiphol Airport; Amsterdam Zuid-Leiden Centraal,"Amersfoort - Schiphol Airport, Amsterdam Centraal - Schiphol Airport, Lelystad Centrum - Schiphol Airport, Schiphol Airport - Utrecht Centraal, Schiphol Airport - Zaandam","32,137,144,148,165","Amsterdam Lelylaan,Amsterdam Zuid,Amsterdam Sloterdijk,Schiphol Airport","ASDL, ASDZ, ASS, SHL",defecte trein,broken down train,defecte trein,broken down train,rolling stock,2024-07-08 15:02:15,2024-07-08 15:02:26,0.0
54369,Haarlem-Zandvoort,Haarlem - Zandvoort aan Zee,110,"Haarlem,Overveen,Zandvoort aan Zee","HLM, OVN, ZVT",seinstoring,signal failure,seinstoring,signal failure,infrastructure,2024-07-09 14:09:16,2024-07-10 00:43:04,634.0
54370,Amsterdam-Haarlem-Leiden,Haarlem - Leiden Centraal,23,"Heemstede-Aerdenhout,Hillegom,Haarlem,Voorhout","HAD, HIL, HLM, VH",seinstoring,signal failure,seinstoring,signal failure,infrastructure,2024-07-09 14:34:02,2024-07-09 20:34:08,360.0
54371,Amsterdam-Haarlem-Den Haag,"Amsterdam Centraal - Haarlem, Amsterdam Centraal - Schiphol Airport, Den Haag Centraal - Leiden Centraal, Haarlem - Leiden Centraal, Leiden Centraal - Schiphol Airport","22,23,32,112,169","Amsterdam Centraal,Amsterdam Lelylaan,Amsterdam Sloterdijk,De Vink,Den Haag Centraal,Den Haag Mariahoeve,Heemstede-Aerdenhout,Hoofddorp,Hillegom,Haarlem,Haarlem Spaarnwoude,Den Haag Laan v NOI,Leiden Centraal,Nieuw Vennep,Schiphol Airport,Voorhout,Voorschoten,Sassenheim,Halfweg-Zwanenburg","ASD, ASDL, ASS, DVNK, GVC, GVM, HAD, HFD, HIL, HLM, HLMS, LAA, LEDN, NVP, SHL, VH, VST, SSH, HWZB",seinstoring,signal failure,seinstoring,signal failure,infrastructure,2024-07-09 14:43:08,2024-07-09 21:57:22,434.0
54380,Haarlem-Zandvoort,Haarlem - Zandvoort aan Zee,110,"Haarlem,Overveen","HLM, OVN",seinstoring,signal failure,seinstoring,signal failure,infrastructure,2024-07-10 05:22:35,2024-07-10 05:31:11,9.0
54382,Haarlem-Zandvoort,Haarlem - Zandvoort aan Zee,110,"Haarlem,Overveen,Zandvoort aan Zee","HLM, OVN, ZVT",seinstoring,signal failure,seinstoring,signal failure,infrastructure,2024-07-10 06:59:04,2024-07-10 23:15:38,977.0
54384,Amsterdam Sloterdijk-Schiphol Airport; Amsterdam Zuid-Leiden Centraal,"Amersfoort - Schiphol Airport, Amsterdam Centraal - Schiphol Airport, Lelystad Centrum - Schiphol Airport, Schiphol Airport - Utrecht Centraal, Schiphol Airport - Zaandam","32,137,144,148,165","Amsterdam Lelylaan,Amsterdam Zuid,Amsterdam Sloterdijk,Schiphol Airport","ASDL, ASDZ, ASS, SHL",defecte trein,broken down train,defecte trein,broken down train,rolling stock,2024-07-10 12:54:32,2024-07-10 12:57:16,3.0
54397,Amsterdam-Haarlem,Amsterdam Centraal - Haarlem,112,"Amsterdam Centraal,Amsterdam Sloterdijk,Haarlem,Haarlem Spaarnwoude,Halfweg-Zwanenburg","ASD, ASS, HLM, HLMS, HWZB",defecte trein,broken down train,defecte trein,broken down train,rolling stock,2024-07-11 17:33:13,2024-07-11 17:45:14,12.0
54406,Breukelen-Utrecht-Veenendaal,"Amsterdam Centraal - Utrecht Centraal, Schiphol Airport - Utrecht Centraal","136,137","Breukelen,Maarssen","BKL, MAS",defecte trein,broken down train,defecte trein,broken down train,rolling stock,2024-07-12 05:15:38,2024-07-12 07:03:27,108.0
54407,Amsterdam-Haarlem-Leiden; Amsterdam-Zandvoort aan Zee,Amsterdam Centraal - Haarlem,112,"Amsterdam Centraal,Amsterdam Sloterdijk,Haarlem,Haarlem Spaarnwoude,Halfweg-Zwanenburg","ASD, ASS, HLM, HLMS, HWZB",defecte trein,broken down train,defecte trein,broken down train,rolling stock,2024-07-12 09:01:44,2024-07-12 09:42:29,41.0
54413,Alphen a/d Rijn-Gouda,Alphen a/d Rijn - Gouda,8,"Boskoop,Gouda,Waddinxveen,Waddinxveen Noord,Boskoop Snijdelwijk,Waddinxveen Triangel","BSK, GD, WAD, WADN, BSKS, WADT",defecte trein,broken down train,defecte trein,broken down train,rolling stock,2024-07-12 16:06:55,2024-07-12 16:26:15,19.0
54417,Rotterdam-Dordrecht; Dordrecht-Roosendaal,"Dordrecht - Roosendaal, Dordrecht - Rotterdam Centraal","16,171","Barendrecht,Dordrecht,Dordrecht Zuid,Oudenbosch,Rotterdam Lombardijen,Roosendaal,Rotterdam Blaak,Rotterdam Centraal,Rotterdam Stadion,Rotterdam Zuid,Lage Zwaluwe,Zevenbergen,Zwijndrecht","BRD, DDR, DDZD, ODB, RLB, RSD, RTB, RTD, RTST, RTZ, ZLW, ZVB, ZWD",defecte trein,broken down train,defecte trein,broken down train,rolling stock,2024-07-12 18:02:51,2024-07-12 19:11:58,69.0
54428,Amsterdam-Hilversum,"Almere Oostvaarders - Utrecht Centraal, Amersfoort - Amsterdam Centraal, Amersfoort - Schiphol Airport","135,148,149","Bussum Zuid,Hilversum,Naarden-Bussum,Hilversum Media Park","BSMZ, HVS, NDB, HVSM",defecte trein,broken down train,defecte trein,broken down train,rolling stock,2024-07-13 10:51:03,2024-07-13 11:05:55,15.0
54436,Utrecht-Arnhem,Arnhem Centraal - Utrecht Centraal,133,"Arnhem Centraal,Bunnik,Driebergen-Zeist,Ede-Wageningen,Veenendaal-De Klomp,Maarn,Oosterbeek,Utrecht Centraal,Wolfheze,Utrecht Vaartsche Rijn","AH, BNK, DB, ED, KLP, MRN, OTB, UT, WF, UTVR",defecte trein,broken down train,defecte trein,broken down train,rolling stock,2024-07-14 10:36:26,2024-07-14 13:58:24,202.0
54442,Utrecht-Breukelen; Utrecht-Woerden,"Amsterdam Centraal - Utrecht Centraal, Den Haag Centraal - Utrecht Centraal, Leiden Centraal - Utrecht Centraal, Rotterdam Centraal - Utrecht Centraal, Schiphol Airport - Utrecht Centraal","136,137,142,143,147","Breukelen,Maarssen,Utrecht Centraal,Utrecht Terwijde,Utrecht Zuilen,Vleuten,Woerden,Utrecht Leidsche Rijn","BKL, MAS, UT, UTT, UTZL, VTN, WD, UTLR",seinstoring,signal failure,seinstoring,signal failure,infrastructure,2024-07-15 05:39:22,2024-07-15 06:36:15,57.0
54444,Utrecht-Rotterdam; Utrecht-Den Haag,"Den Haag Centraal - Utrecht Centraal, Rotterdam Centraal - Utrecht Centraal","142,143","Gouda,Gouda Goverwelle,Utrecht Centraal,Utrecht Terwijde,Vleuten,Woerden,Utrecht Leidsche Rijn","GD, GDG, UT, UTT, VTN, WD, UTLR",defect spoor,defective railway track,defect spoor,defective railway track,infrastructure,2024-07-15 11:11:39,2024-07-15 13:15:15,124.0
54482,Leiden-Den Haag,Den Haag Centraal - Leiden Centraal,169,"De Vink,Den Haag Centraal,Den Haag Mariahoeve,Den Haag Laan v NOI,Leiden Centraal,Voorschoten","DVNK, GVC, GVM, LAA, LEDN, VST",gestrande trein,stranded train,gestrande trein,stranded train,rolling stock,2024-07-18 07:19:09,2024-07-18 07:27:26,8.0
54493,Utrecht-Den Haag,Den Haag Centraal - Utrecht Centraal,143,"Gouda,Gouda Goverwelle,Den Haag Centraal,Utrecht Centraal,Utrecht Terwijde,Voorburg,Vleuten,Woerden,Den Haag Ypenburg,Zoetermeer,Zoetermeer Oost,Utrecht Leidsche Rijn,Lansingerland-Zoetermeer","GD, GDG, GVC, UT, UTT, VB, VTN, WD, YPB, ZTM, ZTMO, UTLR, LLZM",defecte trein,broken down train,defecte trein,broken down train,rolling stock,2024-07-18 16:39:50,2024-07-18 18:08:45,89.0
54496,Amsterdam-Uitgeest,"Alkmaar - Amsterdam Centraal, Amsterdam Centraal - Hoorn","161,164","Amsterdam Centraal,Amsterdam Sloterdijk,Zaandam","ASD, ASS, ZD",defecte trein,broken down train,defecte trein,broken down train,rolling stock,2024-07-19 06:58:40,2024-07-19 06:59:58,1.0
54508,Dordrecht-Breda; Dordrecht-Roosendaal,"Breda - Dordrecht, Dordrecht - Roosendaal","170,171","Dordrecht,Dordrecht Zuid,Lage Zwaluwe","DDR, DDZD, ZLW",defecte trein,broken down train,defecte trein,broken down train,rolling stock,2024-07-19 19:18:44,2024-07-19 20:15:13,56.0
54517,Rotterdam-Dordrecht; Dordrecht-Roosendaal,"Dordrecht - Roosendaal, Dordrecht - Rotterdam Centraal","16,171","Barendrecht,Dordrecht,Dordrecht Zuid,Oudenbosch,Rotterdam Lombardijen,Roosendaal,Rotterdam Blaak,Rotterdam Centraal,Rotterdam Stadion,Rotterdam Zuid,Lage Zwaluwe,Zevenbergen,Zwijndrecht","BRD, DDR, DDZD, ODB, RLB, RSD, RTB, RTD, RTST, RTZ, ZLW, ZVB, ZWD",defecte trein,broken down train,defecte trein,broken down train,rolling stock,2024-07-19 21:45:44,2024-07-19 22:12:11,26.0
54527,Amsterdam-Utrecht,"Amsterdam Centraal - Utrecht Centraal, Schiphol Airport - Utrecht Centraal","136,137","Abcoude,Amsterdam Bijlmer ArenA,Amsterdam Holendrecht,Breukelen,Maarssen,Utrecht Centraal,Utrecht Zuilen","AC, ASB, ASHD, BKL, MAS, UT, UTZL",seinstoring,signal failure,seinstoring,signal failure,infrastructure,2024-07-20 12:56:00,2024-07-20 14:18:28,82.0
54529,Utrecht-Leiden,Leiden Centraal - Utrecht Centraal,147,"Alphen a/d Rijn,Leiden Lammenschans","APN, LDL",seinstoring,signal failure,seinstoring,signal failure,infrastructure,2024-07-20 13:08:35,2024-07-20 22:21:21,553.0
54534,Amsterdam Centraal,"Alkmaar - Amsterdam Centraal, Amersfoort - Amsterdam Centraal, Amsterdam Centraal - Haarlem, Amsterdam Centraal - Hoorn, Amsterdam Centraal - Lelystad Centrum, Amsterdam Centraal - Schiphol Airport, Amsterdam Centraal - Utrecht Centraal, Amsterdam Centraal - Woerden","32,112,135,136,141,145,161,164",Amsterdam Centraal,ASD,seinstoring,signal failure,seinstoring,signal failure,infrastructure,2024-07-20 16:19:30,2024-07-20 17:12:17,53.0
54541,Amsterdam-Hoofddorp,Amsterdam Centraal - Schiphol Airport,32,"Amsterdam Centraal,Amsterdam Lelylaan,Amsterdam Sloterdijk,Schiphol Airport","ASD, ASDL, ASS, SHL",defecte trein,broken down train,defecte trein,broken down train,rolling stock,2024-07-20 19:43:47,2024-07-20 20:13:29,30.0
54542,Hoofddorp-Schiphol-Hilversum,Amersfoort - Schiphol Airport,148,"Amsterdam Zuid,Bussum Zuid,Diemen Zuid,Duivendrecht,Hilversum,Naarden-Bussum,Amsterdam RAI,Schiphol Airport,Weesp,Hilversum Media Park","ASDZ, BSMZ, DMNZ, DVD, HVS, NDB, RAI, SHL, WP, HVSM",defecte trein,broken down train,defecte trein,broken down train,rolling stock,2024-07-20 19:45:02,2024-07-20 20:29:42,45.0
54546,Breukelen-Gouda,Amsterdam Centraal - Woerden,141,"Breukelen,Woerden","BKL, WD",defecte trein,broken down train,defecte trein,broken down train,rolling stock,2024-07-20 22:31:37,2024-07-20 22:48:24,17.0
54547,Utrecht-Rotterdam; Breukelen-Rotterdam,Rotterdam Centraal - Utrecht Centraal,142,"Capelle Schollevaar,Gouda,Nieuwerkerk a/d IJssel,Rotterdam Alexander,Rotterdam Noord","CPS, GD, NWK, RTA, RTN",seinstoring,signal failure,seinstoring,signal failure,infrastructure,2024-07-21 08:59:44,2024-07-21 11:29:30,150.0
54552,Rotterdam-Dordrecht; Dordrecht-Roosendaal,"Dordrecht - Roosendaal, Dordrecht - Rotterdam Centraal","16,171","Barendrecht,Dordrecht,Dordrecht Zuid,Oudenbosch,Rotterdam Lombardijen,Roosendaal,Rotterdam Blaak,Rotterdam Centraal,Rotterdam Stadion,Rotterdam Zuid,Lage Zwaluwe,Zevenbergen,Zwijndrecht","BRD, DDR, DDZD, ODB, RLB, RSD, RTB, RTD, RTST, RTZ, ZLW, ZVB, ZWD",defecte trein,broken down train,defecte trein,broken down train,rolling stock,2024-07-21 15:12:45,2024-07-21 15:15:08,2.0
54553,Utrecht-Rotterdam; Utrecht-Den Haag,"Den Haag Centraal - Utrecht Centraal, Rotterdam Centraal - Utrecht Centraal","142,143","Gouda Goverwelle,Utrecht Centraal,Utrecht Terwijde,Vleuten,Woerden,Utrecht Leidsche Rijn","GDG, UT, UTT, VTN, WD, UTLR",defecte trein,broken down train,defecte trein,broken down train,rolling stock,2024-07-21 18:08:44,2024-07-21 19:02:24,54.0
54561,Utrecht-Almere,Almere Oostvaarders - Utrecht Centraal,149,"Naarden-Bussum,Weesp,Almere Poort","NDB, WP, AMPO",defecte trein,broken down train,defecte trein,broken down train,rolling stock,2024-07-22 14:14:57,2024-07-22 14:22:53,8.0
54562,Amsterdam-Almere,Amsterdam Centraal - Lelystad Centrum,145,"Almere Centrum,Almere Muziekwijk,Amsterdam Centraal,Amsterdam Muiderpoort,Amsterdam Science Park,Diemen,Weesp,Almere Poort","ALM, ALMM, ASD, ASDM, ASSP, DMN, WP, AMPO",defecte trein,broken down train,defecte trein,broken down train,rolling stock,2024-07-22 14:55:15,2024-07-22 17:01:20,126.0
54563,Gouda-Den Haag; Gouda-Den Haag HS,"Den Haag Centraal - Den Haag HS, Den Haag Centraal - Utrecht Centraal","10,143","Den Haag HS,Den Haag Centraal,Voorburg,Den Haag Ypenburg,Zoetermeer","GV, GVC, VB, YPB, ZTM",seinstoring,signal failure,seinstoring,signal failure,infrastructure,2024-07-22 16:04:27,2024-07-22 18:40:30,156.0
54565,Schiphol-Leiden,Leiden Centraal - Schiphol Airport,22,"Hoofddorp,Leiden Centraal,Nieuw Vennep,Sassenheim","HFD, LEDN, NVP, SSH",gestrande trein,stranded train,gestrande trein,stranded train,rolling stock,2024-07-22 20:02:47,2024-07-22 20:07:25,5.0
54567,Amsterdam-Enkhuizen,"Amsterdam Centraal - Hoorn, Enkhuizen - Hoorn","119,164","Amsterdam Centraal,Amsterdam Sloterdijk,Bovenkarspel Flora,Bovenkarspel-Grootebroek,Enkhuizen,Hoogkarspel,Hoorn,Hoorn Kersenboogerd,Purmerend Overwhere,Purmerend,Purmerend Weidevenne,Zaandam,Zaandam Kogerveld","ASD, ASS, BKF, BKG, EKZ, HKS, HN, HNK, PMO, PMR, PMW, ZD, ZDK",defecte trein,broken down train,defecte trein,broken down train,rolling stock,2024-07-23 07:06:01,2024-07-23 07:41:13,35.0
54568,Amsterdam-Schiphol,Amsterdam Centraal - Schiphol Airport,32,"Amsterdam Centraal,Amsterdam Lelylaan,Amsterdam Sloterdijk,Schiphol Airport","ASD, ASDL, ASS, SHL",defecte trein,broken down train,defecte trein,broken down train,rolling stock,2024-07-23 08:27:03,2024-07-23 08:47:09,20.0
54577,Haarlem-Leiden,Haarlem - Leiden Centraal,23,"Heemstede-Aerdenhout,Hillegom,Haarlem,Leiden Centraal,Voorhout","HAD, HIL, HLM, LEDN, VH",defecte trein,broken down train,defecte trein,broken down train,rolling stock,2024-07-23 19:42:32,2024-07-23 20:06:56,24.0
54580,Alphen a/d Rijn-Gouda,Alphen a/d Rijn - Gouda,8,"Boskoop,Gouda,Waddinxveen,Waddinxveen Noord,Boskoop Snijdelwijk,Waddinxveen Triangel","BSK, GD, WAD, WADN, BSKS, WADT",seinstoring,signal failure,seinstoring,signal failure,infrastructure,2024-07-24 05:46:19,2024-07-24 09:09:39,203.0
54583,Utrecht-Hilversum,"Almere Oostvaarders - Utrecht Centraal, Hilversum - Utrecht Centraal","40,149","Hollandsche Rading,Hilversum,Hilversum Sportpark,Utrecht Overvecht","HOR, HVS, HVSP, UTO",defecte trein,broken down train,defecte trein,broken down train,rolling stock,2024-07-24 09:24:51,2024-07-24 09:29:44,5.0
54585,Leiden-Rotterdam,"Den Haag Centraal - Den Haag HS, Den Haag Centraal - Leiden Centraal, Den Haag HS - Leiden Centraal, Den Haag HS - Rotterdam Centraal","10,11,168,169","Delft,Delft Campus,De Vink,Den Haag HS,Den Haag Centraal,Den Haag Mariahoeve,Den Haag Moerwijk,Den Haag Laan v NOI,Leiden Centraal,Rijswijk,Rotterdam Centraal,Schiedam Centrum,Voorschoten","DT, DTCP, DVNK, GV, GVC, GVM, GVMW, LAA, LEDN, RSW, RTD, SDM, VST",defecte trein,broken down train,defecte trein,broken down train,rolling stock,2024-07-24 10:57:13,2024-07-24 11:55:57,59.0
54587,Schiphol-Hoofddorp,Leiden Centraal - Schiphol Airport,22,"Hoofddorp,Schiphol Airport","HFD, SHL",gestrande trein,stranded train,gestrande trein,stranded train,rolling stock,2024-07-24 12:32:09,2024-07-24 13:28:14,56.0
54614,Haarlem-Alkmaar,Haarlem - Uitgeest,111,"Bloemendaal,Beverwijk,Driehuis,Haarlem,Santpoort Noord,Santpoort Zuid","BLL, BV, DRH, HLM, SPTN, SPTZ",defecte trein,broken down train,defecte trein,broken down train,rolling stock,2024-07-26 09:09:23,2024-07-26 09:17:57,9.0
54625,Leiden-Alphen a/d Rijn,Leiden Centraal - Utrecht Centraal,147,"Alphen a/d Rijn,Leiden Lammenschans,Leiden Centraal","APN, LDL, LEDN",defecte trein,broken down train,defecte trein,broken down train,rolling stock,2024-07-27 09:12:04,2024-07-27 09:30:16,18.0
54627,Gouda-Den Haag HS,"Den Haag Centraal - Den Haag HS, Den Haag Centraal - Utrecht Centraal","10,143","Den Haag HS,Den Haag Centraal,Voorburg","GV, GVC, VB",seinstoring,signal failure,seinstoring,signal failure,infrastructure,2024-07-27 11:49:31,2024-07-27 16:47:14,298.0
54632,Alphen a/d Rijn-Gouda,Alphen a/d Rijn - Gouda,8,"Boskoop,Gouda,Waddinxveen,Waddinxveen Noord,Boskoop Snijdelwijk,Waddinxveen Triangel","BSK, GD, WAD, WADN, BSKS, WADT",defecte trein,broken down train,defecte trein,broken down train,rolling stock,2024-07-27 20:43:20,2024-07-27 21:10:17,27.0
54644,Utrecht-Hilversum,"Almere Oostvaarders - Utrecht Centraal, Hilversum - Utrecht Centraal","40,149","Hollandsche Rading,Hilversum,Hilversum Sportpark,Utrecht Overvecht","HOR, HVS, HVSP, UTO",defecte trein,broken down train,defecte trein,broken down train,rolling stock,2024-07-29 10:47:29,2024-07-29 11:11:34,24.0
54645,Haarlem-Alkmaar,Haarlem - Uitgeest,111,"Bloemendaal,Beverwijk,Driehuis,Haarlem,Santpoort Noord,Santpoort Zuid","BLL, BV, DRH, HLM, SPTN, SPTZ",defecte trein,broken down train,defecte trein,broken down train,rolling stock,2024-07-29 11:08:02,2024-07-29 11:49:54,42.0
54660,Utrecht-Tiel; Utrecht-Eindhoven,"'s-Hertogenbosch - Utrecht Centraal, Tiel - Utrecht Centraal","150,151","Culemborg,Geldermalsen,Houten Castellum","CL, GDM, HTNC",defecte trein,broken down train,defecte trein,broken down train,rolling stock,2024-07-29 21:07:47,2024-07-29 23:00:59,113.0
54666,Amsterdam-Utrecht,"Amsterdam Centraal - Utrecht Centraal, Amsterdam Centraal - Woerden","136,141","Amsterdam Amstel,Amsterdam Centraal,Amsterdam Muiderpoort,Duivendrecht","ASA, ASD, ASDM, DVD",defecte trein,broken down train,defecte trein,broken down train,rolling stock,2024-07-30 10:54:35,2024-07-30 10:56:38,2.0
54677,Dordrecht-Geldermalsen,Dordrecht - Geldermalsen,55,"Hardinxveld-Giessendam,Sliedrecht,Hardinxveld Blauwe Zoom","GND, SDT, HBZM",defecte trein,broken down train,defecte trein,broken down train,rolling stock,2024-07-30 16:44:16,2024-07-30 16:57:16,13.0
54685,Schiphol-Lelystad; Amsterdam-Schiphol,"Amersfoort - Schiphol Airport, Amsterdam Centraal - Schiphol Airport, Lelystad Centrum - Schiphol Airport, Schiphol Airport - Utrecht Centraal, Schiphol Airport - Zaandam","32,137,144,148,165","Amsterdam Lelylaan,Amsterdam Zuid,Amsterdam Sloterdijk,Schiphol Airport","ASDL, ASDZ, ASS, SHL",gestrande trein,stranded train,gestrande trein,stranded train,rolling stock,2024-07-30 23:42:03,2024-07-31 00:11:33,30.0
54698,Hoofddorp-Schiphol-Almere Oostvaarders; Hoofddorp-Schiphol-Hilversum,"Amersfoort - Schiphol Airport, Lelystad Centrum - Schiphol Airport","144,148","Amsterdam Zuid,Diemen Zuid,Duivendrecht,Amsterdam RAI,Schiphol Airport","ASDZ, DMNZ, DVD, RAI, SHL",defecte trein,broken down train,defecte trein,broken down train,rolling stock,2024-07-31 18:34:19,2024-07-31 18:56:28,22.0
54699,Amsterdam Zuid-Leiden Centraal,"Amersfoort - Schiphol Airport, Leiden Centraal - Schiphol Airport, Lelystad Centrum - Schiphol Airport, Schiphol Airport - Utrecht Centraal","22,137,144,148","Amsterdam Zuid,Hoofddorp,Leiden Centraal,Nieuw Vennep,Schiphol Airport,Sassenheim","ASDZ, HFD, LEDN, NVP, SHL, SSH",defecte trein,broken down train,defecte trein,broken down train,rolling stock,2024-07-31 19:10:12,2024-07-31 19:25:29,15.0
54713,Schiphol-Hoofddorp,Leiden Centraal - Schiphol Airport,22,"Hoofddorp,Schiphol Airport","HFD, SHL",gestrande trein,stranded train,gestrande trein,stranded train,rolling stock,2024-08-01 08:52:52,2024-08-01 09:02:13,9.0
54734,Dordrecht-Roosendaal,Dordrecht - Roosendaal,171,"Dordrecht,Dordrecht Zuid,Oudenbosch,Roosendaal,Lage Zwaluwe,Zevenbergen","DDR, DDZD, ODB, RSD, ZLW, ZVB",defecte trein,broken down train,defecte trein,broken down train,rolling stock,2024-08-02 14:43:13,2024-08-02 17:03:56,141.0
54735,Den Haag-Rotterdam,Den Haag HS - Rotterdam Centraal,11,"Delft,Delft Campus,Den Haag HS,Den Haag Moerwijk,Rijswijk,Rotterdam Centraal,Schiedam Centrum","DT, DTCP, GV, GVMW, RSW, RTD, SDM",seinstoring,signal failure,seinstoring,signal failure,infrastructure,2024-08-02 16:55:39,2024-08-02 18:37:16,102.0
54737,Amsterdam-Gouda,"Amsterdam Centraal - Utrecht Centraal, Amsterdam Centraal - Woerden, Schiphol Airport - Utrecht Centraal","136,137,141","Abcoude,Amsterdam Bijlmer ArenA,Amsterdam Holendrecht","AC, ASB, ASHD",defect spoor,defective railway track,defect spoor,defective railway track,infrastructure,2024-08-02 18:26:50,2024-08-03 02:10:54,464.0
54743,Amsterdam-Weesp,"Amersfoort - Amsterdam Centraal, Amsterdam Centraal - Lelystad Centrum","135,145","Amsterdam Centraal,Amsterdam Muiderpoort,Amsterdam Science Park,Diemen,Weesp","ASD, ASDM, ASSP, DMN, WP",defecte spoorbrug,damaged railway bridge,defecte spoorbrug,damaged railway bridge,infrastructure,2024-08-03 02:22:19,2024-08-03 02:48:51,27.0
54753,Amsterdam Sloterdijk-Schiphol Airport,"Amsterdam Centraal - Schiphol Airport, Schiphol Airport - Zaandam","32,165","Amsterdam Lelylaan,Amsterdam Sloterdijk,Schiphol Airport","ASDL, ASS, SHL",defecte trein,broken down train,defecte trein,broken down train,rolling stock,2024-08-04 08:31:48,2024-08-04 08:38:59,7.0
54761,Breukelen-Gouda,"Den Haag Centraal - Utrecht Centraal, Rotterdam Centraal - Utrecht Centraal","142,143","Gouda,Gouda Goverwelle,Woerden","GD, GDG, WD",defecte trein,broken down train,defecte trein,broken down train,rolling stock,2024-08-04 19:26:48,2024-08-04 19:28:34,2.0
54765,Utrecht-Rotterdam,Rotterdam Centraal - Utrecht Centraal,142,"Capelle Schollevaar,Gouda,Gouda Goverwelle,Nieuwerkerk a/d IJssel,Rotterdam Alexander,Rotterdam Centraal,Rotterdam Noord,Utrecht Centraal,Utrecht Terwijde,Vleuten,Woerden,Utrecht Leidsche Rijn","CPS, GD, GDG, NWK, RTA, RTD, RTN, UT, UTT, VTN, WD, UTLR",defecte trein,broken down train,defecte trein,broken down train,rolling stock,2024-08-05 08:17:17,2024-08-05 09:32:24,75.0
54766,Utrecht-Rotterdam,Rotterdam Centraal - Utrecht Centraal,142,"Capelle Schollevaar,Gouda,Gouda Goverwelle,Nieuwerkerk a/d IJssel,Rotterdam Alexander,Rotterdam Centraal,Rotterdam Noord,Utrecht Centraal,Utrecht Terwijde,Vleuten,Woerden,Utrecht Leidsche Rijn","CPS, GD, GDG, NWK, RTA, RTD, RTN, UT, UTT, VTN, WD, UTLR",defecte trein,broken down train,defecte trein,broken down train,rolling stock,2024-08-05 08:26:33,2024-08-05 08:29:12,3.0
54770,Amsterdam-Utrecht; Amsterdam-Gouda,"Amsterdam Centraal - Utrecht Centraal, Amsterdam Centraal - Woerden, Schiphol Airport - Utrecht Centraal","136,137,141","Abcoude,Amsterdam Amstel,Amsterdam Bijlmer ArenA,Amsterdam Centraal,Amsterdam Muiderpoort,Amsterdam Holendrecht,Breukelen,Duivendrecht,Maarssen,Utrecht Centraal,Utrecht Zuilen","AC, ASA, ASB, ASD, ASDM, ASHD, BKL, DVD, MAS, UT, UTZL",seinstoring,signal failure,seinstoring,signal failure,infrastructure,2024-08-05 13:27:52,2024-08-05 16:05:20,157.0
54772,Dordrecht-Breda; Dordrecht-Roosendaal,"Breda - Dordrecht, Dordrecht - Roosendaal","170,171","Dordrecht,Dordrecht Zuid,Lage Zwaluwe","DDR, DDZD, ZLW",defecte trein,broken down train,defecte trein,broken down train,rolling stock,2024-08-05 14:22:35,2024-08-05 14:40:15,18.0
54774,Utrecht-'s-Hertogenbosch; Utrecht-Tiel,"'s-Hertogenbosch - Utrecht Centraal, Tiel - Utrecht Centraal","150,151","Culemborg,Geldermalsen,Houten,Houten Castellum","CL, GDM, HTN, HTNC",defecte trein,broken down train,defecte trein,broken down train,rolling stock,2024-08-05 17:06:31,2024-08-05 18:00:08,54.0
54779,Breukelen-Utrecht-Veenendaal,"Arnhem Centraal - Utrecht Centraal, Rhenen - Utrecht Centraal","133,166","Bunnik,Driebergen-Zeist,Utrecht Centraal,Utrecht Vaartsche Rijn","BNK, DB, UT, UTVR",defecte trein,broken down train,defecte trein,broken down train,rolling stock,2024-08-06 07:54:44,2024-08-06 08:25:50,31.0
54782,Utrecht-Den Haag,Den Haag Centraal - Utrecht Centraal,143,"Gouda,Den Haag Centraal,Voorburg,Den Haag Ypenburg,Zoetermeer,Zoetermeer Oost,Lansingerland-Zoetermeer","GD, GVC, VB, YPB, ZTM, ZTMO, LLZM",seinstoring,signal failure,seinstoring,signal failure,infrastructure,2024-08-06 11:33:46,2024-08-06 13:09:35,96.0
54789,Den Haag-Rotterdam,Den Haag HS - Rotterdam Centraal,11,"Delft,Delft Campus,Rotterdam Centraal,Schiedam Centrum","DT, DTCP, RTD, SDM",defecte trein,broken down train,defecte trein,broken down train,rolling stock,2024-08-06 20:12:10,2024-08-06 20:57:09,45.0
54791,Amsterdam Zuid-Den Haag,Den Haag Centraal - Leiden Centraal,169,"De Vink,Den Haag Centraal,Den Haag Mariahoeve,Den Haag Laan v NOI,Leiden Centraal,Voorschoten","DVNK, GVC, GVM, LAA, LEDN, VST",defecte trein,broken down train,defecte trein,broken down train,rolling stock,2024-08-07 00:47:42,2024-08-07 00:53:39,6.0
54792,Utrecht-Leiden,Leiden Centraal - Utrecht Centraal,147,"Bodegraven,Woerden","BDG, WD",seinstoring,signal failure,seinstoring,signal failure,infrastructure,2024-08-07 05:31:02,2024-08-07 05:55:06,24.0
54793,Amsterdam-Almere; Leiden-Duivendrecht-Lelystad,"Amsterdam Centraal - Lelystad Centrum, Lelystad Centrum - Schiphol Airport","144,145","Almere Centrum,Almere Muziekwijk,Weesp,Almere Poort","ALM, ALMM, WP, AMPO",seinstoring,signal failure,seinstoring,signal failure,infrastructure,2024-08-07 05:50:02,2024-08-08 01:26:06,1176.0
54794,Utrecht-Almere,Almere Oostvaarders - Utrecht Centraal,149,"Almere Centrum,Almere Muziekwijk,Bussum Zuid,Hilversum,Naarden-Bussum,Weesp,Almere Poort,Hilversum Media Park","ALM, ALMM, BSMZ, HVS, NDB, WP, AMPO, HVSM",seinstoring,signal failure,seinstoring,signal failure,infrastructure,2024-08-07 05:56:53,2024-08-07 23:45:27,1069.0
54799,Dordrecht-Geldermalsen,Dordrecht - Geldermalsen,55,"Arkel,Beesd,Geldermalsen,Gorinchem,Leerdam","AKL, BSD, GDM, GR, LDM",overwegstoring,level crossing failure,overwegstoring,level crossing failure,infrastructure,2024-08-07 14:15:26,2024-08-07 14:23:33,8.0
54809,Utrecht-Almere,Almere Oostvaarders - Utrecht Centraal,149,"Almere Centrum,Almere Muziekwijk,Bussum Zuid,Hilversum,Naarden-Bussum,Weesp,Almere Poort,Hilversum Media Park","ALM, ALMM, BSMZ, HVS, NDB, WP, AMPO, HVSM",defecte trein,broken down train,defecte trein,broken down train,rolling stock,2024-08-08 09:20:58,2024-08-08 09:50:40,30.0
54810,Duivendrecht-Lelystad,Lelystad Centrum - Schiphol Airport,144,"Almere Centrum,Almere Muziekwijk,Diemen Zuid,Duivendrecht,Weesp,Almere Poort","ALM, ALMM, DMNZ, DVD, WP, AMPO",defecte trein,broken down train,defecte trein,broken down train,rolling stock,2024-08-08 09:21:26,2024-08-08 09:50:28,29.0
54817,Amsterdam-Hoofddorp,"Amsterdam Centraal - Schiphol Airport, Leiden Centraal - Schiphol Airport","22,32","Amsterdam Centraal,Amsterdam Lelylaan,Amsterdam Sloterdijk,Hoofddorp,Schiphol Airport","ASD, ASDL, ASS, HFD, SHL",seinstoring,signal failure,seinstoring,signal failure,infrastructure,2024-08-08 13:42:40,2024-08-08 23:04:24,562.0
54823,Den Haag-Rotterdam,"Den Haag Centraal - Den Haag HS, Den Haag HS - Rotterdam Centraal","10,11","Delft,Delft Campus,Den Haag HS,Den Haag Centraal,Den Haag Moerwijk,Rijswijk,Rotterdam Centraal,Schiedam Centrum","DT, DTCP, GV, GVC, GVMW, RSW, RTD, SDM",defecte trein,broken down train,defecte trein,broken down train,rolling stock,2024-08-08 18:53:44,2024-08-08 19:30:21,37.0
54827,Amsterdam-Almere; Leiden-Duivendrecht-Lelystad,"Amsterdam Centraal - Lelystad Centrum, Lelystad Centrum - Schiphol Airport","144,145","Almere Centrum,Almere Muziekwijk,Weesp,Almere Poort","ALM, ALMM, WP, AMPO",defect spoor,defective railway track,defect spoor,defective railway track,infrastructure,2024-08-09 09:08:16,2024-08-09 10:31:19,83.0
54828,Utrecht-Almere,Almere Oostvaarders - Utrecht Centraal,149,"Almere Centrum,Almere Muziekwijk,Bussum Zuid,Hilversum,Naarden-Bussum,Weesp,Almere Poort,Hilversum Media Park","ALM, ALMM, BSMZ, HVS, NDB, WP, AMPO, HVSM",defect spoor,defective railway track,defect spoor,defective railway track,infrastructure,2024-08-09 09:21:06,2024-08-09 10:31:28,70.0
54833,Rotterdam-Gouda,Rotterdam Centraal - Utrecht Centraal,142,"Capelle Schollevaar,Gouda,Nieuwerkerk a/d IJssel,Rotterdam Alexander,Rotterdam Centraal,Rotterdam Noord","CPS, GD, NWK, RTA, RTD, RTN",defecte trein,broken down train,defecte trein,broken down train,rolling stock,2024-08-09 15:15:06,2024-08-09 15:31:46,17.0
54840,Leiden-Den Haag HS,"Den Haag Centraal - Leiden Centraal, Den Haag HS - Leiden Centraal","168,169","De Vink,Den Haag Mariahoeve,Den Haag Laan v NOI,Leiden Centraal,Voorschoten","DVNK, GVM, LAA, LEDN, VST",defecte trein,broken down train,defecte trein,broken down train,rolling stock,2024-08-09 19:20:38,2024-08-09 19:29:26,9.0
54841,Leiden-Den Haag HS,"Den Haag Centraal - Den Haag HS, Den Haag Centraal - Leiden Centraal, Den Haag HS - Leiden Centraal","10,168,169","De Vink,Den Haag HS,Den Haag Centraal,Den Haag Mariahoeve,Den Haag Laan v NOI,Leiden Centraal,Voorschoten","DVNK, GV, GVC, GVM, LAA, LEDN, VST",defecte trein,broken down train,defecte trein,broken down train,rolling stock,2024-08-09 19:37:24,2024-08-09 19:48:55,12.0
54845,Amsterdam-Schiphol-Leiden; Leiden-Duivendrecht-Lelystad,Leiden Centraal - Schiphol Airport,22,"Hoofddorp,Leiden Centraal,Nieuw Vennep,Sassenheim","HFD, LEDN, NVP, SSH",defecte trein,broken down train,defecte trein,broken down train,rolling stock,2024-08-10 09:27:22,2024-08-10 10:59:27,92.0
54859,Amsterdam-Schiphol,Amsterdam Centraal - Schiphol Airport,32,"Amsterdam Centraal,Amsterdam Lelylaan,Amsterdam Sloterdijk,Schiphol Airport","ASD, ASDL, ASS, SHL",defecte trein,broken down train,defecte trein,broken down train,rolling stock,2024-08-11 13:57:54,2024-08-11 14:21:25,24.0
54866,Utrecht-Rotterdam,Rotterdam Centraal - Utrecht Centraal,142,"Capelle Schollevaar,Gouda,Gouda Goverwelle,Nieuwerkerk a/d IJssel,Rotterdam Alexander,Rotterdam Centraal,Rotterdam Noord,Utrecht Centraal,Utrecht Terwijde,Vleuten,Woerden,Utrecht Leidsche Rijn","CPS, GD, GDG, NWK, RTA, RTD, RTN, UT, UTT, VTN, WD, UTLR",seinstoring,signal failure,seinstoring,signal failure,infrastructure,2024-08-12 05:16:55,2024-08-12 06:53:30,97.0
54868,Utrecht-'s-Hertogenbosch; Utrecht-Tiel,"'s-Hertogenbosch - Utrecht Centraal, Tiel - Utrecht Centraal","150,151","Culemborg,Geldermalsen,Houten,Houten Castellum","CL, GDM, HTN, HTNC",defecte trein,broken down train,defecte trein,broken down train,rolling stock,2024-08-12 09:14:08,2024-08-12 09:43:02,29.0
54871,Utrecht-Tiel,"'s-Hertogenbosch - Utrecht Centraal, Tiel - Utrecht Centraal","150,151","Culemborg,Geldermalsen,Houten,Houten Castellum","CL, GDM, HTN, HTNC",defecte trein,broken down train,defecte trein,broken down train,rolling stock,2024-08-12 10:06:22,2024-08-12 10:27:38,21.0
54873,Amsterdam-Utrecht,"Amsterdam Centraal - Utrecht Centraal, Schiphol Airport - Utrecht Centraal","136,137","Abcoude,Amsterdam Bijlmer ArenA,Amsterdam Holendrecht,Breukelen,Maarssen","AC, ASB, ASHD, BKL, MAS",seinstoring,signal failure,seinstoring,signal failure,infrastructure,2024-08-12 15:13:03,2024-08-12 19:12:58,240.0
54875,Leiden-Den Haag,Den Haag Centraal - Leiden Centraal,169,"De Vink,Den Haag Centraal,Den Haag Mariahoeve,Den Haag Laan v NOI,Leiden Centraal,Voorschoten","DVNK, GVC, GVM, LAA, LEDN, VST",defecte trein,broken down train,defecte trein,broken down train,rolling stock,2024-08-12 16:37:40,2024-08-12 17:35:49,58.0
54876,Amsterdam-Haarlem; Haarlem-Leiden,"Amsterdam Centraal - Haarlem, Haarlem - Leiden Centraal","23,112","Amsterdam Centraal,Amsterdam Sloterdijk,Heemstede-Aerdenhout,Hillegom,Haarlem,Haarlem Spaarnwoude,Leiden Centraal,Voorhout,Halfweg-Zwanenburg","ASD, ASS, HAD, HIL, HLM, HLMS, LEDN, VH, HWZB",defecte trein,broken down train,defecte trein,broken down train,rolling stock,2024-08-12 16:55:16,2024-08-12 17:35:57,41.0
54879,Utrecht-Rotterdam,Rotterdam Centraal - Utrecht Centraal,142,"Capelle Schollevaar,Gouda,Gouda Goverwelle,Nieuwerkerk a/d IJssel,Rotterdam Alexander,Rotterdam Centraal,Rotterdam Noord,Utrecht Centraal,Utrecht Terwijde,Vleuten,Woerden,Utrecht Leidsche Rijn","CPS, GD, GDG, NWK, RTA, RTD, RTN, UT, UTT, VTN, WD, UTLR",defecte trein,broken down train,defecte trein,broken down train,rolling stock,2024-08-12 19:45:47,2024-08-12 20:57:04,71.0
54881,Gouda-Den Haag; Alphen a/d Rijn-Gouda,"Alphen a/d Rijn - Gouda, Den Haag Centraal - Utrecht Centraal","8,143","Alphen a/d Rijn,Boskoop,Gouda,Waddinxveen,Waddinxveen Noord,Zoetermeer,Zoetermeer Oost,Boskoop Snijdelwijk,Waddinxveen Triangel,Lansingerland-Zoetermeer","APN, BSK, GD, WAD, WADN, ZTM, ZTMO, BSKS, WADT, LLZM",defecte spoorbrug,damaged railway bridge,defecte spoorbrug,damaged railway bridge,infrastructure,2024-08-12 20:39:27,2024-08-12 20:43:25,4.0
54882,Amsterdam-Haarlem,Amsterdam Centraal - Haarlem,112,"Amsterdam Centraal,Amsterdam Sloterdijk,Haarlem,Haarlem Spaarnwoude,Halfweg-Zwanenburg","ASD, ASS, HLM, HLMS, HWZB",gestrande trein,stranded train,gestrande trein,stranded train,rolling stock,2024-08-12 21:07:03,2024-08-12 21:08:40,2.0
54885,Amsterdam Zuid-Leiden Centraal,"Amersfoort - Schiphol Airport, Lelystad Centrum - Schiphol Airport, Schiphol Airport - Utrecht Centraal","137,144,148","Amsterdam Zuid,Schiphol Airport","ASDZ, SHL",defecte trein,broken down train,defecte trein,broken down train,rolling stock,2024-08-13 08:02:24,2024-08-13 08:11:40,9.0
54893,Hoofddorp-Schiphol-Almere Oostvaarders,"Amersfoort - Schiphol Airport, Lelystad Centrum - Schiphol Airport, Schiphol Airport - Utrecht Centraal","137,144,148","Amsterdam Zuid,Amsterdam RAI","ASDZ, RAI",defecte trein,broken down train,defecte trein,broken down train,rolling stock,2024-08-13 15:14:52,2024-08-13 15:16:30,2.0
54911,Dordrecht-Breda; Dordrecht-Roosendaal,"Breda - Dordrecht, Dordrecht - Roosendaal","170,171","Dordrecht,Dordrecht Zuid,Lage Zwaluwe","DDR, DDZD, ZLW",seinstoring,signal failure,seinstoring,signal failure,infrastructure,2024-08-14 04:43:44,,
54916,Amsterdam-Haarlem,Amsterdam Centraal - Haarlem,112,"Amsterdam Centraal,Amsterdam Sloterdijk,Haarlem,Haarlem Spaarnwoude,Halfweg-Zwanenburg","ASD, ASS, HLM, HLMS, HWZB",seinstoring,signal failure,seinstoring,signal failure,infrastructure,2024-08-14 05:46:43,2024-08-14 06:31:49,45.0
54918,Rotterdam-Dordrecht,Dordrecht - Rotterdam Centraal,16,"Barendrecht,Dordrecht,Rotterdam Lombardijen,Rotterdam Blaak,Rotterdam Centraal,Rotterdam Stadion,Rotterdam Zuid,Zwijndrecht","BRD, DDR, RLB, RTB, RTD, RTST, RTZ, ZWD",seinstoring,signal failure,seinstoring,signal failure,infrastructure,2024-08-14 06:08:43,2024-08-14 06:30:52,22.0
54920,Rotterdam-Gouda,Rotterdam Centraal - Utrecht Centraal,142,"Rotterdam Alexander,Rotterdam Noord","RTA, RTN",defecte trein,broken down train,defecte trein,broken down train,rolling stock,2024-08-14 10:22:56,2024-08-14 10:51:27,29.0
54931,Schiphol-Utrecht,Schiphol Airport - Utrecht Centraal,137,"Amsterdam Bijlmer ArenA,Amsterdam Zuid,Duivendrecht,Amsterdam RAI,Schiphol Airport","ASB, ASDZ, DVD, RAI, SHL",defecte trein,broken down train,defecte trein,broken down train,rolling stock,2024-08-14 18:30:53,2024-08-14 19:06:20,35.0
54941,Amsterdam-Haarlem,Amsterdam Centraal - Haarlem,112,"Amsterdam Centraal,Amsterdam Sloterdijk,Haarlem,Haarlem Spaarnwoude,Halfweg-Zwanenburg","ASD, ASS, HLM, HLMS, HWZB",defecte trein,broken down train,defecte trein,broken down train,rolling stock,2024-08-16 07:45:48,2024-08-16 08:16:38,31.0
54944,Utrecht-Almere,Almere Oostvaarders - Utrecht Centraal,149,"Almere Centrum,Almere Muziekwijk,Bussum Zuid,Hilversum,Naarden-Bussum,Weesp,Almere Poort,Hilversum Media Park","ALM, ALMM, BSMZ, HVS, NDB, WP, AMPO, HVSM",seinstoring,signal failure,seinstoring,signal failure,infrastructure,2024-08-16 12:38:09,2024-08-16 14:43:13,125.0
54947,Den Haag-Rotterdam-Dordrecht,"Den Haag Centraal - Den Haag HS, Den Haag HS - Rotterdam Centraal, Dordrecht - Rotterdam Centraal","10,11,16","Barendrecht,Dordrecht,Delft,Delft Campus,Den Haag HS,Den Haag Centraal,Den Haag Moerwijk,Rotterdam Lombardijen,Rijswijk,Rotterdam Blaak,Rotterdam Centraal,Rotterdam Stadion,Rotterdam Zuid,Schiedam Centrum,Zwijndrecht","BRD, DDR, DT, DTCP, GV, GVC, GVMW, RLB, RSW, RTB, RTD, RTST, RTZ, SDM, ZWD",gestrande trein,stranded train,gestrande trein,stranded train,rolling stock,2024-08-16 13:32:02,2024-08-16 14:02:16,30.0
54953,Amsterdam-Weesp,"Amersfoort - Amsterdam Centraal, Amsterdam Centraal - Lelystad Centrum","135,145","Diemen,Weesp","DMN, WP",defecte trein,broken down train,defecte trein,broken down train,rolling stock,2024-08-17 08:57:47,2024-08-17 09:03:54,6.0
54958,Amsterdam-Hoofddorp,"Amsterdam Centraal - Schiphol Airport, Leiden Centraal - Schiphol Airport","22,32","Amsterdam Centraal,Amsterdam Lelylaan,Amsterdam Sloterdijk,Hoofddorp,Schiphol Airport","ASD, ASDL, ASS, HFD, SHL",defecte trein,broken down train,defecte trein,broken down train,rolling stock,2024-08-17 17:13:35,2024-08-17 17:44:36,31.0
54959,Leiden-Den Haag,Den Haag Centraal - Leiden Centraal,169,"De Vink,Den Haag Centraal,Den Haag Mariahoeve,Den Haag Laan v NOI,Leiden Centraal,Voorschoten","DVNK, GVC, GVM, LAA, LEDN, VST",defecte trein,broken down train,defecte trein,broken down train,rolling stock,2024-08-17 17:21:46,2024-08-17 17:44:42,23.0
54960,Leiden-Duivendrecht-Lelystad,"Leiden Centraal - Schiphol Airport, Lelystad Centrum - Schiphol Airport","22,144","Almere Centrum,Almere Muziekwijk,Amsterdam Zuid,Diemen Zuid,Duivendrecht,Hoofddorp,Leiden Centraal,Nieuw Vennep,Amsterdam RAI,Schiphol Airport,Weesp,Sassenheim,Almere Poort","ALM, ALMM, ASDZ, DMNZ, DVD, HFD, LEDN, NVP, RAI, SHL, WP, SSH, AMPO",eerdere verstoring,an earlier disruption,defecte trein,broken down train,rolling stock,2024-08-17 17:23:07,2024-08-17 18:12:28,49.0
54961,Schiphol-Amersfoort,Amersfoort - Schiphol Airport,148,"Amsterdam Zuid,Bussum Zuid,Diemen Zuid,Duivendrecht,Hilversum,Naarden-Bussum,Amsterdam RAI,Schiphol Airport,Weesp,Hilversum Media Park","ASDZ, BSMZ, DMNZ, DVD, HVS, NDB, RAI, SHL, WP, HVSM",defecte trein,broken down train,defecte trein,broken down train,rolling stock,2024-08-17 17:23:48,2024-08-17 17:27:51,4.0
54964,Utrecht-'s-Hertogenbosch,'s-Hertogenbosch - Utrecht Centraal,151,"Culemborg,Geldermalsen,'s-Hertogenbosch,Houten,Houten Castellum,Utrecht Centraal,Zaltbommel,Utrecht Lunetten,Utrecht Vaartsche Rijn","CL, GDM, HT, HTN, HTNC, UT, ZBM, UTLN, UTVR",defecte trein,broken down train,defecte trein,broken down train,rolling stock,2024-08-17 21:25:59,2024-08-17 22:20:01,54.0
54967,Dordrecht-Gorinchem,Dordrecht - Geldermalsen,55,"Dordrecht Stadspolders,Sliedrecht,Sliedrecht Baanhoek","DDRS, SDT, SDTB",defecte trein,broken down train,defecte trein,broken down train,rolling stock,2024-08-18 07:30:29,2024-08-18 07:30:37,0.0
54969,Amsterdam-Hoofddorp,"Amsterdam Centraal - Schiphol Airport, Leiden Centraal - Schiphol Airport","22,32","Amsterdam Centraal,Amsterdam Lelylaan,Amsterdam Sloterdijk,Hoofddorp,Schiphol Airport","ASD, ASDL, ASS, HFD, SHL",defecte trein,broken down train,defecte trein,broken down train,rolling stock,2024-08-18 12:12:20,2024-08-18 12:56:48,44.0
54970,Amsterdam-Uitgeest; Amsterdam-Haarlem,"Alkmaar - Amsterdam Centraal, Amsterdam Centraal - Haarlem, Amsterdam Centraal - Hoorn","112,161,164","Amsterdam Centraal,Amsterdam Sloterdijk,Haarlem,Haarlem Spaarnwoude,Zaandam,Halfweg-Zwanenburg","ASD, ASS, HLM, HLMS, ZD, HWZB",defecte trein,broken down train,defecte trein,broken down train,rolling stock,2024-08-18 12:57:39,2024-08-18 13:00:43,3.0
54972,Schiphol-Utrecht; Amsterdam Zuid-Den Haag,"Amersfoort - Schiphol Airport, Lelystad Centrum - Schiphol Airport, Schiphol Airport - Utrecht Centraal","137,144,148","Amsterdam Zuid,Schiphol Airport","ASDZ, SHL",defect spoor,defective railway track,defect spoor,defective railway track,infrastructure,2024-08-18 14:52:17,2024-08-18 15:16:54,25.0
54977,Dordrecht-Geldermalsen,Dordrecht - Geldermalsen,55,"Arkel,Gorinchem,Leerdam","AKL, GR, LDM",defecte trein,broken down train,defecte trein,broken down train,rolling stock,2024-08-19 05:59:03,2024-08-19 07:35:32,96.0
54978,Amsterdam-Schiphol; Amsterdam-Uitgeest; Amsterdam-Haarlem,"Alkmaar - Amsterdam Centraal, Amsterdam Centraal - Haarlem, Amsterdam Centraal - Hoorn, Amsterdam Centraal - Schiphol Airport","32,112,161,164","Amsterdam Centraal,Amsterdam Lelylaan,Amsterdam Sloterdijk,Haarlem,Haarlem Spaarnwoude,Schiphol Airport,Zaandam,Halfweg-Zwanenburg","ASD, ASDL, ASS, HLM, HLMS, SHL, ZD, HWZB",seinstoring,signal failure,seinstoring,signal failure,infrastructure,2024-08-19 06:17:15,2024-08-19 06:22:15,5.0
54979,Amsterdam-Hoofddorp,"Alkmaar - Amsterdam Centraal, Amsterdam Centraal - Haarlem, Amsterdam Centraal - Hoorn, Amsterdam Centraal - Schiphol Airport","32,112,161,164","Amsterdam Centraal,Amsterdam Sloterdijk","ASD, ASS",seinstoring,signal failure,seinstoring,signal failure,infrastructure,2024-08-19 07:18:35,2024-08-19 09:40:02,141.0
54980,Amsterdam-Schiphol-Rotterdam (HSL),Amsterdam Centraal - Schiphol Airport,32,"Amsterdam Centraal,Amsterdam Lelylaan,Amsterdam Sloterdijk,Schiphol Airport","ASD, ASDL, ASS, SHL",seinstoring,signal failure,seinstoring,signal failure,infrastructure,2024-08-19 07:38:32,2024-08-19 09:41:11,123.0
55002,Amsterdam-Schiphol,"Amsterdam Centraal - Schiphol Airport, Schiphol Airport - Zaandam","32,165","Amsterdam Lelylaan,Amsterdam Sloterdijk","ASDL, ASS",defecte trein,broken down train,defecte trein,broken down train,rolling stock,2024-08-20 19:33:36,2024-08-20 19:40:34,7.0
55003,Utrecht-Den Haag,Den Haag Centraal - Utrecht Centraal,143,"Gouda,Gouda Goverwelle,Den Haag Centraal,Voorburg,Den Haag Ypenburg,Zoetermeer,Zoetermeer Oost,Lansingerland-Zoetermeer","GD, GDG, GVC, VB, YPB, ZTM, ZTMO, LLZM",defecte trein,broken down train,defecte trein,broken down train,rolling stock,2024-08-20 20:36:33,2024-08-20 20:56:32,20.0
55004,Schiphol-Hoofddorp,Leiden Centraal - Schiphol Airport,22,"Hoofddorp,Schiphol Airport","HFD, SHL",defecte trein,broken down train,defecte trein,broken down train,rolling stock,2024-08-20 20:51:01,2024-08-20 20:57:51,7.0
55015,Amsterdam-Utrecht; Amsterdam-Gouda,"Amsterdam Centraal - Utrecht Centraal, Amsterdam Centraal - Woerden","136,141","Amsterdam Amstel,Amsterdam Bijlmer ArenA,Amsterdam Centraal,Amsterdam Muiderpoort,Duivendrecht","ASA, ASB, ASD, ASDM, DVD",beschadigde spoorbrug,damaged railway bridge,beschadigde spoorbrug,damaged railway bridge,accidents,2024-08-21 19:50:57,2024-08-21 21:12:14,81.0
55016,Utrecht-Eindhoven,"'s-Hertogenbosch - Eindhoven, 's-Hertogenbosch - Utrecht Centraal","151,153","Best,Boxtel,Culemborg,Eindhoven Centraal,Geldermalsen,'s-Hertogenbosch,Houten,Houten Castellum,Utrecht Centraal,Vught,Zaltbommel,Eindhoven Strijp-S,Utrecht Lunetten,Utrecht Vaartsche Rijn","BET, BTL, CL, EHV, GDM, HT, HTN, HTNC, UT, VG, ZBM, EHS, UTLN, UTVR",beschadigde spoorbrug,damaged railway bridge,beschadigde spoorbrug,damaged railway bridge,accidents,2024-08-21 20:00:21,2024-08-21 20:23:19,23.0
55032,Amsterdam-Haarlem,Amsterdam Centraal - Haarlem,112,"Amsterdam Centraal,Amsterdam Sloterdijk,Haarlem,Haarlem Spaarnwoude,Halfweg-Zwanenburg","ASD, ASS, HLM, HLMS, HWZB",beschadigde spoorbrug,damaged railway bridge,beschadigde spoorbrug,damaged railway bridge,accidents,2024-08-22 21:12:11,2024-08-22 21:22:35,10.0
55040,Amsterdam-Haarlem,Amsterdam Centraal - Haarlem,112,"Amsterdam Centraal,Amsterdam Sloterdijk,Haarlem,Haarlem Spaarnwoude,Halfweg-Zwanenburg","ASD, ASS, HLM, HLMS, HWZB",defecte trein,broken down train,defecte trein,broken down train,rolling stock,2024-08-23 11:58:47,2024-08-23 12:15:53,17.0
55041,Haarlem-Leiden,Haarlem - Leiden Centraal,23,"Heemstede-Aerdenhout,Hillegom,Haarlem,Voorhout","HAD, HIL, HLM, VH",beschadigde spoorbrug,damaged railway bridge,beschadigde spoorbrug,damaged railway bridge,accidents,2024-08-23 12:05:24,2024-08-23 13:26:08,81.0
55045,Amsterdam-Schiphol,Amsterdam Centraal - Schiphol Airport,32,"Amsterdam Centraal,Amsterdam Lelylaan,Amsterdam Sloterdijk,Schiphol Airport","ASD, ASDL, ASS, SHL",defecte trein,broken down train,defecte trein,broken down train,rolling stock,2024-08-23 15:44:48,2024-08-23 16:01:27,17.0
55047,Haarlem-Zandvoort,Haarlem - Zandvoort aan Zee,110,"Haarlem,Overveen,Zandvoort aan Zee","HLM, OVN, ZVT",defecte trein,broken down train,defecte trein,broken down train,rolling stock,2024-08-23 18:47:54,2024-08-23 19:04:22,16.0
55048,Amsterdam-Haarlem,Amsterdam Centraal - Haarlem,112,"Amsterdam Centraal,Amsterdam Sloterdijk,Haarlem,Haarlem Spaarnwoude,Halfweg-Zwanenburg","ASD, ASS, HLM, HLMS, HWZB",defecte trein,broken down train,defecte trein,broken down train,rolling stock,2024-08-23 19:52:20,2024-08-23 21:47:23,115.0
55049,Utrecht-Rotterdam,Rotterdam Centraal - Utrecht Centraal,142,"Capelle Schollevaar,Gouda,Gouda Goverwelle,Nieuwerkerk a/d IJssel,Rotterdam Alexander,Rotterdam Centraal,Rotterdam Noord,Utrecht Centraal,Utrecht Terwijde,Vleuten,Woerden,Utrecht Leidsche Rijn","CPS, GD, GDG, NWK, RTA, RTD, RTN, UT, UTT, VTN, WD, UTLR",defecte trein,broken down train,defecte trein,broken down train,rolling stock,2024-08-23 21:57:52,2024-08-23 22:30:08,32.0
55055,Amsterdam-Haarlem,Amsterdam Centraal - Haarlem,112,"Amsterdam Centraal,Amsterdam Sloterdijk,Haarlem,Haarlem Spaarnwoude,Halfweg-Zwanenburg","ASD, ASS, HLM, HLMS, HWZB",defecte trein,broken down train,defecte trein,broken down train,rolling stock,2024-08-24 09:12:58,2024-08-24 09:22:47,10.0
55056,Amsterdam-Weesp,"Amersfoort - Amsterdam Centraal, Amsterdam Centraal - Lelystad Centrum","135,145","Amsterdam Centraal,Amsterdam Muiderpoort,Amsterdam Science Park,Diemen,Weesp","ASD, ASDM, ASSP, DMN, WP",defecte trein,broken down train,defecte trein,broken down train,rolling stock,2024-08-24 09:54:01,2024-08-24 10:11:44,18.0
55057,Haarlem-Zandvoort,Haarlem - Zandvoort aan Zee,110,"Haarlem,Overveen,Zandvoort aan Zee","HLM, OVN, ZVT",defecte trein,broken down train,defecte trein,broken down train,rolling stock,2024-08-24 10:13:05,2024-08-24 10:14:27,1.0
55059,Amsterdam-Haarlem,Amsterdam Centraal - Haarlem,112,"Amsterdam Centraal,Amsterdam Sloterdijk,Haarlem,Haarlem Spaarnwoude,Halfweg-Zwanenburg","ASD, ASS, HLM, HLMS, HWZB",defecte trein,broken down train,defecte trein,broken down train,rolling stock,2024-08-24 18:58:45,2024-08-24 20:04:01,65.0
55062,Schiphol-Leiden,Leiden Centraal - Schiphol Airport,22,"Hoofddorp,Leiden Centraal,Nieuw Vennep,Sassenheim","HFD, LEDN, NVP, SSH",defecte trein,broken down train,defecte trein,broken down train,rolling stock,2024-08-24 20:20:28,2024-08-24 20:56:35,36.0
55063,Gouda-Den Haag,Den Haag Centraal - Utrecht Centraal,143,"Den Haag Centraal,Voorburg,Den Haag Ypenburg,Zoetermeer","GVC, VB, YPB, ZTM",defecte trein,broken down train,defecte trein,broken down train,rolling stock,2024-08-24 20:36:30,2024-08-24 20:56:43,20.0
55073,Amsterdam-Haarlem,Amsterdam Centraal - Haarlem,112,"Amsterdam Centraal,Amsterdam Sloterdijk,Haarlem,Haarlem Spaarnwoude,Halfweg-Zwanenburg","ASD, ASS, HLM, HLMS, HWZB",defecte trein,broken down train,defecte trein,broken down train,rolling stock,2024-08-25 14:03:52,2024-08-25 14:09:30,6.0
55077,Hoofddorp-Schiphol-Almere Oostvaarders,"Amersfoort - Schiphol Airport, Lelystad Centrum - Schiphol Airport, Schiphol Airport - Utrecht Centraal","137,144,148","Amsterdam Zuid,Amsterdam RAI","ASDZ, RAI",defecte trein,broken down train,defecte trein,broken down train,rolling stock,2024-08-25 22:36:36,2024-08-25 22:51:19,15.0
55084,Utrecht-Hilversum,"Almere Oostvaarders - Utrecht Centraal, Hilversum - Utrecht Centraal","40,149","Hollandsche Rading,Hilversum,Hilversum Sportpark,Utrecht Centraal,Utrecht Overvecht","HOR, HVS, HVSP, UT, UTO",seinstoring,signal failure,seinstoring,signal failure,infrastructure,2024-08-26 08:15:44,2024-08-26 09:59:07,103.0
55085,Utrecht-Almere,Almere Oostvaarders - Utrecht Centraal,149,"Almere Centrum,Almere Muziekwijk,Bussum Zuid,Hilversum,Naarden-Bussum,Weesp,Almere Poort,Hilversum Media Park","ALM, ALMM, BSMZ, HVS, NDB, WP, AMPO, HVSM",defecte trein,broken down train,defecte trein,broken down train,rolling stock,2024-08-26 08:27:52,2024-08-26 09:06:30,39.0
55086,Amsterdam-Almere,Amsterdam Centraal - Lelystad Centrum,145,"Almere Centrum,Almere Muziekwijk,Amsterdam Centraal,Amsterdam Muiderpoort,Amsterdam Science Park,Diemen,Weesp,Almere Poort","ALM, ALMM, ASD, ASDM, ASSP, DMN, WP, AMPO",defecte trein,broken down train,defecte trein,broken down train,rolling stock,2024-08-26 08:28:46,2024-08-26 09:15:14,46.0
55091,Amsterdam - Haarlem.,Amsterdam Centraal - Haarlem,112,"Amsterdam Centraal,Amsterdam Sloterdijk,Haarlem,Haarlem Spaarnwoude,Halfweg-Zwanenburg","ASD, ASS, HLM, HLMS, HWZB",defecte trein,broken down train,defecte trein,broken down train,rolling stock,2024-08-26 13:39:09,2024-08-26 14:23:31,44.0
55092,Dordrecht - Roosendaal.,Dordrecht - Roosendaal,171,"Dordrecht,Dordrecht Zuid,Oudenbosch,Roosendaal,Lage Zwaluwe,Zevenbergen","DDR, DDZD, ODB, RSD, ZLW, ZVB",defecte trein,broken down train,defecte trein,broken down train,rolling stock,2024-08-26 13:51:45,2024-08-26 14:14:28,23.0
55093,Amsterdam Sloterdijk - Schiphol Airport; Amsterdam Zuid - Leiden Centraal.,"Amersfoort - Schiphol Airport, Amsterdam Centraal - Schiphol Airport, Lelystad Centrum - Schiphol Airport, Schiphol Airport - Utrecht Centraal, Schiphol Airport - Zaandam","32,137,144,148,165","Amsterdam Lelylaan,Amsterdam Zuid,Amsterdam Sloterdijk,Schiphol Airport","ASDL, ASDZ, ASS, SHL",defecte trein,broken down train,defecte trein,broken down train,rolling stock,2024-08-26 16:37:50,2024-08-26 16:48:28,11.0
55097,Utrecht - Leiden.,Leiden Centraal - Utrecht Centraal,147,"Alphen a/d Rijn,Bodegraven","APN, BDG",defecte trein,broken down train,defecte trein,broken down train,rolling stock,2024-08-26 17:49:02,2024-08-26 18:10:11,21.0
55100,Amsterdam - Utrecht; Amsterdam - Gouda.,"Amsterdam Centraal - Utrecht Centraal, Amsterdam Centraal - Woerden","136,141","Amsterdam Amstel,Amsterdam Bijlmer ArenA,Amsterdam Centraal,Amsterdam Muiderpoort,Duivendrecht","ASA, ASB, ASD, ASDM, DVD",defecte trein,broken down train,defecte trein,broken down train,rolling stock,2024-08-26 21:38:16,2024-08-26 22:29:25,51.0
55102,Gouda - Den Haag.,Den Haag Centraal - Utrecht Centraal,143,"Den Haag Centraal,Voorburg,Den Haag Ypenburg,Zoetermeer","GVC, VB, YPB, ZTM",defecte trein,broken down train,defecte trein,broken down train,rolling stock,2024-08-27 07:43:07,2024-08-27 07:58:58,16.0
55106,Amsterdam - Schiphol - Rotterdam.,Amsterdam Centraal - Schiphol Airport,32,"Amsterdam Centraal,Amsterdam Lelylaan,Amsterdam Sloterdijk,Schiphol Airport","ASD, ASDL, ASS, SHL",gestrande trein,stranded train,gestrande trein,stranded train,rolling stock,2024-08-27 11:32:17,2024-08-27 11:49:24,17.0
55115,Alphen a/d Rijn - Gouda.,Alphen a/d Rijn - Gouda,8,"Alphen a/d Rijn,Boskoop,Gouda,Waddinxveen,Waddinxveen Noord,Boskoop Snijdelwijk,Waddinxveen Triangel","APN, BSK, GD, WAD, WADN, BSKS, WADT",defecte trein,broken down train,defecte trein,broken down train,rolling stock,2024-08-27 15:30:31,2024-08-27 15:44:05,14.0
55116,Dordrecht - Gorinchem.,Dordrecht - Geldermalsen,55,"Dordrecht,Dordrecht Stadspolders,Hardinxveld-Giessendam,Gorinchem,Sliedrecht,Boven-Hardinxveld,Sliedrecht Baanhoek,Hardinxveld Blauwe Zoom","DDR, DDRS, GND, GR, SDT, BHDV, SDTB, HBZM",defecte trein,broken down train,defecte trein,broken down train,rolling stock,2024-08-27 15:33:19,2024-08-27 16:05:00,32.0
55122,Amsterdam - Haarlem; Haarlem - Zandvoort.,"Amsterdam Centraal - Haarlem, Haarlem - Zandvoort aan Zee","110,112","Amsterdam Centraal,Amsterdam Sloterdijk,Haarlem,Haarlem Spaarnwoude,Overveen,Zandvoort aan Zee,Halfweg-Zwanenburg","ASD, ASS, HLM, HLMS, OVN, ZVT, HWZB",defecte trein,broken down train,defecte trein,broken down train,rolling stock,2024-08-27 18:11:54,2024-08-27 22:24:42,253.0
55124,Dordrecht - Roosendaal.,Dordrecht - Roosendaal,171,"Dordrecht,Dordrecht Zuid,Oudenbosch,Roosendaal,Lage Zwaluwe,Zevenbergen","DDR, DDZD, ODB, RSD, ZLW, ZVB",defecte trein,broken down train,defecte trein,broken down train,rolling stock,2024-08-27 20:54:06,2024-08-27 22:54:24,120.0
55125,Rotterdam - Dordrecht.,Dordrecht - Rotterdam Centraal,16,"Barendrecht,Dordrecht,Rotterdam Lombardijen,Rotterdam Blaak,Rotterdam Centraal,Rotterdam Stadion,Rotterdam Zuid,Zwijndrecht","BRD, DDR, RLB, RTB, RTD, RTST, RTZ, ZWD",defecte trein,broken down train,defecte trein,broken down train,rolling stock,2024-08-27 21:14:00,2024-08-27 21:30:15,16.0
55130,Rotterdam - Dordrecht; Dordrecht - Roosendaal.,"Dordrecht - Roosendaal, Dordrecht - Rotterdam Centraal","16,171","Barendrecht,Dordrecht,Dordrecht Zuid,Oudenbosch,Rotterdam Lombardijen,Roosendaal,Rotterdam Blaak,Rotterdam Centraal,Rotterdam Stadion,Rotterdam Zuid,Lage Zwaluwe,Zevenbergen,Zwijndrecht","BRD, DDR, DDZD, ODB, RLB, RSD, RTB, RTD, RTST, RTZ, ZLW, ZVB, ZWD",defecte trein,broken down train,defecte trein,broken down train,rolling stock,2024-08-28 06:49:45,2024-08-28 07:07:30,18.0
55132,Utrecht - 's-Hertogenbosch.,"'s-Hertogenbosch - Utrecht Centraal, Tiel - Utrecht Centraal","150,151","Houten,Utrecht Centraal,Utrecht Lunetten,Utrecht Vaartsche Rijn","HTN, UT, UTLN, UTVR",defecte trein,broken down train,defecte trein,broken down train,rolling stock,2024-08-28 09:13:00,2024-08-28 09:28:04,15.0
55134,Utrecht - Leiden.,Leiden Centraal - Utrecht Centraal,147,"Alphen a/d Rijn,Bodegraven,Woerden","APN, BDG, WD",defecte trein,broken down train,defecte trein,broken down train,rolling stock,2024-08-28 11:53:44,2024-08-28 12:09:23,16.0
55135,Schiphol - Leiden.,Leiden Centraal - Schiphol Airport,22,"Hoofddorp,Leiden Centraal,Nieuw Vennep,Sassenheim","HFD, LEDN, NVP, SSH",defecte trein,broken down train,defecte trein,broken down train,rolling stock,2024-08-28 11:55:31,2024-08-28 12:25:00,29.0
55136,Den Haag - Rotterdam - Dordrecht.,"Den Haag Centraal - Den Haag HS, Den Haag HS - Rotterdam Centraal, Dordrecht - Rotterdam Centraal","10,11,16","Barendrecht,Dordrecht,Delft,Delft Campus,Den Haag HS,Den Haag Centraal,Den Haag Moerwijk,Rotterdam Lombardijen,Rijswijk,Rotterdam Blaak,Rotterdam Centraal,Rotterdam Stadion,Rotterdam Zuid,Schiedam Centrum,Zwijndrecht","BRD, DDR, DT, DTCP, GV, GVC, GVMW, RLB, RSW, RTB, RTD, RTST, RTZ, SDM, ZWD",defecte trein,broken down train,defecte trein,broken down train,rolling stock,2024-08-28 11:55:36,2024-08-28 12:25:37,30.0
55142,Rotterdam - Gouda.,Rotterdam Centraal - Utrecht Centraal,142,"Capelle Schollevaar,Gouda,Nieuwerkerk a/d IJssel,Rotterdam Alexander,Rotterdam Centraal,Rotterdam Noord","CPS, GD, NWK, RTA, RTD, RTN",defecte trein,broken down train,defecte trein,broken down train,rolling stock,2024-08-28 16:46:27,2024-08-28 16:58:57,13.0
55144,Utrecht - Woerden.,"Den Haag Centraal - Utrecht Centraal, Leiden Centraal - Utrecht Centraal, Rotterdam Centraal - Utrecht Centraal","142,143,147","Utrecht Centraal,Utrecht Terwijde,Vleuten,Woerden,Utrecht Leidsche Rijn","UT, UTT, VTN, WD, UTLR",defecte trein,broken down train,defecte trein,broken down train,rolling stock,2024-08-28 16:57:59,2024-08-28 17:32:50,35.0
55145,Gouda - Den Haag.,Den Haag Centraal - Utrecht Centraal,143,"Gouda,Zoetermeer,Zoetermeer Oost,Lansingerland-Zoetermeer","GD, ZTM, ZTMO, LLZM",defecte trein,broken down train,defecte trein,broken down train,rolling stock,2024-08-28 17:45:54,2024-08-28 17:55:47,10.0
55153,Dordrecht - Gorinchem.,Dordrecht - Geldermalsen,55,"Dordrecht,Dordrecht Stadspolders,Hardinxveld-Giessendam,Gorinchem,Sliedrecht,Boven-Hardinxveld,Sliedrecht Baanhoek,Hardinxveld Blauwe Zoom","DDR, DDRS, GND, GR, SDT, BHDV, SDTB, HBZM",defecte bovenleiding,damaged overhead wires,defecte bovenleiding,damaged overhead wires,infrastructure,2024-08-29 07:55:30,2024-08-29 07:55:51,0.0
55157,Amsterdam - Utrecht; Amsterdam - Gouda.,"Amsterdam Centraal - Utrecht Centraal, Amsterdam Centraal - Woerden","136,141","Amsterdam Amstel,Amsterdam Bijlmer ArenA,Amsterdam Centraal,Amsterdam Muiderpoort,Duivendrecht","ASA, ASB, ASD, ASDM, DVD",beschadigd spoorviaduct,damaged railway bridge,beschadigd spoorviaduct,damaged railway bridge,accidents,2024-08-29 11:47:48,2024-08-29 12:58:20,71.0
55158,Utrecht - Eindhoven.,"'s-Hertogenbosch - Eindhoven, 's-Hertogenbosch - Utrecht Centraal","151,153","Best,Boxtel,Culemborg,Eindhoven Centraal,Geldermalsen,'s-Hertogenbosch,Houten,Houten Castellum,Utrecht Centraal,Vught,Zaltbommel,Eindhoven Strijp-S,Utrecht Lunetten,Utrecht Vaartsche Rijn","BET, BTL, CL, EHV, GDM, HT, HTN, HTNC, UT, VG, ZBM, EHS, UTLN, UTVR",beschadigd spoorviaduct,damaged railway bridge,beschadigd spoorviaduct,damaged railway bridge,accidents,2024-08-29 12:11:45,2024-08-29 13:15:19,64.0
55161,Rotterdam - Dordrecht.,Dordrecht - Rotterdam Centraal,16,"Barendrecht,Dordrecht,Rotterdam Lombardijen,Rotterdam Blaak,Rotterdam Centraal,Rotterdam Stadion,Rotterdam Zuid,Zwijndrecht","BRD, DDR, RLB, RTB, RTD, RTST, RTZ, ZWD",defecte trein,broken down train,defecte trein,broken down train,rolling stock,2024-08-29 14:48:37,2024-08-29 14:58:29,10.0
55164,Amsterdam - Schiphol; Amsterdam - Uitgeest; Amsterdam - Haarlem.,"Alkmaar - Amsterdam Centraal, Amsterdam Centraal - Haarlem, Amsterdam Centraal - Hoorn, Amsterdam Centraal - Schiphol Airport","32,112,161,164","Amsterdam Centraal,Amsterdam Lelylaan,Amsterdam Sloterdijk,Haarlem,Haarlem Spaarnwoude,Schiphol Airport,Zaandam,Halfweg-Zwanenburg","ASD, ASDL, ASS, HLM, HLMS, SHL, ZD, HWZB",defecte trein,broken down train,defecte trein,broken down train,rolling stock,2024-08-29 17:07:08,2024-08-29 17:30:03,23.0
55167,Den Haag - Rotterdam.,Den Haag HS - Rotterdam Centraal,11,"Delft,Den Haag HS,Den Haag Moerwijk,Rijswijk","DT, GV, GVMW, RSW",defecte trein,broken down train,defecte trein,broken down train,rolling stock,2024-08-29 21:46:00,2024-08-29 21:53:49,8.0
55168,Amsterdam Sloterdijk - Schiphol Airport.,"Amsterdam Centraal - Schiphol Airport, Schiphol Airport - Zaandam","32,165","Amsterdam Lelylaan,Amsterdam Sloterdijk,Schiphol Airport","ASDL, ASS, SHL",defecte trein,broken down train,defecte trein,broken down train,rolling stock,2024-08-29 22:34:57,2024-08-29 23:20:22,45.0
55182,Dordrecht - Gorinchem.,Dordrecht - Geldermalsen,55,"Dordrecht Stadspolders,Hardinxveld-Giessendam,Sliedrecht,Sliedrecht Baanhoek,Hardinxveld Blauwe Zoom","DDRS, GND, SDT, SDTB, HBZM",defecte trein,broken down train,defecte trein,broken down train,rolling stock,2024-08-30 18:52:30,2024-08-30 19:19:57,27.0
55188,Dordrecht - Roosendaal.,Dordrecht - Roosendaal,171,"Dordrecht,Dordrecht Zuid,Oudenbosch,Roosendaal,Lage Zwaluwe,Zevenbergen","DDR, DDZD, ODB, RSD, ZLW, ZVB",seinstoring,signal failure,seinstoring,signal failure,infrastructure,2024-08-31 06:48:13,2024-09-01 05:42:13,1374.0
55197,Amsterdam - Haarlem.,Amsterdam Centraal - Haarlem,112,"Amsterdam Sloterdijk,Haarlem,Haarlem Spaarnwoude,Halfweg-Zwanenburg","ASS, HLM, HLMS, HWZB",defecte spoorbrug,damaged railway bridge,defecte spoorbrug,damaged railway bridge,infrastructure,2024-08-31 20:20:33,2024-08-31 20:45:29,25.0
55203,Hoofddorp - Schiphol - Hilversum.,Amersfoort - Schiphol Airport,148,"Amsterdam Zuid,Bussum Zuid,Diemen Zuid,Duivendrecht,Hilversum,Naarden-Bussum,Amsterdam RAI,Schiphol Airport,Weesp,Hilversum Media Park","ASDZ, BSMZ, DMNZ, DVD, HVS, NDB, RAI, SHL, WP, HVSM",defecte trein,broken down train,defecte trein,broken down train,rolling stock,2024-09-01 12:09:27,2024-09-01 12:33:17,24.0
55208,Rotterdam - Gouda.,Rotterdam Centraal - Utrecht Centraal,142,"Capelle Schollevaar,Gouda,Nieuwerkerk a/d IJssel,Rotterdam Alexander,Rotterdam Centraal,Rotterdam Noord","CPS, GD, NWK, RTA, RTD, RTN",defecte trein,broken down train,defecte trein,broken down train,rolling stock,2024-09-01 19:59:05,2024-09-01 21:31:15,92.0
55215,Amsterdam - Utrecht; Amsterdam - Gouda.,"Amsterdam Centraal - Utrecht Centraal, Amsterdam Centraal - Woerden, Schiphol Airport - Utrecht Centraal","136,137,141","Abcoude,Amsterdam Amstel,Amsterdam Bijlmer ArenA,Amsterdam Centraal,Amsterdam Muiderpoort,Amsterdam Holendrecht,Breukelen,Duivendrecht,Maarssen,Utrecht Centraal,Utrecht Zuilen","AC, ASA, ASB, ASD, ASDM, ASHD, BKL, DVD, MAS, UT, UTZL",defecte trein,broken down train,defecte trein,broken down train,rolling stock,2024-09-02 09:58:50,2024-09-02 12:16:38,138.0
55216,Schiphol - Utrecht.,Schiphol Airport - Utrecht Centraal,137,"Abcoude,Amsterdam Bijlmer ArenA,Amsterdam Zuid,Amsterdam Holendrecht,Breukelen,Duivendrecht,Maarssen,Amsterdam RAI,Utrecht Centraal,Utrecht Zuilen","AC, ASB, ASDZ, ASHD, BKL, DVD, MAS, RAI, UT, UTZL",defecte bovenleiding,damaged overhead wires,defecte bovenleiding,damaged overhead wires,infrastructure,2024-09-02 11:40:15,2024-09-02 12:17:36,37.0
55221,Amsterdam - Amsterdam Sloterdijk.,"Alkmaar - Amsterdam Centraal, Amsterdam Centraal - Haarlem, Amsterdam Centraal - Hoorn, Amsterdam Centraal - Schiphol Airport","32,112,161,164","Amsterdam Centraal,Amsterdam Sloterdijk","ASD, ASS",seinstoring,signal failure,seinstoring,signal failure,infrastructure,2024-09-02 14:37:01,2024-09-02 15:38:40,62.0
55223,Rotterdam - Dordrecht.,Dordrecht - Rotterdam Centraal,16,"Barendrecht,Dordrecht,Rotterdam Lombardijen,Rotterdam Blaak,Rotterdam Centraal,Rotterdam Stadion,Rotterdam Zuid,Zwijndrecht","BRD, DDR, RLB, RTB, RTD, RTST, RTZ, ZWD",defecte trein,broken down train,defecte trein,broken down train,rolling stock,2024-09-02 15:36:05,2024-09-02 17:50:26,134.0
55260,Amsterdam - Schiphol.,Amsterdam Centraal - Schiphol Airport,32,"Amsterdam Centraal,Amsterdam Lelylaan,Amsterdam Sloterdijk,Schiphol Airport","ASD, ASDL, ASS, SHL",defecte trein,broken down train,defecte trein,broken down train,rolling stock,2024-09-03 17:43:16,2024-09-03 17:56:25,13.0
55261,Schiphol - Hoofddorp.,Leiden Centraal - Schiphol Airport,22,"Hoofddorp,Schiphol Airport","HFD, SHL",defecte trein,broken down train,defecte trein,broken down train,rolling stock,2024-09-03 17:55:19,2024-09-03 18:05:44,10.0
55265,Dordrecht - Breda.,"Breda - Dordrecht, Dordrecht - Roosendaal","170,171","Dordrecht,Dordrecht Zuid,Lage Zwaluwe","DDR, DDZD, ZLW",seinstoring,signal failure,seinstoring,signal failure,infrastructure,2024-09-04 05:23:52,2024-09-04 07:14:41,111.0
55268,Utrecht - Arnhem.,Arnhem Centraal - Utrecht Centraal,133,"Driebergen-Zeist,Ede-Wageningen,Veenendaal-De Klomp,Maarn","DB, ED, KLP, MRN",beschadigde overweg,damaged level crossing,beschadigde overweg,damaged level crossing,accidents,2024-09-04 07:50:05,2024-09-04 12:15:02,265.0
55269,Breukelen - Utrecht - Veenendaal.,Rhenen - Utrecht Centraal,166,"Driebergen-Zeist,Maarn,Veenendaal Centrum,Veenendaal West","DB, MRN, VNDC, VNDW",beschadigde overweg,damaged level crossing,beschadigde overweg,damaged level crossing,accidents,2024-09-04 07:55:52,2024-09-04 11:26:22,211.0
55270,Schiphol - Utrecht,Schiphol Airport - Utrecht Centraal,137,"Abcoude,Amsterdam Bijlmer ArenA,Amsterdam Zuid,Amsterdam Holendrecht,Breukelen,Duivendrecht,Maarssen,Amsterdam RAI,Schiphol Airport,Utrecht Centraal,Utrecht Zuilen","AC, ASB, ASDZ, ASHD, BKL, DVD, MAS, RAI, SHL, UT, UTZL",beschadigde overweg,damaged level crossing,beschadigde overweg,damaged level crossing,accidents,2024-09-04 07:56:08,2024-09-04 12:59:56,304.0
55275,Utrecht - Amersfoort Schothorst.,Amersfoort - Utrecht Centraal,134,"Amersfoort Centraal,Bilthoven,Den Dolder,Utrecht Centraal,Utrecht Overvecht","AMF, BHV, DLD, UT, UTO",defecte trein,broken down train,defecte trein,broken down train,rolling stock,2024-09-04 10:22:25,2024-09-04 11:15:10,53.0
55277,Amsterdam - Schiphol,Amsterdam Centraal - Schiphol Airport,32,"Amsterdam Centraal,Amsterdam Lelylaan,Amsterdam Sloterdijk,Schiphol Airport","ASD, ASDL, ASS, SHL",defecte trein,broken down train,defecte trein,broken down train,rolling stock,2024-09-04 12:38:30,2024-09-04 12:51:00,13.0
55278,Dordrecht - Roosendaal,Dordrecht - Roosendaal,171,"Dordrecht,Dordrecht Zuid,Oudenbosch,Roosendaal,Lage Zwaluwe,Zevenbergen","DDR, DDZD, ODB, RSD, ZLW, ZVB",seinstoring,signal failure,seinstoring,signal failure,infrastructure,2024-09-04 13:55:20,2024-09-04 18:13:54,259.0
55285,Amsterdam - Utrecht; Amsterdam - Gouda,"Amsterdam Centraal - Utrecht Centraal, Amsterdam Centraal - Woerden","136,141","Amsterdam Amstel,Amsterdam Bijlmer ArenA,Amsterdam Centraal,Amsterdam Muiderpoort,Duivendrecht","ASA, ASB, ASD, ASDM, DVD",defecte trein,broken down train,defecte trein,broken down train,rolling stock,2024-09-04 17:34:48,2024-09-04 17:55:12,20.0
55286,Utrecht - Tiel; Utrecht - Eindhoven,"'s-Hertogenbosch - Utrecht Centraal, Tiel - Utrecht Centraal","150,151","Culemborg,Geldermalsen,Houten Castellum","CL, GDM, HTNC",defecte trein,broken down train,defecte trein,broken down train,rolling stock,2024-09-04 17:43:18,2024-09-04 18:41:02,58.0
55290,Rotterdam - Gouda,Rotterdam Centraal - Utrecht Centraal,142,"Capelle Schollevaar,Gouda,Nieuwerkerk a/d IJssel,Rotterdam Alexander,Rotterdam Centraal,Rotterdam Noord","CPS, GD, NWK, RTA, RTD, RTN",defecte trein,broken down train,defecte trein,broken down train,rolling stock,2024-09-05 00:49:01,2024-09-05 01:18:34,30.0
55299,Amsterdam - Schiphol; Amsterdam - Schiphol - Rotterdam,Amsterdam Centraal - Schiphol Airport,32,"Amsterdam Centraal,Amsterdam Lelylaan,Amsterdam Sloterdijk,Schiphol Airport","ASD, ASDL, ASS, SHL",defecte trein,broken down train,defecte trein,broken down train,rolling stock,2024-09-05 10:05:11,2024-09-05 10:21:22,16.0
55306,Utrecht - Amersfoort Schothorst; Utrecht - Baarn,"Amersfoort - Utrecht Centraal, Baarn - Utrecht Centraal","44,134","Bilthoven,Utrecht Centraal,Utrecht Overvecht","BHV, UT, UTO",defecte trein,broken down train,defecte trein,broken down train,rolling stock,2024-09-05 13:43:35,2024-09-05 14:06:38,23.0
55324,Amsterdam - Utrecht,Amsterdam Centraal - Utrecht Centraal,136,"Abcoude,Amsterdam Amstel,Amsterdam Bijlmer ArenA,Amsterdam Centraal,Amsterdam Muiderpoort,Amsterdam Holendrecht,Breukelen,Duivendrecht,Maarssen,Utrecht Centraal,Utrecht Zuilen","AC, ASA, ASB, ASD, ASDM, ASHD, BKL, DVD, MAS, UT, UTZL",defecte trein,broken down train,defecte trein,broken down train,rolling stock,2024-09-05 19:20:29,2024-09-05 19:42:21,22.0
55328,Amsterdam Sloterdijk - Schiphol Airport,"Amsterdam Centraal - Schiphol Airport, Schiphol Airport - Zaandam","32,165","Amsterdam Lelylaan,Amsterdam Sloterdijk,Schiphol Airport","ASDL, ASS, SHL",defecte trein,broken down train,defecte trein,broken down train,rolling stock,2024-09-05 21:52:22,2024-09-05 21:59:09,7.0
55332,Rotterdam - Dordrecht,Dordrecht - Rotterdam Centraal,16,"Barendrecht,Dordrecht,Rotterdam Lombardijen,Rotterdam Blaak,Rotterdam Centraal,Rotterdam Stadion,Rotterdam Zuid,Zwijndrecht","BRD, DDR, RLB, RTB, RTD, RTST, RTZ, ZWD",defecte trein,broken down train,defecte trein,broken down train,rolling stock,2024-09-06 08:33:51,2024-09-06 08:36:06,2.0
55333,Utrecht - Leiden,Leiden Centraal - Utrecht Centraal,147,"Alphen a/d Rijn,Leiden Lammenschans","APN, LDL",defecte spoorbrug,damaged railway bridge,defecte spoorbrug,damaged railway bridge,infrastructure,2024-09-06 10:50:37,2024-09-06 14:05:44,195.0
55340,Utrecht - Spoorwegmuseum,"Almere Oostvaarders - Utrecht Centraal, Amersfoort - Utrecht Centraal, Baarn - Utrecht Centraal, Hilversum - Utrecht Centraal","40,44,134,149","Utrecht Centraal,Utrecht Overvecht","UT, UTO",defecte trein,broken down train,defecte trein,broken down train,rolling stock,2024-09-06 16:37:27,2024-09-06 16:38:26,1.0
55347,Amsterdam - Haarlem,Amsterdam Centraal - Haarlem,112,"Amsterdam Centraal,Amsterdam Sloterdijk,Haarlem,Haarlem Spaarnwoude,Halfweg-Zwanenburg","ASD, ASS, HLM, HLMS, HWZB",defecte trein,broken down train,defecte trein,broken down train,rolling stock,2024-09-06 22:27:21,2024-09-06 22:54:33,27.0
55353,Amsterdam - Almere,"Amsterdam Centraal - Lelystad Centrum, Lelystad Centrum - Schiphol Airport","144,145","Almere Centrum,Almere Muziekwijk,Weesp,Almere Poort","ALM, ALMM, WP, AMPO",defecte trein,broken down train,defecte trein,broken down train,rolling stock,2024-09-07 21:07:42,2024-09-07 21:15:59,8.0
55358,Duivendrecht - Lelystad,"Amersfoort - Schiphol Airport, Lelystad Centrum - Schiphol Airport","144,148","Diemen Zuid,Duivendrecht,Weesp","DMNZ, DVD, WP",defecte trein,broken down train,defecte trein,broken down train,rolling stock,2024-09-08 07:21:47,2024-09-08 07:35:41,14.0
55359,Amsterdam - Utrecht; Amsterdam - Gouda,"Amsterdam Centraal - Utrecht Centraal, Amsterdam Centraal - Woerden","136,141","Amsterdam Amstel,Amsterdam Bijlmer ArenA,Amsterdam Centraal,Amsterdam Muiderpoort,Duivendrecht","ASA, ASB, ASD, ASDM, DVD",defecte trein,broken down train,defecte trein,broken down train,rolling stock,2024-09-08 09:15:56,2024-09-08 09:26:44,11.0
55364,Den Haag - Rotterdam - Dordrecht,"Den Haag Centraal - Den Haag HS, Den Haag HS - Rotterdam Centraal, Dordrecht - Rotterdam Centraal","10,11,16","Barendrecht,Dordrecht,Delft,Delft Campus,Den Haag HS,Den Haag Centraal,Den Haag Moerwijk,Rotterdam Lombardijen,Rijswijk,Rotterdam Blaak,Rotterdam Centraal,Rotterdam Stadion,Rotterdam Zuid,Schiedam Centrum,Zwijndrecht","BRD, DDR, DT, DTCP, GV, GVC, GVMW, RLB, RSW, RTB, RTD, RTST, RTZ, SDM, ZWD",defecte trein,broken down train,defecte trein,broken down train,rolling stock,2024-09-08 17:22:26,2024-09-08 17:22:45,0.0
55365,Rotterdam - Dordrecht,Dordrecht - Rotterdam Centraal,16,"Barendrecht,Dordrecht,Rotterdam Lombardijen,Zwijndrecht","BRD, DDR, RLB, ZWD",defect spoor,defective railway track,defect spoor,defective railway track,infrastructure,2024-09-08 17:57:42,2024-09-08 20:11:48,134.0
55370,Amsterdam - Utrecht; Amsterdam - Gouda,"Amsterdam Centraal - Utrecht Centraal, Amsterdam Centraal - Woerden","136,141","Amsterdam Amstel,Amsterdam Bijlmer ArenA,Amsterdam Centraal,Amsterdam Muiderpoort,Duivendrecht","ASA, ASB, ASD, ASDM, DVD",eerdere verstoring,an earlier disruption,beschadigde spoorbrug,damaged railway bridge,accidents,2024-09-09 04:45:09,2024-09-09 07:05:48,141.0
55371,Amsterdam - Enkhuizen,"Amsterdam Centraal - Hoorn, Enkhuizen - Hoorn","119,164","Amsterdam Centraal,Amsterdam Sloterdijk,Bovenkarspel Flora,Bovenkarspel-Grootebroek,Enkhuizen,Hoogkarspel,Hoorn,Hoorn Kersenboogerd,Purmerend Overwhere,Purmerend,Purmerend Weidevenne,Zaandam,Zaandam Kogerveld","ASD, ASS, BKF, BKG, EKZ, HKS, HN, HNK, PMO, PMR, PMW, ZD, ZDK",beschadigde spoorbrug,damaged railway bridge,beschadigde spoorbrug,damaged railway bridge,accidents,2024-09-09 05:25:52,2024-09-09 05:59:01,33.0
55372,Amsterdam - Zaandam - Alkmaar; Amsterdam - Uitgeest,Alkmaar - Amsterdam Centraal,161,"Amsterdam Centraal,Amsterdam Sloterdijk,Krommenie-Assendelft,Uitgeest,Wormerveer,Zaandam,Koog aan de Zaan,Zaandijk Zaanse Schans","ASD, ASS, KMA, UTG, WM, ZD, KZ, ZZS",gestrande trein,stranded train,gestrande trein,stranded train,rolling stock,2024-09-09 07:00:35,2024-09-09 07:43:40,43.0
55385,Amsterdam - Schiphol - Leiden,Leiden Centraal - Schiphol Airport,22,"Hoofddorp,Leiden Centraal,Nieuw Vennep,Sassenheim","HFD, LEDN, NVP, SSH",seinstoring,signal failure,seinstoring,signal failure,infrastructure,2024-09-10 02:52:51,2024-09-10 02:58:50,6.0
55389,Rotterdam - Dordrecht,Dordrecht - Rotterdam Centraal,16,"Barendrecht,Dordrecht,Rotterdam Lombardijen,Rotterdam Blaak,Rotterdam Centraal,Rotterdam Stadion,Rotterdam Zuid,Zwijndrecht","BRD, DDR, RLB, RTB, RTD, RTST, RTZ, ZWD",defecte trein,broken down train,defecte trein,broken down train,rolling stock,2024-09-10 07:28:33,2024-09-10 07:53:55,25.0
55425,Haarlem - Leiden,Haarlem - Leiden Centraal,23,"Heemstede-Aerdenhout,Hillegom,Haarlem,Voorhout","HAD, HIL, HLM, VH",beschadigde spoorbrug,damaged railway bridge,beschadigde spoorbrug,damaged railway bridge,accidents,2024-09-11 10:11:02,2024-09-11 11:23:48,73.0
55427,Haarlem - Alkmaar; Haarlem - Zandvoort; Haarlem - Leiden,"Haarlem - Leiden Centraal, Haarlem - Uitgeest, Haarlem - Zandvoort aan Zee","23,110,111","Bloemendaal,Beverwijk,Driehuis,Heemstede-Aerdenhout,Hillegom,Heemskerk,Haarlem,Leiden Centraal,Overveen,Santpoort Noord,Santpoort Zuid,Uitgeest,Voorhout","BLL, BV, DRH, HAD, HIL, HK, HLM, LEDN, OVN, SPTN, SPTZ, UTG, VH",defecte trein,broken down train,defecte trein,broken down train,rolling stock,2024-09-11 11:36:29,2024-09-11 11:48:07,12.0
55432,Utrecht - Rhenen,"'s-Hertogenbosch - Utrecht Centraal, Arnhem Centraal - Utrecht Centraal, Rhenen - Utrecht Centraal, Tiel - Utrecht Centraal","133,150,151,166","Utrecht Centraal,Utrecht Vaartsche Rijn","UT, UTVR",defecte trein,broken down train,defecte trein,broken down train,rolling stock,2024-09-11 14:58:11,2024-09-11 15:20:43,23.0
55445,Utrecht - Arnhem,Arnhem Centraal - Utrecht Centraal,133,"Arnhem Centraal,Bunnik,Driebergen-Zeist,Ede-Wageningen,Veenendaal-De Klomp,Maarn,Oosterbeek,Utrecht Centraal,Wolfheze,Utrecht Vaartsche Rijn","AH, BNK, DB, ED, KLP, MRN, OTB, UT, WF, UTVR",overwegstoring,level crossing failure,overwegstoring,level crossing failure,infrastructure,2024-09-12 14:07:28,2024-09-12 14:59:34,52.0
55450,Amsterdam - Haarlem,Amsterdam Centraal - Haarlem,112,"Amsterdam Sloterdijk,Haarlem,Haarlem Spaarnwoude,Halfweg-Zwanenburg","ASS, HLM, HLMS, HWZB",beschadigde spoorbrug,damaged railway bridge,beschadigde spoorbrug,damaged railway bridge,accidents,2024-09-12 16:40:31,2024-09-12 17:28:02,48.0
55462,Rotterdam - Gouda,Rotterdam Centraal - Utrecht Centraal,142,"Capelle Schollevaar,Gouda,Nieuwerkerk a/d IJssel,Rotterdam Alexander,Rotterdam Centraal,Rotterdam Noord","CPS, GD, NWK, RTA, RTD, RTN",defecte trein,broken down train,defecte trein,broken down train,rolling stock,2024-09-13 11:06:35,2024-09-13 11:20:39,14.0
55464,Utrecht - Leiden,Leiden Centraal - Utrecht Centraal,147,"Alphen a/d Rijn,Leiden Lammenschans","APN, LDL",defecte spoorbrug,damaged railway bridge,defecte spoorbrug,damaged railway bridge,infrastructure,2024-09-13 13:35:32,2024-09-13 15:48:14,133.0
55468,Utrecht - Rotterdam,Rotterdam Centraal - Utrecht Centraal,142,"Capelle Schollevaar,Gouda,Gouda Goverwelle,Nieuwerkerk a/d IJssel,Rotterdam Alexander,Rotterdam Centraal,Rotterdam Noord,Utrecht Centraal,Utrecht Terwijde,Vleuten,Woerden,Utrecht Leidsche Rijn","CPS, GD, GDG, NWK, RTA, RTD, RTN, UT, UTT, VTN, WD, UTLR",defecte trein,broken down train,defecte trein,broken down train,rolling stock,2024-09-13 17:30:53,2024-09-13 18:16:47,46.0
55470,Utrecht - 's-Hertogenbosch,"'s-Hertogenbosch - Utrecht Centraal, Tiel - Utrecht Centraal","150,151","Culemborg,Geldermalsen,Houten Castellum","CL, GDM, HTNC",defecte trein,broken down train,defecte trein,broken down train,rolling stock,2024-09-13 19:39:21,2024-09-13 19:51:43,12.0
55476,Utrecht - Leiden,Leiden Centraal - Utrecht Centraal,147,"Alphen a/d Rijn,Leiden Lammenschans","APN, LDL",defecte spoorbrug,damaged railway bridge,defecte spoorbrug,damaged railway bridge,infrastructure,2024-09-14 11:13:44,2024-09-14 13:31:32,138.0
55492,Haarlem - Leiden,Haarlem - Leiden Centraal,23,"Heemstede-Aerdenhout,Hillegom,Haarlem,Voorhout","HAD, HIL, HLM, VH",beschadigde spoorbrug,damaged railway bridge,beschadigde spoorbrug,damaged railway bridge,accidents,2024-09-15 22:29:11,2024-09-15 23:54:35,85.0
55494,Schiphol - Lelystad; Schiphol - Amersfoort,"Amersfoort - Schiphol Airport, Lelystad Centrum - Schiphol Airport","144,148","Diemen Zuid,Duivendrecht","DMNZ, DVD",defecte trein,broken down train,defecte trein,broken down train,rolling stock,2024-09-16 07:46:06,2024-09-16 07:54:41,9.0
55503,Leiden - Den Haag,Den Haag Centraal - Leiden Centraal,169,"De Vink,Den Haag Centraal,Den Haag Mariahoeve,Den Haag Laan v NOI,Leiden Centraal,Voorschoten","DVNK, GVC, GVM, LAA, LEDN, VST",defecte spoorbrug,damaged railway bridge,defecte spoorbrug,damaged railway bridge,infrastructure,2024-09-16 22:13:48,2024-09-17 00:47:54,154.0
55510,Rotterdam - Dordrecht,Dordrecht - Rotterdam Centraal,16,"Barendrecht,Dordrecht,Rotterdam Lombardijen,Rotterdam Blaak,Rotterdam Centraal,Rotterdam Stadion,Rotterdam Zuid,Zwijndrecht","BRD, DDR, RLB, RTB, RTD, RTST, RTZ, ZWD",defecte trein,broken down train,defecte trein,broken down train,rolling stock,2024-09-17 10:27:00,2024-09-17 10:55:29,28.0
55512,Rotterdam - Dordrecht,Dordrecht - Rotterdam Centraal,16,"Barendrecht,Dordrecht,Rotterdam Lombardijen,Rotterdam Blaak,Rotterdam Centraal,Rotterdam Stadion,Rotterdam Zuid,Zwijndrecht","BRD, DDR, RLB, RTB, RTD, RTST, RTZ, ZWD",gestrande trein,stranded train,gestrande trein,stranded train,rolling stock,2024-09-17 11:37:11,2024-09-17 12:00:27,23.0
55515,Haarlem - Leiden,Haarlem - Leiden Centraal,23,"Heemstede-Aerdenhout,Hillegom,Haarlem,Voorhout","HAD, HIL, HLM, VH",seinstoring,signal failure,seinstoring,signal failure,infrastructure,2024-09-17 12:46:15,2024-09-17 16:47:37,241.0
55516,Amsterdam - Haarlem,Amsterdam Centraal - Haarlem,112,"Amsterdam Centraal,Amsterdam Sloterdijk,Haarlem,Haarlem Spaarnwoude,Halfweg-Zwanenburg","ASD, ASS, HLM, HLMS, HWZB",seinstoring,signal failure,seinstoring,signal failure,infrastructure,2024-09-17 12:47:48,2024-09-17 16:47:27,240.0
55521,Leiden - Den Haag,Den Haag Centraal - Leiden Centraal,169,"De Vink,Den Haag Centraal,Den Haag Mariahoeve,Den Haag Laan v NOI,Leiden Centraal,Voorschoten","DVNK, GVC, GVM, LAA, LEDN, VST",seinstoring,signal failure,seinstoring,signal failure,infrastructure,2024-09-17 16:22:30,2024-09-17 18:23:00,121.0
55523,Utrecht - Baarn,Baarn - Utrecht Centraal,44,"Baarn,Soestdijk,Soest","BRN, SD, ST",defecte trein,broken down train,defecte trein,broken down train,rolling stock,2024-09-17 17:13:01,2024-09-17 18:16:27,63.0
55534,Leiden - Rotterdam,Den Haag HS - Rotterdam Centraal,11,"Delft,Delft Campus,Den Haag HS,Den Haag Moerwijk,Rijswijk,Rotterdam Centraal,Schiedam Centrum","DT, DTCP, GV, GVMW, RSW, RTD, SDM",defect spoor,defective railway track,defect spoor,defective railway track,infrastructure,2024-09-18 07:22:58,2024-09-18 07:27:55,5.0
55535,Schiphol - Hoofddorp,Leiden Centraal - Schiphol Airport,22,"Hoofddorp,Schiphol Airport","HFD, SHL",defecte trein,broken down train,defecte trein,broken down train,rolling stock,2024-09-18 11:39:42,2024-09-18 11:42:49,3.0
55540,Leiden - Den Haag,"Den Haag Centraal - Leiden Centraal, Den Haag HS - Leiden Centraal","168,169","De Vink,Den Haag Centraal,Den Haag Mariahoeve,Den Haag Laan v NOI,Leiden Centraal,Voorschoten","DVNK, GVC, GVM, LAA, LEDN, VST",seinstoring,signal failure,seinstoring,signal failure,infrastructure,2024-09-18 13:42:24,2024-09-18 17:01:28,199.0
55541,Amsterdam - Haarlem,Amsterdam Centraal - Haarlem,112,"Amsterdam Centraal,Amsterdam Sloterdijk,Haarlem,Haarlem Spaarnwoude,Halfweg-Zwanenburg","ASD, ASS, HLM, HLMS, HWZB",seinstoring,signal failure,seinstoring,signal failure,infrastructure,2024-09-18 14:00:05,2024-09-18 17:01:20,181.0
55542,Haarlem - Leiden,Haarlem - Leiden Centraal,23,"Heemstede-Aerdenhout,Hillegom,Haarlem,Leiden Centraal,Voorhout","HAD, HIL, HLM, LEDN, VH",seinstoring,signal failure,seinstoring,signal failure,infrastructure,2024-09-18 14:00:08,2024-09-18 17:01:11,181.0
55545,Breukelen - Gouda,"Den Haag Centraal - Utrecht Centraal, Rotterdam Centraal - Utrecht Centraal","142,143","Gouda,Gouda Goverwelle,Woerden","GD, GDG, WD",defecte bovenleiding,damaged overhead wires,defecte bovenleiding,damaged overhead wires,infrastructure,2024-09-18 15:48:03,2024-09-18 15:48:34,1.0
55546,Utrecht - Rotterdam; Utrecht - Den Haag,"Den Haag Centraal - Utrecht Centraal, Rotterdam Centraal - Utrecht Centraal","142,143","Gouda,Gouda Goverwelle,Utrecht Centraal,Utrecht Terwijde,Vleuten,Woerden,Utrecht Leidsche Rijn","GD, GDG, UT, UTT, VTN, WD, UTLR",defecte bovenleiding,damaged overhead wires,defecte bovenleiding,damaged overhead wires,infrastructure,2024-09-18 16:06:02,2024-09-18 21:08:26,302.0
55549,Dordrecht - Breda; Dordrecht - Roosendaal,"Breda - Dordrecht, Dordrecht - Roosendaal","170,171","Dordrecht,Dordrecht Zuid,Lage Zwaluwe","DDR, DDZD, ZLW",defecte bovenleiding,damaged overhead wires,defecte bovenleiding,damaged overhead wires,infrastructure,2024-09-18 18:47:55,2024-09-19 01:44:06,416.0
55550,Rotterdam - Dordrecht,Dordrecht - Rotterdam Centraal,16,"Barendrecht,Dordrecht,Rotterdam Lombardijen,Rotterdam Blaak,Rotterdam Centraal,Rotterdam Stadion,Rotterdam Zuid,Zwijndrecht","BRD, DDR, RLB, RTB, RTD, RTST, RTZ, ZWD",defecte bovenleiding,damaged overhead wires,defecte bovenleiding,damaged overhead wires,infrastructure,2024-09-18 19:10:05,2024-09-18 19:26:23,16.0
55556,Rotterdam - Dordrecht,Dordrecht - Rotterdam Centraal,16,"Barendrecht,Dordrecht,Rotterdam Lombardijen,Rotterdam Blaak,Rotterdam Centraal,Rotterdam Stadion,Rotterdam Zuid,Zwijndrecht","BRD, DDR, RLB, RTB, RTD, RTST, RTZ, ZWD",defecte trein,broken down train,defecte trein,broken down train,rolling stock,2024-09-18 23:00:28,2024-09-18 23:12:28,12.0
55558,Amsterdam - Utrecht; Amsterdam - Gouda,"Amersfoort - Amsterdam Centraal, Amsterdam Centraal - Lelystad Centrum, Amsterdam Centraal - Utrecht Centraal, Amsterdam Centraal - Woerden","135,136,141,145","Amsterdam Centraal,Amsterdam Muiderpoort","ASD, ASDM",defecte bovenleiding,damaged overhead wires,defecte bovenleiding,damaged overhead wires,infrastructure,2024-09-19 05:54:21,2024-09-19 08:46:17,172.0
55559,Amsterdam - Enkhuizen,"Amsterdam Centraal - Hoorn, Enkhuizen - Hoorn","119,164","Amsterdam Centraal,Amsterdam Sloterdijk,Bovenkarspel Flora,Bovenkarspel-Grootebroek,Enkhuizen,Hoogkarspel,Hoorn,Hoorn Kersenboogerd,Purmerend Overwhere,Purmerend,Purmerend Weidevenne,Zaandam,Zaandam Kogerveld","ASD, ASS, BKF, BKG, EKZ, HKS, HN, HNK, PMO, PMR, PMW, ZD, ZDK",defecte bovenleiding,damaged overhead wires,defecte bovenleiding,damaged overhead wires,infrastructure,2024-09-19 06:06:57,2024-09-19 06:37:10,30.0
55562,Amsterdam - Schiphol - Leiden; Leiden - Schiphol - Zaandam,Leiden Centraal - Schiphol Airport,22,"Hoofddorp,Leiden Centraal,Nieuw Vennep,Sassenheim","HFD, LEDN, NVP, SSH",defecte trein,broken down train,defecte trein,broken down train,rolling stock,2024-09-19 10:57:06,2024-09-19 12:31:47,95.0
55563,Leiden - Rotterdam,"Den Haag Centraal - Den Haag HS, Den Haag Centraal - Leiden Centraal, Den Haag HS - Leiden Centraal, Den Haag HS - Rotterdam Centraal","10,11,168,169","Delft,Delft Campus,De Vink,Den Haag HS,Den Haag Centraal,Den Haag Mariahoeve,Den Haag Moerwijk,Den Haag Laan v NOI,Leiden Centraal,Rijswijk,Rotterdam Centraal,Schiedam Centrum,Voorschoten","DT, DTCP, DVNK, GV, GVC, GVM, GVMW, LAA, LEDN, RSW, RTD, SDM, VST",defecte trein,broken down train,defecte trein,broken down train,rolling stock,2024-09-19 10:57:13,2024-09-19 11:35:38,38.0
55566,Rotterdam - Dordrecht,Dordrecht - Rotterdam Centraal,16,"Barendrecht,Dordrecht,Rotterdam Lombardijen,Rotterdam Blaak,Rotterdam Centraal,Rotterdam Stadion,Rotterdam Zuid,Zwijndrecht","BRD, DDR, RLB, RTB, RTD, RTST, RTZ, ZWD",defecte trein,broken down train,defecte trein,broken down train,rolling stock,2024-09-19 11:50:27,2024-09-19 13:43:34,113.0
55569,Amsterdam - Almere; Utrecht - Almere,"Almere Oostvaarders - Utrecht Centraal, Amsterdam Centraal - Lelystad Centrum, Lelystad Centrum - Schiphol Airport","144,145,149","Almere Centrum,Almere Muziekwijk,Naarden-Bussum,Weesp,Almere Poort","ALM, ALMM, NDB, WP, AMPO",seinstoring,signal failure,seinstoring,signal failure,infrastructure,2024-09-19 14:40:56,2024-09-19 14:52:55,12.0
55594,Utrecht - Amersfoort,"Amersfoort - Utrecht Centraal, Baarn - Utrecht Centraal","44,134","Bilthoven,Den Dolder,Utrecht Overvecht","BHV, DLD, UTO",defecte trein,broken down train,defecte trein,broken down train,rolling stock,2024-09-20 17:54:30,2024-09-20 18:37:33,43.0
55603,Rotterdam - Dordrecht,Dordrecht - Rotterdam Centraal,16,"Barendrecht,Rotterdam Lombardijen,Zwijndrecht","BRD, RLB, ZWD",defecte trein,broken down train,defecte trein,broken down train,rolling stock,2024-09-21 15:23:04,2024-09-21 16:09:48,47.0
55605,Utrecht - Amersfoort; Hilversum - Amersfoort,"Amersfoort - Amsterdam Centraal, Amersfoort - Schiphol Airport, Amersfoort - Utrecht Centraal","134,135,148","Amersfoort Centraal,Baarn,Den Dolder","AMF, BRN, DLD",defecte trein,broken down train,defecte trein,broken down train,rolling stock,2024-09-22 08:36:18,2024-09-22 08:42:38,6.0
55608,Hoofddorp,Leiden Centraal - Schiphol Airport,22,Hoofddorp,HFD,seinstoring,signal failure,seinstoring,signal failure,infrastructure,2024-09-22 14:03:59,2024-09-22 14:10:17,6.0
55609,Schiphol - Hoofddorp,Leiden Centraal - Schiphol Airport,22,"Hoofddorp,Schiphol Airport","HFD, SHL",seinstoring,signal failure,seinstoring,signal failure,infrastructure,2024-09-22 14:09:15,2024-09-22 14:10:39,1.0
55610,Amsterdam - Utrecht; Amsterdam - Gouda,"Amsterdam Centraal - Utrecht Centraal, Amsterdam Centraal - Woerden, Schiphol Airport - Utrecht Centraal","136,137,141","Abcoude,Amsterdam Amstel,Amsterdam Bijlmer ArenA,Amsterdam Centraal,Amsterdam Muiderpoort,Amsterdam Holendrecht,Breukelen,Duivendrecht,Maarssen,Utrecht Centraal,Utrecht Zuilen","AC, ASA, ASB, ASD, ASDM, ASHD, BKL, DVD, MAS, UT, UTZL",defect spoor,defective railway track,defect spoor,defective railway track,infrastructure,2024-09-22 15:40:52,2024-09-22 18:22:01,161.0
55619,Dordrecht - Breda,Breda - Dordrecht,170,"Breda,Breda-Prinsenbeek,Dordrecht,Dordrecht Zuid,Lage Zwaluwe","BD, BDPB, DDR, DDZD, ZLW",seinstoring,signal failure,seinstoring,signal failure,infrastructure,2024-09-23 05:11:50,2024-09-23 23:47:08,1115.0
55622,Amsterdam Zuid - Den Haag,Leiden Centraal - Schiphol Airport,22,"Hoofddorp,Leiden Centraal,Nieuw Vennep,Sassenheim","HFD, LEDN, NVP, SSH",seinstoring,signal failure,seinstoring,signal failure,infrastructure,2024-09-23 08:42:04,2024-09-23 10:35:14,113.0
55625,Rotterdam - Dordrecht,Dordrecht - Rotterdam Centraal,16,"Barendrecht,Dordrecht,Rotterdam Lombardijen,Rotterdam Blaak,Rotterdam Centraal,Rotterdam Stadion,Rotterdam Zuid,Zwijndrecht","BRD, DDR, RLB, RTB, RTD, RTST, RTZ, ZWD",seinstoring,signal failure,seinstoring,signal failure,infrastructure,2024-09-23 10:23:32,2024-09-23 12:22:19,119.0
55627,Amsterdam - Almere; Leiden - Duivendrecht - Lelystad,"Amsterdam Centraal - Lelystad Centrum, Lelystad Centrum - Schiphol Airport","144,145","Almere Centrum,Almere Muziekwijk,Weesp,Almere Poort","ALM, ALMM, WP, AMPO",defecte trein,broken down train,defecte trein,broken down train,rolling stock,2024-09-23 15:40:24,2024-09-23 16:03:41,23.0
55635,Dordrecht - Breda,Breda - Dordrecht,170,"Breda,Breda-Prinsenbeek,Dordrecht,Dordrecht Zuid,Lage Zwaluwe","BD, BDPB, DDR, DDZD, ZLW",seinstoring,signal failure,seinstoring,signal failure,infrastructure,2024-09-24 05:45:10,2024-09-24 23:44:21,1079.0
55642,Den Haag - Rotterdam,Den Haag HS - Rotterdam Centraal,11,"Delft,Den Haag HS,Den Haag Moerwijk,Rijswijk","DT, GV, GVMW, RSW",defecte trein,broken down train,defecte trein,broken down train,rolling stock,2024-09-24 13:41:27,2024-09-24 13:53:36,12.0
55647,Utrecht - Amersfoort,"Amersfoort - Utrecht Centraal, Baarn - Utrecht Centraal","44,134","Bilthoven,Den Dolder,Utrecht Overvecht","BHV, DLD, UTO",defecte trein,broken down train,defecte trein,broken down train,rolling stock,2024-09-24 18:10:01,2024-09-24 18:13:01,3.0
55652,Schiphol - Amersfoort,Amersfoort - Schiphol Airport,148,"Amsterdam Zuid,Bussum Zuid,Diemen Zuid,Duivendrecht,Hilversum,Naarden-Bussum,Amsterdam RAI,Schiphol Airport,Weesp,Hilversum Media Park","ASDZ, BSMZ, DMNZ, DVD, HVS, NDB, RAI, SHL, WP, HVSM",defecte bovenleiding,damaged overhead wires,defecte bovenleiding,damaged overhead wires,infrastructure,2024-09-24 19:53:02,2024-09-24 22:59:53,187.0
55653,Den Haag - Rotterdam - Dordrecht,Den Haag HS - Rotterdam Centraal,11,"Delft,Delft Campus,Den Haag HS,Den Haag Moerwijk,Rijswijk,Schiedam Centrum","DT, DTCP, GV, GVMW, RSW, SDM",defecte bovenleiding,damaged overhead wires,defecte bovenleiding,damaged overhead wires,infrastructure,2024-09-24 19:56:11,2024-09-24 19:56:55,1.0
55654,Leiden - Den Haag,Den Haag Centraal - Leiden Centraal,169,"De Vink,Den Haag Centraal,Den Haag Mariahoeve,Den Haag Laan v NOI,Leiden Centraal,Voorschoten","DVNK, GVC, GVM, LAA, LEDN, VST",defecte bovenleiding,damaged overhead wires,defecte bovenleiding,damaged overhead wires,infrastructure,2024-09-24 19:57:39,2024-09-24 22:59:48,182.0
55655,Amsterdam - Uitgeest,Alkmaar - Amsterdam Centraal,161,"Krommenie-Assendelft,Uitgeest,Wormerveer,Zaandam,Koog aan de Zaan,Zaandijk Zaanse Schans","KMA, UTG, WM, ZD, KZ, ZZS",defecte trein,broken down train,defecte trein,broken down train,rolling stock,2024-09-24 20:39:35,2024-09-24 20:41:19,2.0
55657,Schiphol - Amersfoort,Amersfoort - Schiphol Airport,148,"Amsterdam Zuid,Bussum Zuid,Diemen Zuid,Duivendrecht,Hilversum,Naarden-Bussum,Amsterdam RAI,Schiphol Airport,Weesp,Hilversum Media Park","ASDZ, BSMZ, DMNZ, DVD, HVS, NDB, RAI, SHL, WP, HVSM",defecte bovenleiding,damaged overhead wires,defecte bovenleiding,damaged overhead wires,infrastructure,2024-09-25 04:11:20,2024-09-25 13:08:39,537.0
55658,Leiden - Den Haag,Den Haag Centraal - Leiden Centraal,169,"De Vink,Den Haag Centraal,Den Haag Mariahoeve,Den Haag Laan v NOI,Leiden Centraal,Voorschoten","DVNK, GVC, GVM, LAA, LEDN, VST",defecte bovenleiding,damaged overhead wires,defecte bovenleiding,damaged overhead wires,infrastructure,2024-09-25 04:11:17,2024-09-25 13:14:04,543.0
55659,Den Haag - Rotterdam - Dordrecht,"Den Haag Centraal - Den Haag HS, Den Haag HS - Rotterdam Centraal, Dordrecht - Rotterdam Centraal","10,11,16","Barendrecht,Dordrecht,Delft,Delft Campus,Den Haag HS,Den Haag Centraal,Den Haag Moerwijk,Rotterdam Lombardijen,Rijswijk,Rotterdam Blaak,Rotterdam Centraal,Rotterdam Stadion,Rotterdam Zuid,Schiedam Centrum,Zwijndrecht","BRD, DDR, DT, DTCP, GV, GVC, GVMW, RLB, RSW, RTB, RTD, RTST, RTZ, SDM, ZWD",defecte bovenleiding,damaged overhead wires,defecte bovenleiding,damaged overhead wires,infrastructure,2024-09-25 04:11:13,2024-09-25 11:24:55,434.0
55661,Dordrecht - Breda,Breda - Dordrecht,170,"Breda,Breda-Prinsenbeek,Dordrecht,Dordrecht Zuid,Lage Zwaluwe","BD, BDPB, DDR, DDZD, ZLW",seinstoring,signal failure,seinstoring,signal failure,infrastructure,2024-09-25 05:31:02,2024-09-25 09:17:53,227.0
55667,Dordrecht - Breda,Breda - Dordrecht,170,"Breda,Breda-Prinsenbeek,Dordrecht,Dordrecht Zuid,Lage Zwaluwe","BD, BDPB, DDR, DDZD, ZLW",seinstoring,signal failure,seinstoring,signal failure,infrastructure,2024-09-25 10:12:21,2024-09-25 10:22:13,10.0
55681,Schiphol - Leiden,Leiden Centraal - Schiphol Airport,22,"Hoofddorp,Leiden Centraal,Nieuw Vennep,Schiphol Airport,Sassenheim","HFD, LEDN, NVP, SHL, SSH",defecte trein,broken down train,defecte trein,broken down train,rolling stock,2024-09-26 06:36:35,2024-09-26 07:00:27,24.0
55689,Den Haag - Rotterdam; Leiden - Rotterdam,Den Haag HS - Rotterdam Centraal,11,"Rotterdam Centraal,Schiedam Centrum","RTD, SDM",defect spoor,defective railway track,defect spoor,defective railway track,infrastructure,2024-09-26 12:11:33,2024-09-26 17:13:01,301.0
55690,Rotterdam - Dordrecht,Dordrecht - Rotterdam Centraal,16,"Barendrecht,Dordrecht,Rotterdam Lombardijen,Rotterdam Blaak,Rotterdam Centraal,Rotterdam Stadion,Rotterdam Zuid,Zwijndrecht","BRD, DDR, RLB, RTB, RTD, RTST, RTZ, ZWD",defect spoor,defective railway track,defect spoor,defective railway track,infrastructure,2024-09-26 12:21:15,2024-09-26 17:13:09,292.0
55695,Amsterdam - Haarlem,Amsterdam Centraal - Haarlem,112,"Amsterdam Centraal,Amsterdam Sloterdijk,Haarlem,Haarlem Spaarnwoude,Halfweg-Zwanenburg","ASD, ASS, HLM, HLMS, HWZB",seinstoring,signal failure,seinstoring,signal failure,infrastructure,2024-09-26 14:56:27,2024-09-26 15:33:51,37.0
55706,Amsterdam - Haarlem - Leiden,Haarlem - Leiden Centraal,23,"Hillegom,Leiden Centraal,Voorhout","HIL, LEDN, VH",defecte trein,broken down train,defecte trein,broken down train,rolling stock,2024-09-27 15:37:38,2024-09-27 17:59:17,142.0
55707,Leiden - Den Haag,Den Haag Centraal - Leiden Centraal,169,"De Vink,Den Haag Centraal,Den Haag Mariahoeve,Den Haag Laan v NOI,Leiden Centraal,Voorschoten","DVNK, GVC, GVM, LAA, LEDN, VST",defecte trein,broken down train,defecte trein,broken down train,rolling stock,2024-09-27 15:52:33,2024-09-27 17:59:08,127.0
55712,Duivendrecht - Lelystad,"Amersfoort - Schiphol Airport, Lelystad Centrum - Schiphol Airport","144,148","Diemen Zuid,Duivendrecht,Weesp","DMNZ, DVD, WP",defecte trein,broken down train,defecte trein,broken down train,rolling stock,2024-09-27 17:52:13,2024-09-27 18:07:52,16.0
55717,Amsterdam - Haarlem,Amsterdam Centraal - Haarlem,112,"Amsterdam Centraal,Amsterdam Sloterdijk,Haarlem,Haarlem Spaarnwoude,Halfweg-Zwanenburg","ASD, ASS, HLM, HLMS, HWZB",defecte trein,broken down train,defecte trein,broken down train,rolling stock,2024-09-28 08:33:40,2024-09-28 08:36:55,3.0
55719,Amsterdam Sloterdijk - Hoorn Kersenboogerd,Amsterdam Centraal - Hoorn,164,"Purmerend Overwhere,Purmerend,Purmerend Weidevenne,Zaandam,Zaandam Kogerveld","PMO, PMR, PMW, ZD, ZDK",defecte spoorbrug,damaged railway bridge,defecte spoorbrug,damaged railway bridge,infrastructure,2024-09-28 09:59:56,2024-09-28 11:11:45,72.0
55722,Amsterdam - Utrecht; Amsterdam - Gouda,"Amsterdam Centraal - Utrecht Centraal, Amsterdam Centraal - Woerden","136,141","Amsterdam Amstel,Amsterdam Muiderpoort,Duivendrecht","ASA, ASDM, DVD",defecte bovenleiding,damaged overhead wires,defecte bovenleiding,damaged overhead wires,infrastructure,2024-09-28 18:56:38,2024-09-28 19:11:20,15.0
55726,Leiden - Duivendrecht - Lelystad,"Leiden Centraal - Schiphol Airport, Lelystad Centrum - Schiphol Airport","22,144","Almere Centrum,Almere Muziekwijk,Amsterdam Zuid,Diemen Zuid,Duivendrecht,Hoofddorp,Leiden Centraal,Nieuw Vennep,Amsterdam RAI,Schiphol Airport,Weesp,Sassenheim,Almere Poort","ALM, ALMM, ASDZ, DMNZ, DVD, HFD, LEDN, NVP, RAI, SHL, WP, SSH, AMPO",defecte trein,broken down train,defecte trein,broken down train,rolling stock,2024-09-29 08:13:48,2024-09-29 10:25:23,132.0
55729,Rotterdam - Gouda,Rotterdam Centraal - Utrecht Centraal,142,"Capelle Schollevaar,Gouda,Nieuwerkerk a/d IJssel,Rotterdam Alexander,Rotterdam Centraal,Rotterdam Noord","CPS, GD, NWK, RTA, RTD, RTN",defecte trein,broken down train,defecte trein,broken down train,rolling stock,2024-09-29 15:19:39,2024-09-29 15:23:53,4.0
55731,Amsterdam - Utrecht; Amsterdam Bijlmer ArenA - Leiden Centraal,"Amsterdam Centraal - Utrecht Centraal, Amsterdam Centraal - Woerden, Schiphol Airport - Utrecht Centraal","136,137,141","Amsterdam Bijlmer ArenA,Amsterdam Zuid,Duivendrecht,Amsterdam RAI,Schiphol Airport","ASB, ASDZ, DVD, RAI, SHL",defecte trein,broken down train,defecte trein,broken down train,rolling stock,2024-09-29 18:43:08,2024-09-29 18:50:54,8.0
55735,Amsterdam - Almere; Utrecht - Almere,"Almere Oostvaarders - Utrecht Centraal, Amsterdam Centraal - Lelystad Centrum, Lelystad Centrum - Schiphol Airport","144,145,149","Almere Centrum,Almere Muziekwijk,Naarden-Bussum,Weesp,Almere Poort","ALM, ALMM, NDB, WP, AMPO",defecte trein,broken down train,defecte trein,broken down train,rolling stock,2024-09-29 23:41:08,2024-09-30 00:32:40,52.0
55742,Amsterdam Sloterdijk - Hoorn Kersenboogerd,Amsterdam Centraal - Hoorn,164,"Purmerend Overwhere,Purmerend,Purmerend Weidevenne,Zaandam,Zaandam Kogerveld","PMO, PMR, PMW, ZD, ZDK",defecte spoorbrug,damaged railway bridge,defecte spoorbrug,damaged railway bridge,infrastructure,2024-09-30 15:44:01,2024-09-30 17:29:29,105.0
55743,Utrecht - Rotterdam,Rotterdam Centraal - Utrecht Centraal,142,"Capelle Schollevaar,Gouda,Gouda Goverwelle,Nieuwerkerk a/d IJssel,Rotterdam Alexander,Rotterdam Centraal,Rotterdam Noord,Utrecht Centraal,Utrecht Terwijde,Vleuten,Woerden,Utrecht Leidsche Rijn","CPS, GD, GDG, NWK, RTA, RTD, RTN, UT, UTT, VTN, WD, UTLR",defecte trein,broken down train,defecte trein,broken down train,rolling stock,2024-09-30 15:46:55,2024-09-30 17:01:54,75.0
55748,Amsterdam - Almere; Utrecht - Almere,"Almere Oostvaarders - Utrecht Centraal, Amsterdam Centraal - Lelystad Centrum, Lelystad Centrum - Schiphol Airport","144,145,149","Almere Centrum,Almere Muziekwijk,Naarden-Bussum,Weesp,Almere Poort","ALM, ALMM, NDB, WP, AMPO",defecte trein,broken down train,defecte trein,broken down train,rolling stock,2024-09-29 23:41:08,2024-09-30 00:32:40,52.0
55755,Amsterdam Sloterdijk - Hoorn Kersenboogerd,Amsterdam Centraal - Hoorn,164,"Purmerend Overwhere,Purmerend,Purmerend Weidevenne,Zaandam,Zaandam Kogerveld","PMO, PMR, PMW, ZD, ZDK",defecte spoorbrug,damaged railway bridge,defecte spoorbrug,damaged railway bridge,infrastructure,2024-09-30 15:44:01,2024-09-30 17:29:29,105.0
55756,Utrecht - Rotterdam,Rotterdam Centraal - Utrecht Centraal,142,"Capelle Schollevaar,Gouda,Gouda Goverwelle,Nieuwerkerk a/d IJssel,Rotterdam Alexander,Rotterdam Centraal,Rotterdam Noord,Utrecht Centraal,Utrecht Terwijde,Vleuten,Woerden,Utrecht Leidsche Rijn","CPS, GD, GDG, NWK, RTA, RTD, RTN, UT, UTT, VTN, WD, UTLR",defecte trein,broken down train,defecte trein,broken down train,rolling stock,2024-09-30 15:46:55,2024-09-30 17:01:54,75.0
55761,Leiden - Rotterdam,"Den Haag Centraal - Den Haag HS, Den Haag Centraal - Leiden Centraal, Den Haag HS - Leiden Centraal, Den Haag HS - Rotterdam Centraal","10,11,168,169","Delft,Delft Campus,De Vink,Den Haag HS,Den Haag Centraal,Den Haag Mariahoeve,Den Haag Moerwijk,Den Haag Laan v NOI,Leiden Centraal,Rijswijk,Rotterdam Centraal,Schiedam Centrum,Voorschoten","DT, DTCP, DVNK, GV, GVC, GVM, GVMW, LAA, LEDN, RSW, RTD, SDM, VST",defecte trein,broken down train,defecte trein,broken down train,rolling stock,2024-10-01 06:49:44,2024-10-01 08:20:23,91.0
55762,Rotterdam - Dordrecht,Dordrecht - Rotterdam Centraal,16,"Barendrecht,Dordrecht,Rotterdam Lombardijen,Rotterdam Blaak,Rotterdam Centraal,Rotterdam Stadion,Rotterdam Zuid,Zwijndrecht","BRD, DDR, RLB, RTB, RTD, RTST, RTZ, ZWD",defecte spoorbrug,damaged railway bridge,defecte spoorbrug,damaged railway bridge,infrastructure,2024-10-01 07:15:56,2024-10-01 08:00:40,45.0
55763,Utrecht - 's-Hertogenbosch; Utrecht - Tiel,"'s-Hertogenbosch - Utrecht Centraal, Tiel - Utrecht Centraal","150,151","Houten,Utrecht Centraal,Utrecht Lunetten,Utrecht Vaartsche Rijn","HTN, UT, UTLN, UTVR",defecte trein,broken down train,defecte trein,broken down train,rolling stock,2024-10-01 08:20:07,2024-10-01 09:00:20,40.0
55766,Schiphol - Utrecht,"Amersfoort - Schiphol Airport, Lelystad Centrum - Schiphol Airport, Schiphol Airport - Utrecht Centraal","137,144,148","Amsterdam Zuid,Schiphol Airport","ASDZ, SHL",seinstoring,signal failure,seinstoring,signal failure,infrastructure,2024-10-01 10:46:44,2024-10-01 12:19:12,92.0
55769,Utrecht - Breukelen,"Amsterdam Centraal - Utrecht Centraal, Schiphol Airport - Utrecht Centraal","136,137","Breukelen,Maarssen,Utrecht Centraal,Utrecht Zuilen","BKL, MAS, UT, UTZL",defecte trein,broken down train,defecte trein,broken down train,rolling stock,2024-10-01 14:59:34,2024-10-01 15:23:10,24.0
55774,Amsterdam - Utrecht,Amsterdam Centraal - Utrecht Centraal,136,"Abcoude,Amsterdam Amstel,Amsterdam Bijlmer ArenA,Amsterdam Centraal,Amsterdam Muiderpoort,Amsterdam Holendrecht,Breukelen,Duivendrecht,Maarssen,Utrecht Centraal,Utrecht Zuilen","AC, ASA, ASB, ASD, ASDM, ASHD, BKL, DVD, MAS, UT, UTZL",defecte trein,broken down train,defecte trein,broken down train,rolling stock,2024-10-01 17:06:23,2024-10-01 18:01:20,55.0
55787,Amsterdam - Utrecht; Utrecht - 's-Hertogenbosch,"'s-Hertogenbosch - Utrecht Centraal, Amsterdam Centraal - Utrecht Centraal","136,151","Abcoude,Amsterdam Amstel,Amsterdam Bijlmer ArenA,Amsterdam Centraal,Amsterdam Muiderpoort,Amsterdam Holendrecht,Breukelen,Culemborg,Duivendrecht,Geldermalsen,'s-Hertogenbosch,Houten,Houten Castellum,Maarssen,Utrecht Centraal,Utrecht Zuilen,Zaltbommel,Utrecht Lunetten,Utrecht Vaartsche Rijn","AC, ASA, ASB, ASD, ASDM, ASHD, BKL, CL, DVD, GDM, HT, HTN, HTNC, MAS, UT, UTZL, ZBM, UTLN, UTVR",defecte trein,broken down train,defecte trein,broken down train,rolling stock,2024-10-02 06:43:00,2024-10-02 07:22:28,39.0
55790,Amsterdam Sloterdijk - Hoorn Kersenboogerd,Amsterdam Centraal - Hoorn,164,"Purmerend Overwhere,Purmerend,Purmerend Weidevenne,Zaandam,Zaandam Kogerveld","PMO, PMR, PMW, ZD, ZDK",defecte trein,broken down train,defecte trein,broken down train,rolling stock,2024-10-02 08:11:09,2024-10-02 08:20:36,9.0
55800,Amsterdam - Schiphol; Amsterdam - Uitgeest; Amsterdam - Haarlem,"Alkmaar - Amsterdam Centraal, Amsterdam Centraal - Haarlem, Amsterdam Centraal - Hoorn, Amsterdam Centraal - Schiphol Airport","32,112,161,164","Amsterdam Centraal,Amsterdam Lelylaan,Amsterdam Sloterdijk,Haarlem,Haarlem Spaarnwoude,Schiphol Airport,Zaandam,Halfweg-Zwanenburg","ASD, ASDL, ASS, HLM, HLMS, SHL, ZD, HWZB",seinstoring,signal failure,seinstoring,signal failure,infrastructure,2024-10-02 20:33:58,2024-10-02 22:16:19,102.0
55802,Leiden - Den Haag HS,"Den Haag Centraal - Den Haag HS, Den Haag Centraal - Leiden Centraal, Den Haag HS - Leiden Centraal","10,168,169","De Vink,Den Haag HS,Den Haag Centraal,Den Haag Mariahoeve,Den Haag Laan v NOI,Leiden Centraal,Voorschoten","DVNK, GV, GVC, GVM, LAA, LEDN, VST",defecte bovenleiding,damaged overhead wires,defecte bovenleiding,damaged overhead wires,infrastructure,2024-10-02 21:11:55,2024-10-03 22:46:48,1535.0
55805,Dordrecht - Gorinchem,Dordrecht - Geldermalsen,55,"Hardinxveld-Giessendam,Gorinchem,Boven-Hardinxveld","GND, GR, BHDV",defecte trein,broken down train,defecte trein,broken down train,rolling stock,2024-10-03 08:20:23,2024-10-03 08:53:17,33.0
55806,Amsterdam - Hilversum; Utrecht - Almere,"Almere Oostvaarders - Utrecht Centraal, Amersfoort - Amsterdam Centraal, Amersfoort - Schiphol Airport","135,148,149","Almere Centrum,Almere Muziekwijk,Bussum Zuid,Hilversum,Naarden-Bussum,Weesp,Almere Poort,Hilversum Media Park","ALM, ALMM, BSMZ, HVS, NDB, WP, AMPO, HVSM",defecte trein,broken down train,defecte trein,broken down train,rolling stock,2024-10-03 08:46:50,2024-10-03 08:47:06,0.0
55817,Utrecht - Amersfoort,"Almere Oostvaarders - Utrecht Centraal, Amersfoort - Utrecht Centraal, Baarn - Utrecht Centraal, Hilversum - Utrecht Centraal","40,44,134,149","Utrecht Centraal,Utrecht Overvecht","UT, UTO",defecte trein,broken down train,defecte trein,broken down train,rolling stock,2024-10-03 19:13:32,2024-10-03 19:17:11,4.0
55828,Utrecht - Almere,Almere Oostvaarders - Utrecht Centraal,149,"Almere Centrum,Almere Muziekwijk,Bussum Zuid,Hilversum,Naarden-Bussum,Weesp,Almere Poort,Hilversum Media Park","ALM, ALMM, BSMZ, HVS, NDB, WP, AMPO, HVSM",seinstoring,signal failure,seinstoring,signal failure,infrastructure,2024-10-04 07:42:50,2024-10-04 11:31:10,228.0
55831,Amsterdam - Amersfoort,Amersfoort - Amsterdam Centraal,135,"Amersfoort Centraal,Amsterdam Centraal,Amsterdam Muiderpoort,Amsterdam Science Park,Baarn,Bussum Zuid,Diemen,Hilversum,Naarden-Bussum,Weesp,Hilversum Media Park","AMF, ASD, ASDM, ASSP, BRN, BSMZ, DMN, HVS, NDB, WP, HVSM",defecte trein,broken down train,defecte trein,broken down train,rolling stock,2024-10-04 11:39:03,2024-10-04 12:41:36,63.0
55834,Amsterdam Sloterdijk - Schiphol Airport; Amsterdam Zuid - Leiden Centraal,"Amersfoort - Schiphol Airport, Amsterdam Centraal - Schiphol Airport, Lelystad Centrum - Schiphol Airport, Schiphol Airport - Utrecht Centraal, Schiphol Airport - Zaandam","32,137,144,148,165","Amsterdam Lelylaan,Amsterdam Zuid,Amsterdam Sloterdijk,Schiphol Airport","ASDL, ASDZ, ASS, SHL",defecte trein,broken down train,defecte trein,broken down train,rolling stock,2024-10-04 11:58:20,2024-10-04 12:41:57,44.0
55849,Utrecht - Leiden,Leiden Centraal - Utrecht Centraal,147,"Alphen a/d Rijn,Bodegraven,Leiden Lammenschans,Leiden Centraal,Woerden","APN, BDG, LDL, LEDN, WD",seinstoring,signal failure,seinstoring,signal failure,infrastructure,2024-10-05 05:36:28,2024-10-05 09:10:17,214.0
55858,Alphen a/d Rijn - Gouda,Alphen a/d Rijn - Gouda,8,"Alphen a/d Rijn,Boskoop","APN, BSK",overwegstoring,level crossing failure,overwegstoring,level crossing failure,infrastructure,2024-10-05 21:53:29,2024-10-05 23:16:08,83.0
55870,Amsterdam - Utrecht; Amsterdam - Gouda,"Amsterdam Centraal - Utrecht Centraal, Amsterdam Centraal - Woerden","136,141","Amsterdam Amstel,Amsterdam Bijlmer ArenA,Amsterdam Centraal,Amsterdam Muiderpoort,Duivendrecht","ASA, ASB, ASD, ASDM, DVD",defecte trein,broken down train,defecte trein,broken down train,rolling stock,2024-10-07 06:50:11,2024-10-07 06:52:39,2.0
55871,Amsterdam - Utrecht; Amsterdam - Gouda,"Amsterdam Centraal - Utrecht Centraal, Amsterdam Centraal - Woerden","136,141","Amsterdam Amstel,Amsterdam Bijlmer ArenA,Amsterdam Centraal,Amsterdam Muiderpoort,Duivendrecht","ASA, ASB, ASD, ASDM, DVD",defecte trein,broken down train,defecte trein,broken down train,rolling stock,2024-10-07 07:44:17,2024-10-07 08:00:03,16.0
55872,Amsterdam - Uitgeest,Alkmaar - Amsterdam Centraal,161,"Amsterdam Centraal,Amsterdam Sloterdijk,Krommenie-Assendelft,Uitgeest,Wormerveer,Zaandam,Koog aan de Zaan,Zaandijk Zaanse Schans","ASD, ASS, KMA, UTG, WM, ZD, KZ, ZZS",seinstoring,signal failure,seinstoring,signal failure,infrastructure,2024-10-07 07:47:16,2024-10-07 11:07:19,200.0
55877,Amsterdam - Haarlem,Amsterdam Centraal - Haarlem,112,"Amsterdam Sloterdijk,Haarlem,Haarlem Spaarnwoude,Halfweg-Zwanenburg","ASS, HLM, HLMS, HWZB",defecte trein,broken down train,defecte trein,broken down train,rolling stock,2024-10-07 14:10:58,2024-10-07 14:13:33,3.0
55901,Amsterdam - Almere; Leiden - Duivendrecht - Lelystad,"Amsterdam Centraal - Lelystad Centrum, Lelystad Centrum - Schiphol Airport","144,145","Almere Centrum,Almere Muziekwijk,Weesp,Almere Poort","ALM, ALMM, WP, AMPO",defecte trein,broken down train,defecte trein,broken down train,rolling stock,2024-10-09 11:00:47,2024-10-09 11:56:57,56.0
55902,Utrecht - Almere,Almere Oostvaarders - Utrecht Centraal,149,"Almere Centrum,Almere Muziekwijk,Bussum Zuid,Hilversum,Naarden-Bussum,Weesp,Almere Poort,Hilversum Media Park","ALM, ALMM, BSMZ, HVS, NDB, WP, AMPO, HVSM",defecte trein,broken down train,defecte trein,broken down train,rolling stock,2024-10-09 11:12:54,2024-10-09 11:44:11,31.0
55910,Amsterdam - Gouda,"Amsterdam Centraal - Utrecht Centraal, Amsterdam Centraal - Woerden","136,141","Amsterdam Amstel,Amsterdam Bijlmer ArenA,Amsterdam Centraal,Amsterdam Muiderpoort,Duivendrecht","ASA, ASB, ASD, ASDM, DVD",defect wissel,defective point,defect wissel,defective point,infrastructure,2024-10-10 05:06:06,2024-10-10 13:59:56,534.0
55917,Amsterdam - Schiphol; Amsterdam - Uitgeest; Amsterdam - Haarlem,"Alkmaar - Amsterdam Centraal, Amsterdam Centraal - Haarlem, Amsterdam Centraal - Hoorn, Amsterdam Centraal - Schiphol Airport","32,112,161,164","Amsterdam Centraal,Amsterdam Lelylaan,Amsterdam Sloterdijk,Haarlem,Haarlem Spaarnwoude,Schiphol Airport,Zaandam,Halfweg-Zwanenburg","ASD, ASDL, ASS, HLM, HLMS, SHL, ZD, HWZB",seinstoring,signal failure,seinstoring,signal failure,infrastructure,2024-10-10 10:54:33,2024-10-10 11:05:40,11.0
55921,Amsterdam - Gouda,"Amsterdam Centraal - Utrecht Centraal, Amsterdam Centraal - Woerden","136,141","Amsterdam Amstel,Amsterdam Bijlmer ArenA,Amsterdam Centraal,Amsterdam Muiderpoort,Duivendrecht","ASA, ASB, ASD, ASDM, DVD",defect wissel,defective point,defect wissel,defective point,infrastructure,2024-10-10 14:01:05,2024-10-10 19:00:15,299.0
55931,Utrecht - Leiden,Leiden Centraal - Utrecht Centraal,147,"Alphen a/d Rijn,Bodegraven","APN, BDG",beschadigde spoorbrug,damaged railway bridge,beschadigde spoorbrug,damaged railway bridge,accidents,2024-10-11 07:10:07,2024-10-11 15:11:01,481.0
55938,Utrecht - 's-Hertogenbosch,"'s-Hertogenbosch - Utrecht Centraal, Tiel - Utrecht Centraal","150,151","Houten,Utrecht Centraal,Utrecht Lunetten,Utrecht Vaartsche Rijn","HTN, UT, UTLN, UTVR",defecte trein,broken down train,defecte trein,broken down train,rolling stock,2024-10-11 11:42:57,2024-10-11 12:08:45,26.0
55949,Leiden - Den Haag,Den Haag Centraal - Leiden Centraal,169,"De Vink,Den Haag Centraal,Den Haag Mariahoeve,Den Haag Laan v NOI,Leiden Centraal,Voorschoten","DVNK, GVC, GVM, LAA, LEDN, VST",defecte trein,broken down train,defecte trein,broken down train,rolling stock,2024-10-12 10:39:01,2024-10-12 13:23:19,164.0
55953,Amsterdam - Utrecht; Amsterdam - Gouda,"Amsterdam Centraal - Utrecht Centraal, Amsterdam Centraal - Woerden","136,141","Amsterdam Amstel,Amsterdam Bijlmer ArenA,Amsterdam Centraal,Amsterdam Muiderpoort,Duivendrecht","ASA, ASB, ASD, ASDM, DVD",defecte trein,broken down train,defecte trein,broken down train,rolling stock,2024-10-12 14:43:33,2024-10-12 15:16:57,33.0
55954,Amsterdam - Utrecht; Amsterdam - Gouda,"Amsterdam Centraal - Utrecht Centraal, Amsterdam Centraal - Woerden","136,141","Amsterdam Amstel,Amsterdam Bijlmer ArenA,Amsterdam Centraal,Amsterdam Muiderpoort,Duivendrecht","ASA, ASB, ASD, ASDM, DVD",defecte trein,broken down train,defecte trein,broken down train,rolling stock,2024-10-12 14:44:51,2024-10-12 14:45:07,0.0
55958,Amsterdam Sloterdijk - Schiphol Airport,"Amsterdam Centraal - Schiphol Airport, Schiphol Airport - Zaandam","32,165","Amsterdam Lelylaan,Amsterdam Sloterdijk,Schiphol Airport","ASDL, ASS, SHL",defecte trein,broken down train,defecte trein,broken down train,rolling stock,2024-10-13 16:44:54,2024-10-13 16:56:14,11.0
55963,Rotterdam - Dordrecht,Dordrecht - Rotterdam Centraal,16,"Barendrecht,Dordrecht,Rotterdam Lombardijen,Rotterdam Blaak,Rotterdam Centraal,Rotterdam Stadion,Rotterdam Zuid,Zwijndrecht","BRD, DDR, RLB, RTB, RTD, RTST, RTZ, ZWD",defecte trein,broken down train,defecte trein,broken down train,rolling stock,2024-10-14 07:29:46,2024-10-14 08:15:48,46.0
55974,Den Haag - Rotterdam,Den Haag HS - Rotterdam Centraal,11,"Delft,Delft Campus,Rotterdam Centraal,Schiedam Centrum","DT, DTCP, RTD, SDM",defecte trein,broken down train,defecte trein,broken down train,rolling stock,2024-10-14 15:02:23,2024-10-14 15:02:29,0.0
55975,Den Haag - Rotterdam,Den Haag HS - Rotterdam Centraal,11,"Delft,Delft Campus,Den Haag HS,Den Haag Moerwijk,Rijswijk,Rotterdam Centraal,Schiedam Centrum","DT, DTCP, GV, GVMW, RSW, RTD, SDM",defecte trein,broken down train,defecte trein,broken down train,rolling stock,2024-10-14 15:24:08,2024-10-14 15:25:39,2.0
55979,Utrecht - Spoorwegmuseum,"Amersfoort - Utrecht Centraal, Baarn - Utrecht Centraal","44,134","Bilthoven,Utrecht Overvecht","BHV, UTO",defecte trein,broken down train,defecte trein,broken down train,rolling stock,2024-10-14 17:38:27,2024-10-14 17:39:28,1.0
55982,Utrecht - 's-Hertogenbosch,'s-Hertogenbosch - Utrecht Centraal,151,"Culemborg,Geldermalsen,'s-Hertogenbosch,Houten,Houten Castellum,Utrecht Centraal,Zaltbommel,Utrecht Lunetten,Utrecht Vaartsche Rijn","CL, GDM, HT, HTN, HTNC, UT, ZBM, UTLN, UTVR",gestrande trein,stranded train,gestrande trein,stranded train,rolling stock,2024-10-15 09:17:35,2024-10-15 09:42:57,25.0
55984,Dordrecht - Geldermalsen,Dordrecht - Geldermalsen,55,"Dordrecht Stadspolders,Sliedrecht,Sliedrecht Baanhoek","DDRS, SDT, SDTB",defecte trein,broken down train,defecte trein,broken down train,rolling stock,2024-10-15 11:01:07,2024-10-15 12:14:59,74.0
55985,Amsterdam - Zandvoort aan Zee,Haarlem - Zandvoort aan Zee,110,"Haarlem,Overveen,Zandvoort aan Zee","HLM, OVN, ZVT",beschadigde spoorbrug,damaged railway bridge,beschadigde spoorbrug,damaged railway bridge,accidents,2024-10-15 12:51:47,2024-10-15 14:45:12,113.0
55986,Dordrecht - Geldermalsen,Dordrecht - Geldermalsen,55,"Arkel,Beesd,Dordrecht,Dordrecht Stadspolders,Geldermalsen,Hardinxveld-Giessendam,Gorinchem,Leerdam,Sliedrecht,Boven-Hardinxveld,Sliedrecht Baanhoek,Hardinxveld Blauwe Zoom","AKL, BSD, DDR, DDRS, GDM, GND, GR, LDM, SDT, BHDV, SDTB, HBZM",defecte trein,broken down train,defecte trein,broken down train,rolling stock,2024-10-15 16:08:50,2024-10-15 16:10:39,2.0
55992,Haarlem - Alkmaar,Haarlem - Uitgeest,111,"Bloemendaal,Beverwijk,Driehuis,Heemskerk,Haarlem,Santpoort Noord,Santpoort Zuid,Uitgeest","BLL, BV, DRH, HK, HLM, SPTN, SPTZ, UTG",defecte trein,broken down train,defecte trein,broken down train,rolling stock,2024-10-15 20:08:18,2024-10-15 20:11:34,3.0
55996,Dordrecht - Geldermalsen,Dordrecht - Geldermalsen,55,"Arkel,Beesd,Dordrecht,Dordrecht Stadspolders,Geldermalsen,Hardinxveld-Giessendam,Gorinchem,Leerdam,Sliedrecht,Boven-Hardinxveld,Sliedrecht Baanhoek,Hardinxveld Blauwe Zoom","AKL, BSD, DDR, DDRS, GDM, GND, GR, LDM, SDT, BHDV, SDTB, HBZM",defecte trein,broken down train,defecte trein,broken down train,rolling stock,2024-10-16 07:15:24,2024-10-16 07:45:18,30.0
55999,Dordrecht - Breda; Dordrecht - Roosendaal,"Breda - Dordrecht, Dordrecht - Roosendaal","170,171","Dordrecht,Dordrecht Zuid,Lage Zwaluwe","DDR, DDZD, ZLW",gestrande trein,stranded train,gestrande trein,stranded train,rolling stock,2024-10-16 08:48:10,2024-10-16 09:00:52,13.0
56006,Utrecht - Leiden,Leiden Centraal - Utrecht Centraal,147,"Alphen a/d Rijn,Leiden Lammenschans","APN, LDL",defecte trein,broken down train,defecte trein,broken down train,rolling stock,2024-10-16 16:06:37,2024-10-16 16:23:32,17.0
56008,Schiphol - Amersfoort; Amsterdam - Amersfoort,"Almere Oostvaarders - Utrecht Centraal, Amersfoort - Amsterdam Centraal, Amersfoort - Schiphol Airport","135,148,149","Bussum Zuid,Naarden-Bussum","BSMZ, NDB",defecte trein,broken down train,defecte trein,broken down train,rolling stock,2024-10-16 17:31:36,2024-10-16 18:39:58,68.0
56009,Utrecht - Almere,Almere Oostvaarders - Utrecht Centraal,149,"Almere Centrum,Almere Muziekwijk,Bussum Zuid,Hilversum,Naarden-Bussum,Weesp,Almere Poort,Hilversum Media Park","ALM, ALMM, BSMZ, HVS, NDB, WP, AMPO, HVSM",defecte trein,broken down train,defecte trein,broken down train,rolling stock,2024-10-16 17:33:13,2024-10-16 18:40:05,67.0
56011,Amsterdam - Utrecht; Amsterdam - Gouda,"Amsterdam Centraal - Utrecht Centraal, Amsterdam Centraal - Woerden","136,141","Abcoude,Amsterdam Amstel,Amsterdam Bijlmer ArenA,Amsterdam Centraal,Amsterdam Muiderpoort,Amsterdam Holendrecht,Breukelen,Duivendrecht","AC, ASA, ASB, ASD, ASDM, ASHD, BKL, DVD",defecte trein,broken down train,defecte trein,broken down train,rolling stock,2024-10-16 21:19:22,2024-10-16 21:26:02,7.0
56013,Amsterdam - Utrecht,Amsterdam Centraal - Utrecht Centraal,136,"Abcoude,Amsterdam Amstel,Amsterdam Bijlmer ArenA,Amsterdam Centraal,Amsterdam Muiderpoort,Amsterdam Holendrecht,Breukelen,Duivendrecht,Maarssen,Utrecht Centraal,Utrecht Zuilen","AC, ASA, ASB, ASD, ASDM, ASHD, BKL, DVD, MAS, UT, UTZL",defecte trein,broken down train,defecte trein,broken down train,rolling stock,2024-10-16 21:57:31,2024-10-17 00:11:37,134.0
56018,Breukelen - Gouda; Utrecht - Woerden,"Amsterdam Centraal - Woerden, Den Haag Centraal - Utrecht Centraal, Leiden Centraal - Utrecht Centraal, Rotterdam Centraal - Utrecht Centraal","141,142,143,147","Breukelen,Utrecht Centraal,Utrecht Terwijde,Vleuten,Woerden,Utrecht Leidsche Rijn","BKL, UT, UTT, VTN, WD, UTLR",defecte trein,broken down train,defecte trein,broken down train,rolling stock,2024-10-17 06:18:15,2024-10-17 06:50:06,32.0
56019,Alphen a/d Rijn - Gouda,Alphen a/d Rijn - Gouda,8,"Alphen a/d Rijn,Boskoop","APN, BSK",seinstoring,signal failure,seinstoring,signal failure,infrastructure,2024-10-17 07:14:03,2024-10-17 11:03:47,230.0
56021,Utrecht - 's-Hertogenbosch; Utrecht - Tiel,"'s-Hertogenbosch - Utrecht Centraal, Tiel - Utrecht Centraal","150,151","Culemborg,Geldermalsen,Houten Castellum","CL, GDM, HTNC",defecte trein,broken down train,defecte trein,broken down train,rolling stock,2024-10-17 12:16:18,2024-10-17 12:24:34,8.0
56024,Rotterdam - Dordrecht,Dordrecht - Rotterdam Centraal,16,"Barendrecht,Dordrecht,Rotterdam Lombardijen,Rotterdam Blaak,Rotterdam Centraal,Rotterdam Stadion,Rotterdam Zuid,Zwijndrecht","BRD, DDR, RLB, RTB, RTD, RTST, RTZ, ZWD",defect spoor,defective railway track,defect spoor,defective railway track,infrastructure,2024-10-17 13:52:46,2024-10-17 14:10:50,18.0
56025,Utrecht - Rotterdam,Rotterdam Centraal - Utrecht Centraal,142,"Capelle Schollevaar,Gouda,Gouda Goverwelle,Nieuwerkerk a/d IJssel,Rotterdam Alexander,Rotterdam Centraal,Rotterdam Noord,Utrecht Centraal,Utrecht Terwijde,Vleuten,Woerden,Utrecht Leidsche Rijn","CPS, GD, GDG, NWK, RTA, RTD, RTN, UT, UTT, VTN, WD, UTLR",defecte trein,broken down train,defecte trein,broken down train,rolling stock,2024-10-17 14:13:54,2024-10-17 15:45:43,92.0
56033,Utrecht - Rotterdam,Rotterdam Centraal - Utrecht Centraal,142,"Capelle Schollevaar,Gouda,Nieuwerkerk a/d IJssel,Rotterdam Alexander,Rotterdam Centraal,Rotterdam Noord","CPS, GD, NWK, RTA, RTD, RTN",defecte trein,broken down train,defecte trein,broken down train,rolling stock,2024-10-18 08:29:36,2024-10-18 10:30:34,121.0
56034,Amsterdam Zuid - Leiden Centraal,"Amersfoort - Schiphol Airport, Lelystad Centrum - Schiphol Airport, Schiphol Airport - Utrecht Centraal","137,144,148","Amsterdam Zuid,Schiphol Airport","ASDZ, SHL",defecte trein,broken down train,defecte trein,broken down train,rolling stock,2024-10-18 13:36:24,2024-10-18 13:38:34,2.0
56043,Rotterdam - Gouda,Rotterdam Centraal - Utrecht Centraal,142,"Capelle Schollevaar,Gouda,Nieuwerkerk a/d IJssel,Rotterdam Alexander,Rotterdam Centraal,Rotterdam Noord","CPS, GD, NWK, RTA, RTD, RTN",defecte trein,broken down train,defecte trein,broken down train,rolling stock,2024-10-18 23:42:30,2024-10-19 02:03:37,141.0
56044,Dordrecht - Breda,Breda - Dordrecht,170,"Breda,Breda-Prinsenbeek,Dordrecht,Dordrecht Zuid,Lage Zwaluwe","BD, BDPB, DDR, DDZD, ZLW",seinstoring,signal failure,seinstoring,signal failure,infrastructure,2024-10-19 08:42:21,2024-10-19 11:21:22,159.0
56048,Utrecht - Spoorwegmuseum,Utrecht Centraal - Utrecht Maliebaan,51,"Utrecht Centraal,Utrecht Maliebaan","UT, UTM",defecte bovenleiding,damaged overhead wires,defecte bovenleiding,damaged overhead wires,infrastructure,2024-10-19 15:04:26,2024-10-19 15:17:34,13.0
56049,Utrecht - Gouda,"Den Haag Centraal - Utrecht Centraal, Rotterdam Centraal - Utrecht Centraal","142,143","Gouda,Gouda Goverwelle,Utrecht Centraal,Utrecht Terwijde,Vleuten,Woerden,Utrecht Leidsche Rijn","GD, GDG, UT, UTT, VTN, WD, UTLR",gestrande trein,stranded train,gestrande trein,stranded train,rolling stock,2024-10-19 16:07:09,2024-10-19 16:45:25,38.0
56054,Hilversum - Amersfoort Schothorst; Amsterdam - Amersfoort,"Amersfoort - Amsterdam Centraal, Amersfoort - Schiphol Airport","135,148","Amersfoort Centraal,Baarn","AMF, BRN",defecte trein,broken down train,defecte trein,broken down train,rolling stock,2024-10-19 21:41:53,2024-10-19 22:21:44,40.0
56067,Amsterdam - Almere; Hoofddorp - Schiphol - Almere Oostvaarders,"Amsterdam Centraal - Lelystad Centrum, Lelystad Centrum - Schiphol Airport","144,145","Almere Centrum,Almere Muziekwijk,Weesp,Almere Poort","ALM, ALMM, WP, AMPO",defecte trein,broken down train,defecte trein,broken down train,rolling stock,2024-10-20 18:57:51,2024-10-20 19:17:12,19.0
56084,Schiphol - Hoofddorp,Leiden Centraal - Schiphol Airport,22,"Hoofddorp,Schiphol Airport","HFD, SHL",defecte trein,broken down train,defecte trein,broken down train,rolling stock,2024-10-21 20:30:10,2024-10-21 20:39:21,9.0
56085,Amsterdam Sloterdijk - Schiphol Airport; Amsterdam Zuid - Leiden Centraal,"Amersfoort - Schiphol Airport, Amsterdam Centraal - Schiphol Airport, Lelystad Centrum - Schiphol Airport, Schiphol Airport - Utrecht Centraal, Schiphol Airport - Zaandam","32,137,144,148,165","Amsterdam Lelylaan,Amsterdam Zuid,Amsterdam Sloterdijk,Schiphol Airport","ASDL, ASDZ, ASS, SHL",defecte trein,broken down train,defecte trein,broken down train,rolling stock,2024-10-21 20:35:16,2024-10-21 20:56:57,22.0
56088,Schiphol - Hoofddorp,Leiden Centraal - Schiphol Airport,22,"Hoofddorp,Schiphol Airport","HFD, SHL",defecte trein,broken down train,defecte trein,broken down train,rolling stock,2024-10-21 22:00:42,2024-10-21 22:08:30,8.0
56092,Amsterdam - Utrecht,Amsterdam Centraal - Utrecht Centraal,136,"Abcoude,Amsterdam Amstel,Amsterdam Bijlmer ArenA,Amsterdam Centraal,Amsterdam Muiderpoort,Amsterdam Holendrecht,Breukelen,Duivendrecht,Maarssen,Utrecht Centraal,Utrecht Zuilen","AC, ASA, ASB, ASD, ASDM, ASHD, BKL, DVD, MAS, UT, UTZL",defecte trein,broken down train,defecte trein,broken down train,rolling stock,2024-10-22 09:27:33,2024-10-22 09:34:27,7.0
56094,Utrecht - Rotterdam; Utrecht - Den Haag,"Den Haag Centraal - Utrecht Centraal, Rotterdam Centraal - Utrecht Centraal","142,143","Gouda,Gouda Goverwelle,Utrecht Centraal,Utrecht Terwijde,Vleuten,Woerden,Utrecht Leidsche Rijn","GD, GDG, UT, UTT, VTN, WD, UTLR",defect spoor,defective railway track,defect spoor,defective railway track,infrastructure,2024-10-22 11:34:19,2024-10-23 00:27:36,773.0
56099,Dordrecht - Breda,"Breda - Dordrecht, Dordrecht - Roosendaal","170,171","Dordrecht,Dordrecht Zuid,Lage Zwaluwe","DDR, DDZD, ZLW",defecte trein,broken down train,defecte trein,broken down train,rolling stock,2024-10-22 20:08:05,2024-10-22 20:14:48,7.0
56103,Breukelen - Gouda,"Den Haag Centraal - Utrecht Centraal, Rotterdam Centraal - Utrecht Centraal","142,143","Gouda,Gouda Goverwelle,Woerden","GD, GDG, WD",defecte trein,broken down train,defecte trein,broken down train,rolling stock,2024-10-23 07:00:54,2024-10-23 07:18:24,18.0
56107,Utrecht - Amersfoort Schothorst,Amersfoort - Utrecht Centraal,134,"Amersfoort Centraal,Bilthoven,Den Dolder,Utrecht Centraal,Utrecht Overvecht","AMF, BHV, DLD, UT, UTO",gestrande trein,stranded train,gestrande trein,stranded train,rolling stock,2024-10-23 09:33:57,2024-10-23 10:02:35,29.0
56117,Amsterdam - Haarlem,Amsterdam Centraal - Haarlem,112,"Amsterdam Centraal,Amsterdam Sloterdijk,Haarlem,Haarlem Spaarnwoude,Halfweg-Zwanenburg","ASD, ASS, HLM, HLMS, HWZB",seinstoring,signal failure,seinstoring,signal failure,infrastructure,2024-10-24 08:19:03,2024-10-24 11:57:26,218.0
56118,Alphen a/d Rijn - Gouda,Alphen a/d Rijn - Gouda,8,"Alphen a/d Rijn,Boskoop,Gouda,Waddinxveen,Waddinxveen Noord,Boskoop Snijdelwijk,Waddinxveen Triangel","APN, BSK, GD, WAD, WADN, BSKS, WADT",beschadigde spoorbrug,damaged railway bridge,beschadigde spoorbrug,damaged railway bridge,accidents,2024-10-24 09:18:17,2024-10-24 12:41:24,203.0
56123,Schiphol - Utrecht,"Amersfoort - Schiphol Airport, Lelystad Centrum - Schiphol Airport, Schiphol Airport - Utrecht Centraal","137,144,148","Amsterdam Zuid,Schiphol Airport","ASDZ, SHL",seinstoring,signal failure,seinstoring,signal failure,infrastructure,2024-10-24 12:31:17,2024-10-24 14:27:40,116.0
56129,Leiden - Alphen a/d Rijn,Leiden Centraal - Utrecht Centraal,147,"Alphen a/d Rijn,Leiden Lammenschans,Leiden Centraal","APN, LDL, LEDN",defecte trein,broken down train,defecte trein,broken down train,rolling stock,2024-10-24 19:41:10,2024-10-24 19:43:30,2.0
56138,Utrecht - Eindhoven,"'s-Hertogenbosch - Utrecht Centraal, Tiel - Utrecht Centraal","150,151","Culemborg,Geldermalsen,Houten Castellum","CL, GDM, HTNC",seinstoring,signal failure,seinstoring,signal failure,infrastructure,2024-10-25 05:44:18,2024-10-25 07:38:18,114.0
56141,Utrecht - Tiel; Utrecht - Eindhoven,"'s-Hertogenbosch - Utrecht Centraal, Tiel - Utrecht Centraal","150,151","Culemborg,Geldermalsen,Houten Castellum","CL, GDM, HTNC",seinstoring,signal failure,seinstoring,signal failure,infrastructure,2024-10-25 10:50:56,2024-10-25 12:15:31,85.0
56153,Utrecht - Breukelen,"Amsterdam Centraal - Utrecht Centraal, Schiphol Airport - Utrecht Centraal","136,137","Breukelen,Maarssen,Utrecht Centraal,Utrecht Zuilen","BKL, MAS, UT, UTZL",defecte trein,broken down train,defecte trein,broken down train,rolling stock,2024-10-26 09:29:13,2024-10-26 09:30:23,1.0
56171,Dordrecht - Geldermalsen,Dordrecht - Geldermalsen,55,"Beesd,Leerdam","BSD, LDM",seinstoring,signal failure,seinstoring,signal failure,infrastructure,2024-10-27 17:28:53,2024-10-27 18:53:21,84.0
56179,Schiphol - Utrecht,"Amersfoort - Schiphol Airport, Lelystad Centrum - Schiphol Airport, Schiphol Airport - Utrecht Centraal","137,144,148","Amsterdam Zuid,Amsterdam RAI","ASDZ, RAI",defecte trein,broken down train,defecte trein,broken down train,rolling stock,2024-10-28 08:16:18,2024-10-28 08:44:14,28.0
56180,Utrecht - Houten,"'s-Hertogenbosch - Utrecht Centraal, Arnhem Centraal - Utrecht Centraal, Rhenen - Utrecht Centraal, Tiel - Utrecht Centraal","133,150,151,166","Utrecht Centraal,Utrecht Vaartsche Rijn","UT, UTVR",defecte trein,broken down train,defecte trein,broken down train,rolling stock,2024-10-28 08:47:39,2024-10-28 08:50:40,3.0
56182,Amsterdam - Almere,Amsterdam Centraal - Lelystad Centrum,145,"Almere Centrum,Almere Muziekwijk,Amsterdam Centraal,Amsterdam Muiderpoort,Amsterdam Science Park,Diemen,Weesp,Almere Poort","ALM, ALMM, ASD, ASDM, ASSP, DMN, WP, AMPO",seinstoring,signal failure,seinstoring,signal failure,infrastructure,2024-10-28 13:32:06,2024-10-29 00:05:01,633.0
56184,Utrecht - Rotterdam,Rotterdam Centraal - Utrecht Centraal,142,"Capelle Schollevaar,Gouda,Gouda Goverwelle,Nieuwerkerk a/d IJssel,Rotterdam Alexander,Rotterdam Centraal,Rotterdam Noord,Utrecht Centraal,Utrecht Terwijde,Vleuten,Woerden,Utrecht Leidsche Rijn","CPS, GD, GDG, NWK, RTA, RTD, RTN, UT, UTT, VTN, WD, UTLR",defecte trein,broken down train,defecte trein,broken down train,rolling stock,2024-10-28 15:06:06,2024-10-28 15:43:08,37.0
56185,Utrecht - Arnhem; Schiphol - Utrecht,"Arnhem Centraal - Utrecht Centraal, Schiphol Airport - Utrecht Centraal","133,137","Abcoude,Arnhem Centraal,Amsterdam Bijlmer ArenA,Amsterdam Zuid,Amsterdam Holendrecht,Breukelen,Bunnik,Driebergen-Zeist,Duivendrecht,Ede-Wageningen,Veenendaal-De Klomp,Maarssen,Maarn,Oosterbeek,Amsterdam RAI,Schiphol Airport,Utrecht Centraal,Utrecht Zuilen,Wolfheze,Utrecht Vaartsche Rijn","AC, AH, ASB, ASDZ, ASHD, BKL, BNK, DB, DVD, ED, KLP, MAS, MRN, OTB, RAI, SHL, UT, UTZL, WF, UTVR",defecte trein,broken down train,defecte trein,broken down train,rolling stock,2024-10-28 15:32:33,2024-10-28 15:42:53,10.0
56187,Utrecht - Houten; Utrecht - Veenendaal,"'s-Hertogenbosch - Utrecht Centraal, Arnhem Centraal - Utrecht Centraal, Rhenen - Utrecht Centraal, Tiel - Utrecht Centraal","133,150,151,166","Bunnik,Driebergen-Zeist,Houten,Utrecht Lunetten,Utrecht Vaartsche Rijn","BNK, DB, HTN, UTLN, UTVR",defecte trein,broken down train,defecte trein,broken down train,rolling stock,2024-10-28 20:46:32,2024-10-28 20:50:52,4.0
56191,Utrecht - Houten,"'s-Hertogenbosch - Utrecht Centraal, Tiel - Utrecht Centraal","150,151","Houten,Utrecht Centraal,Utrecht Lunetten,Utrecht Vaartsche Rijn","HTN, UT, UTLN, UTVR",defecte trein,broken down train,defecte trein,broken down train,rolling stock,2024-10-29 08:39:14,2024-10-29 09:38:05,59.0
56194,Breukelen - Utrecht - Veenendaal,"'s-Hertogenbosch - Utrecht Centraal, Arnhem Centraal - Utrecht Centraal, Rhenen - Utrecht Centraal, Tiel - Utrecht Centraal","133,150,151,166","Utrecht Centraal,Utrecht Vaartsche Rijn","UT, UTVR",defecte trein,broken down train,defecte trein,broken down train,rolling stock,2024-10-29 10:47:09,2024-10-29 11:22:46,36.0
56202,Utrecht - Leiden,Leiden Centraal - Utrecht Centraal,147,"Alphen a/d Rijn,Bodegraven,Woerden","APN, BDG, WD",defecte trein,broken down train,defecte trein,broken down train,rolling stock,2024-10-29 19:20:11,2024-10-29 19:35:54,16.0
56203,Utrecht - Breukelen,"Amsterdam Centraal - Utrecht Centraal, Schiphol Airport - Utrecht Centraal","136,137","Breukelen,Maarssen,Utrecht Centraal,Utrecht Zuilen","BKL, MAS, UT, UTZL",defecte trein,broken down train,defecte trein,broken down train,rolling stock,2024-10-29 19:45:48,2024-10-29 19:52:36,7.0
56213,Rotterdam - Dordrecht,Dordrecht - Rotterdam Centraal,16,"Barendrecht,Dordrecht,Rotterdam Lombardijen,Rotterdam Blaak,Rotterdam Centraal,Rotterdam Stadion,Rotterdam Zuid,Zwijndrecht","BRD, DDR, RLB, RTB, RTD, RTST, RTZ, ZWD",defecte trein,broken down train,defecte trein,broken down train,rolling stock,2024-10-30 19:53:39,2024-10-30 19:59:02,5.0
56225,Amsterdam - Utrecht,"Amsterdam Centraal - Utrecht Centraal, Amsterdam Centraal - Woerden","136,141","Abcoude,Amsterdam Amstel,Amsterdam Bijlmer ArenA,Amsterdam Centraal,Amsterdam Muiderpoort,Amsterdam Holendrecht,Breukelen,Duivendrecht","AC, ASA, ASB, ASD, ASDM, ASHD, BKL, DVD",defecte trein,broken down train,defecte trein,broken down train,rolling stock,2024-10-31 16:04:14,2024-10-31 16:25:56,22.0
56226,Schiphol - Hoofddorp,Leiden Centraal - Schiphol Airport,22,"Hoofddorp,Schiphol Airport","HFD, SHL",defecte bovenleiding,damaged overhead wires,defecte bovenleiding,damaged overhead wires,infrastructure,2024-10-31 16:58:20,2024-10-31 17:27:51,30.0
56228,Amsterdam - Utrecht; Amsterdam - Amersfoort; Amsterdam - Gouda,"Amersfoort - Amsterdam Centraal, Amsterdam Centraal - Lelystad Centrum, Amsterdam Centraal - Utrecht Centraal, Amsterdam Centraal - Woerden","135,136,141,145","Amsterdam Centraal,Amsterdam Muiderpoort","ASD, ASDM",defecte bovenleiding,damaged overhead wires,defecte bovenleiding,damaged overhead wires,infrastructure,2024-10-31 22:00:11,2024-10-31 22:30:02,30.0
56233,Alphen a/d Rijn - Gouda,Alphen a/d Rijn - Gouda,8,"Alphen a/d Rijn,Boskoop","APN, BSK",defecte trein,broken down train,defecte trein,broken down train,rolling stock,2024-11-01 06:52:13,2024-11-01 07:27:49,36.0
56234,Utrecht - Baarn,"Amersfoort - Utrecht Centraal, Baarn - Utrecht Centraal","44,134","Bilthoven,Utrecht Overvecht","BHV, UTO",defecte trein,broken down train,defecte trein,broken down train,rolling stock,2024-11-01 07:12:01,2024-11-01 07:27:02,15.0
56237,Amsterdam - Hoofddorp,"Amsterdam Centraal - Schiphol Airport, Leiden Centraal - Schiphol Airport","22,32","Amsterdam Centraal,Amsterdam Lelylaan,Amsterdam Sloterdijk,Hoofddorp,Schiphol Airport","ASD, ASDL, ASS, HFD, SHL",defecte trein,broken down train,defecte trein,broken down train,rolling stock,2024-11-01 09:16:06,2024-11-01 11:53:35,157.0
56238,Leiden - Duivendrecht - Lelystad,"Leiden Centraal - Schiphol Airport, Lelystad Centrum - Schiphol Airport","22,144","Almere Centrum,Almere Muziekwijk,Amsterdam Zuid,Diemen Zuid,Duivendrecht,Hoofddorp,Leiden Centraal,Nieuw Vennep,Amsterdam RAI,Schiphol Airport,Weesp,Sassenheim,Almere Poort","ALM, ALMM, ASDZ, DMNZ, DVD, HFD, LEDN, NVP, RAI, SHL, WP, SSH, AMPO",defecte trein,broken down train,defecte trein,broken down train,rolling stock,2024-11-01 09:16:18,2024-11-01 11:53:38,157.0
56239,Schiphol - Amersfoort,Amersfoort - Schiphol Airport,148,"Amsterdam Zuid,Bussum Zuid,Diemen Zuid,Duivendrecht,Hilversum,Naarden-Bussum,Amsterdam RAI,Schiphol Airport,Weesp,Hilversum Media Park","ASDZ, BSMZ, DMNZ, DVD, HVS, NDB, RAI, SHL, WP, HVSM",defecte trein,broken down train,defecte trein,broken down train,rolling stock,2024-11-01 09:17:17,2024-11-01 11:54:23,157.0
56240,Leiden - Rotterdam,"Den Haag Centraal - Den Haag HS, Den Haag Centraal - Leiden Centraal, Den Haag HS - Leiden Centraal, Den Haag HS - Rotterdam Centraal","10,11,168,169","Delft,Delft Campus,De Vink,Den Haag HS,Den Haag Centraal,Den Haag Mariahoeve,Den Haag Moerwijk,Den Haag Laan v NOI,Leiden Centraal,Rijswijk,Rotterdam Centraal,Schiedam Centrum,Voorschoten","DT, DTCP, DVNK, GV, GVC, GVM, GVMW, LAA, LEDN, RSW, RTD, SDM, VST",defecte trein,broken down train,defecte trein,broken down train,rolling stock,2024-11-01 09:23:29,2024-11-01 11:54:29,151.0
56241,Leiden - Den Haag,Den Haag Centraal - Leiden Centraal,169,"De Vink,Den Haag Centraal,Den Haag Mariahoeve,Den Haag Laan v NOI,Leiden Centraal,Voorschoten","DVNK, GVC, GVM, LAA, LEDN, VST",defecte trein,broken down train,defecte trein,broken down train,rolling stock,2024-11-01 09:24:40,2024-11-01 11:53:40,149.0
56242,Schiphol - Utrecht,Schiphol Airport - Utrecht Centraal,137,"Amsterdam Bijlmer ArenA,Amsterdam Zuid,Duivendrecht,Amsterdam RAI,Schiphol Airport","ASB, ASDZ, DVD, RAI, SHL",defecte trein,broken down train,defecte trein,broken down train,rolling stock,2024-11-01 09:43:27,2024-11-01 11:54:40,131.0
56246,Rotterdam - Dordrecht,Dordrecht - Rotterdam Centraal,16,"Barendrecht,Dordrecht,Rotterdam Lombardijen,Rotterdam Blaak,Rotterdam Centraal,Rotterdam Stadion,Rotterdam Zuid,Zwijndrecht","BRD, DDR, RLB, RTB, RTD, RTST, RTZ, ZWD",defecte trein,broken down train,defecte trein,broken down train,rolling stock,2024-11-01 17:12:24,2024-11-01 17:21:43,9.0
56249,Schiphol - Leiden,Leiden Centraal - Schiphol Airport,22,"Hoofddorp,Leiden Centraal,Nieuw Vennep,Sassenheim","HFD, LEDN, NVP, SSH",defecte trein,broken down train,defecte trein,broken down train,rolling stock,2024-11-01 21:54:32,2024-11-01 22:04:04,10.0
56251,Amsterdam - Utrecht; Amsterdam - Gouda,"Amersfoort - Amsterdam Centraal, Amsterdam Centraal - Lelystad Centrum, Amsterdam Centraal - Utrecht Centraal, Amsterdam Centraal - Woerden","135,136,141,145","Amsterdam Centraal,Amsterdam Muiderpoort","ASD, ASDM",defecte spoorbrug,damaged railway bridge,defecte spoorbrug,damaged railway bridge,infrastructure,2024-11-01 22:51:27,2024-11-02 00:56:55,125.0
56252,Hilversum - Amersfoort,"Amersfoort - Amsterdam Centraal, Amersfoort - Schiphol Airport","135,148","Amersfoort Centraal,Baarn","AMF, BRN",defecte trein,broken down train,defecte trein,broken down train,rolling stock,2024-11-02 10:05:56,2024-11-02 10:18:23,12.0
56269,Amsterdam Sloterdijk - Schiphol Airport,"Amsterdam Centraal - Schiphol Airport, Schiphol Airport - Zaandam","32,165","Amsterdam Lelylaan,Amsterdam Sloterdijk,Schiphol Airport","ASDL, ASS, SHL",defecte trein,broken down train,defecte trein,broken down train,rolling stock,2024-11-03 13:30:29,2024-11-03 13:35:59,6.0
56270,Rotterdam - Gouda,Rotterdam Centraal - Utrecht Centraal,142,"Capelle Schollevaar,Gouda,Nieuwerkerk a/d IJssel,Rotterdam Alexander,Rotterdam Centraal,Rotterdam Noord","CPS, GD, NWK, RTA, RTD, RTN",defecte trein,broken down train,defecte trein,broken down train,rolling stock,2024-11-03 17:42:51,2024-11-03 17:46:43,4.0
56279,Dordrecht - Breda; Dordrecht - Roosendaal,"Breda - Dordrecht, Dordrecht - Roosendaal","170,171","Dordrecht,Dordrecht Zuid,Lage Zwaluwe","DDR, DDZD, ZLW",defecte trein,broken down train,defecte trein,broken down train,rolling stock,2024-11-04 07:36:56,2024-11-04 07:46:29,10.0
56281,Amsterdam - Schiphol; Schiphol - Zaandam,"Amsterdam Centraal - Schiphol Airport, Schiphol Airport - Zaandam","32,165","Amsterdam Lelylaan,Amsterdam Sloterdijk,Schiphol Airport","ASDL, ASS, SHL",defecte trein,broken down train,defecte trein,broken down train,rolling stock,2024-11-04 08:27:41,2024-11-04 08:46:17,19.0
56283,Utrecht - Amersfoort Schothorst,Amersfoort - Utrecht Centraal,134,"Amersfoort Centraal,Bilthoven,Den Dolder,Utrecht Centraal,Utrecht Overvecht","AMF, BHV, DLD, UT, UTO",defecte trein,broken down train,defecte trein,broken down train,rolling stock,2024-11-04 10:04:22,2024-11-04 12:09:27,125.0
56285,Amsterdam - Utrecht; Amsterdam - Gouda,"Amsterdam Centraal - Utrecht Centraal, Amsterdam Centraal - Woerden","136,141","Amsterdam Amstel,Amsterdam Bijlmer ArenA,Amsterdam Centraal,Amsterdam Muiderpoort,Duivendrecht","ASA, ASB, ASD, ASDM, DVD",defecte trein,broken down train,defecte trein,broken down train,rolling stock,2024-11-04 10:46:15,2024-11-04 11:11:46,26.0
56288,Amsterdam - Almere; Leiden - Duivendrecht - Lelystad,"Amsterdam Centraal - Lelystad Centrum, Lelystad Centrum - Schiphol Airport","144,145","Almere Centrum,Almere Muziekwijk,Weesp,Almere Poort","ALM, ALMM, WP, AMPO",defecte trein,broken down train,defecte trein,broken down train,rolling stock,2024-11-04 14:38:47,2024-11-04 15:14:00,35.0
56291,Amsterdam - Almere; Leiden - Duivendrecht - Lelystad,"Amsterdam Centraal - Lelystad Centrum, Lelystad Centrum - Schiphol Airport","144,145","Almere Centrum,Almere Muziekwijk,Weesp,Almere Poort","ALM, ALMM, WP, AMPO",defecte bovenleiding,damaged overhead wires,defecte bovenleiding,damaged overhead wires,infrastructure,2024-11-04 16:16:56,2024-11-05 00:27:13,490.0
56293,Utrecht - Almere,Almere Oostvaarders - Utrecht Centraal,149,"Almere Centrum,Almere Muziekwijk,Bussum Zuid,Hilversum,Naarden-Bussum,Weesp,Almere Poort,Hilversum Media Park","ALM, ALMM, BSMZ, HVS, NDB, WP, AMPO, HVSM",defecte bovenleiding,damaged overhead wires,defecte bovenleiding,damaged overhead wires,infrastructure,2024-11-04 16:49:38,2024-11-04 21:15:39,266.0
56299,Den Haag - Rotterdam - Dordrecht,Dordrecht - Rotterdam Centraal,16,"Barendrecht,Dordrecht,Rotterdam Lombardijen,Rotterdam Blaak,Rotterdam Centraal,Rotterdam Stadion,Rotterdam Zuid,Zwijndrecht","BRD, DDR, RLB, RTB, RTD, RTST, RTZ, ZWD",gestrande trein,stranded train,gestrande trein,stranded train,rolling stock,2024-11-05 07:46:02,2024-11-05 09:39:25,113.0
56306,Amsterdam - Utrecht,"Amsterdam Centraal - Utrecht Centraal, Amsterdam Centraal - Woerden","136,141","Amsterdam Amstel,Amsterdam Bijlmer ArenA,Amsterdam Centraal,Amsterdam Muiderpoort,Duivendrecht","ASA, ASB, ASD, ASDM, DVD",defecte trein,broken down train,defecte trein,broken down train,rolling stock,2024-11-05 09:09:30,2024-11-05 09:32:20,23.0
56309,Hilversum - Amersfoort,"Amersfoort - Amsterdam Centraal, Amersfoort - Schiphol Airport","135,148","Amersfoort Centraal,Baarn","AMF, BRN",defecte trein,broken down train,defecte trein,broken down train,rolling stock,2024-11-05 10:31:27,2024-11-05 11:00:39,29.0
56314,Amsterdam - Utrecht; Amsterdam - Gouda,"Amsterdam Centraal - Utrecht Centraal, Amsterdam Centraal - Woerden","136,141","Amsterdam Amstel,Amsterdam Bijlmer ArenA,Amsterdam Centraal,Amsterdam Muiderpoort,Duivendrecht","ASA, ASB, ASD, ASDM, DVD",defecte trein,broken down train,defecte trein,broken down train,rolling stock,2024-11-05 14:39:42,2024-11-05 15:13:13,34.0
56325,Amsterdam - Uitgeest,Alkmaar - Amsterdam Centraal,161,"Amsterdam Centraal,Amsterdam Sloterdijk,Krommenie-Assendelft,Uitgeest,Wormerveer,Zaandam,Koog aan de Zaan,Zaandijk Zaanse Schans","ASD, ASS, KMA, UTG, WM, ZD, KZ, ZZS",defect spoor,defective railway track,defect spoor,defective railway track,infrastructure,2024-11-06 08:10:41,2024-11-06 19:29:02,678.0
56327,Amsterdam - Haarlem,Amsterdam Centraal - Haarlem,112,"Amsterdam Centraal,Amsterdam Sloterdijk,Haarlem,Haarlem Spaarnwoude,Halfweg-Zwanenburg","ASD, ASS, HLM, HLMS, HWZB",defect spoor,defective railway track,defect spoor,defective railway track,infrastructure,2024-11-06 09:03:36,2024-11-06 10:30:21,87.0
56337,Utrecht - Den Haag,Den Haag Centraal - Utrecht Centraal,143,"Gouda,Gouda Goverwelle,Den Haag Centraal,Utrecht Centraal,Utrecht Terwijde,Voorburg,Vleuten,Woerden,Den Haag Ypenburg,Zoetermeer,Zoetermeer Oost,Utrecht Leidsche Rijn,Lansingerland-Zoetermeer","GD, GDG, GVC, UT, UTT, VB, VTN, WD, YPB, ZTM, ZTMO, UTLR, LLZM",defecte trein,broken down train,defecte trein,broken down train,rolling stock,2024-11-06 20:53:54,2024-11-06 21:31:20,37.0
56338,Utrecht - Rotterdam,Rotterdam Centraal - Utrecht Centraal,142,"Capelle Schollevaar,Gouda,Gouda Goverwelle,Nieuwerkerk a/d IJssel,Rotterdam Alexander,Rotterdam Centraal,Rotterdam Noord,Utrecht Centraal,Utrecht Terwijde,Vleuten,Woerden,Utrecht Leidsche Rijn","CPS, GD, GDG, NWK, RTA, RTD, RTN, UT, UTT, VTN, WD, UTLR",defecte trein,broken down train,defecte trein,broken down train,rolling stock,2024-11-06 20:59:48,2024-11-06 21:31:11,31.0
56340,Amsterdam - Amersfoort; Hoofddorp - Schiphol - Hilversum,"Amersfoort - Amsterdam Centraal, Amersfoort - Schiphol Airport","135,148","Naarden-Bussum,Weesp","NDB, WP",defecte trein,broken down train,defecte trein,broken down train,rolling stock,2024-11-07 06:50:10,2024-11-07 07:19:22,29.0
56341,Schiphol - Amersfoort; Amsterdam - Amersfoort,"Almere Oostvaarders - Utrecht Centraal, Amersfoort - Amsterdam Centraal, Amersfoort - Schiphol Airport","135,148,149","Bussum Zuid,Naarden-Bussum","BSMZ, NDB",defecte trein,broken down train,defecte trein,broken down train,rolling stock,2024-11-07 07:19:03,2024-11-07 07:44:47,26.0
56345,Utrecht - Arnhem; Utrecht - Rhenen,"Arnhem Centraal - Utrecht Centraal, Rhenen - Utrecht Centraal","133,166","Bunnik,Driebergen-Zeist,Utrecht Centraal,Utrecht Vaartsche Rijn","BNK, DB, UT, UTVR",defecte trein,broken down train,defecte trein,broken down train,rolling stock,2024-11-07 16:17:08,2024-11-07 16:59:06,42.0
56347,Rotterdam - Dordrecht,Dordrecht - Rotterdam Centraal,16,"Barendrecht,Dordrecht,Rotterdam Lombardijen,Rotterdam Blaak,Rotterdam Centraal,Rotterdam Stadion,Rotterdam Zuid,Zwijndrecht","BRD, DDR, RLB, RTB, RTD, RTST, RTZ, ZWD",defecte trein,broken down train,defecte trein,broken down train,rolling stock,2024-11-07 17:02:41,2024-11-07 17:14:33,12.0
56358,Rotterdam - Dordrecht,Dordrecht - Rotterdam Centraal,16,"Barendrecht,Dordrecht,Rotterdam Lombardijen,Rotterdam Blaak,Rotterdam Centraal,Rotterdam Stadion,Rotterdam Zuid,Zwijndrecht","BRD, DDR, RLB, RTB, RTD, RTST, RTZ, ZWD",defecte spoorbrug,damaged railway bridge,defecte spoorbrug,damaged railway bridge,infrastructure,2024-11-08 15:18:35,2024-11-08 17:57:23,159.0
56409,Haarlem - Leiden,Haarlem - Leiden Centraal,23,"Heemstede-Aerdenhout,Hillegom,Haarlem,Leiden Centraal,Voorhout","HAD, HIL, HLM, LEDN, VH",eerdere verstoring,an earlier disruption,gestrande trein,stranded train,rolling stock,2024-11-12 18:07:54,2024-11-12 19:28:46,81.0
56413,Leiden - Den Haag,Den Haag Centraal - Leiden Centraal,169,"De Vink,Den Haag Centraal,Den Haag Mariahoeve,Den Haag Laan v NOI,Leiden Centraal,Voorschoten","DVNK, GVC, GVM, LAA, LEDN, VST",gestrande trein,stranded train,gestrande trein,stranded train,rolling stock,2024-11-12 18:23:17,2024-11-12 18:38:05,15.0
56414,Utrecht - 's-Hertogenbosch,'s-Hertogenbosch - Utrecht Centraal,151,"Culemborg,Geldermalsen,'s-Hertogenbosch,Houten,Houten Castellum,Utrecht Centraal,Zaltbommel,Utrecht Lunetten,Utrecht Vaartsche Rijn","CL, GDM, HT, HTN, HTNC, UT, ZBM, UTLN, UTVR",seinstoring,signal failure,seinstoring,signal failure,infrastructure,2024-11-12 18:26:29,2024-11-12 18:58:14,32.0
56439,Amsterdam - Haarlem,"Alkmaar - Amsterdam Centraal, Amsterdam Centraal - Haarlem, Amsterdam Centraal - Hoorn, Amsterdam Centraal - Schiphol Airport","32,112,161,164","Amsterdam Centraal,Amsterdam Sloterdijk","ASD, ASS",defecte trein,broken down train,defecte trein,broken down train,rolling stock,2024-11-13 15:07:27,2024-11-13 15:07:48,0.0
56442,Amsterdam - Almere,"Amsterdam Centraal - Lelystad Centrum, Lelystad Centrum - Schiphol Airport","144,145","Almere Centrum,Almere Muziekwijk,Weesp,Almere Poort","ALM, ALMM, WP, AMPO",defecte trein,broken down train,defecte trein,broken down train,rolling stock,2024-11-13 19:31:27,2024-11-13 19:43:34,12.0
56446,Utrecht - Rotterdam,Rotterdam Centraal - Utrecht Centraal,142,"Capelle Schollevaar,Gouda,Nieuwerkerk a/d IJssel,Rotterdam Alexander,Rotterdam Centraal,Rotterdam Noord","CPS, GD, NWK, RTA, RTD, RTN",defecte trein,broken down train,defecte trein,broken down train,rolling stock,2024-11-14 08:05:43,2024-11-14 09:01:54,56.0
56447,Schiphol - Amersfoort; Amsterdam - Amersfoort,"Almere Oostvaarders - Utrecht Centraal, Amersfoort - Amsterdam Centraal, Amersfoort - Schiphol Airport","135,148,149","Bussum Zuid,Naarden-Bussum","BSMZ, NDB",seinstoring,signal failure,seinstoring,signal failure,infrastructure,2024-11-14 09:02:11,2024-11-14 09:51:15,49.0
56448,Utrecht - Almere,"Almere Oostvaarders - Utrecht Centraal, Amersfoort - Amsterdam Centraal, Amersfoort - Schiphol Airport","135,148,149","Bussum Zuid,Naarden-Bussum","BSMZ, NDB",seinstoring,signal failure,seinstoring,signal failure,infrastructure,2024-11-14 09:06:16,2024-11-14 09:51:40,45.0
56453,Amsterdam - Amersfoort,"Amersfoort - Amsterdam Centraal, Amersfoort - Schiphol Airport","135,148","Baarn,Hilversum","BRN, HVS",defecte trein,broken down train,defecte trein,broken down train,rolling stock,2024-11-14 13:35:16,2024-11-14 14:09:19,34.0
56454,Amsterdam - Hilversum; Utrecht - Almere,"Almere Oostvaarders - Utrecht Centraal, Amersfoort - Amsterdam Centraal, Amersfoort - Schiphol Airport","135,148,149","Almere Centrum,Almere Muziekwijk,Naarden-Bussum,Weesp,Almere Poort","ALM, ALMM, NDB, WP, AMPO",defecte trein,broken down train,defecte trein,broken down train,rolling stock,2024-11-14 14:03:38,2024-11-14 14:04:56,1.0
56455,Amsterdam - Hilversum; Amsterdam - Amersfoort,Amersfoort - Amsterdam Centraal,135,"Amsterdam Centraal,Amsterdam Muiderpoort,Amsterdam Science Park,Bussum Zuid,Diemen,Hilversum,Naarden-Bussum,Weesp,Hilversum Media Park","ASD, ASDM, ASSP, BSMZ, DMN, HVS, NDB, WP, HVSM",defecte trein,broken down train,defecte trein,broken down train,rolling stock,2024-11-14 14:18:17,2024-11-14 14:42:14,24.0
56458,Leiden - Den Haag HS; Leiden - Alphen a/d Rijn,"Den Haag Centraal - Leiden Centraal, Den Haag HS - Leiden Centraal, Leiden Centraal - Utrecht Centraal","147,168,169","Alphen a/d Rijn,De Vink,Den Haag Mariahoeve,Den Haag Laan v NOI,Leiden Lammenschans,Leiden Centraal,Voorschoten","APN, DVNK, GVM, LAA, LDL, LEDN, VST",defecte trein,broken down train,defecte trein,broken down train,rolling stock,2024-11-14 18:24:10,2024-11-14 18:40:33,16.0
56479,Amsterdam - Utrecht,"Amersfoort - Amsterdam Centraal, Amsterdam Centraal - Lelystad Centrum, Amsterdam Centraal - Utrecht Centraal, Amsterdam Centraal - Woerden","135,136,141,145","Amsterdam Centraal,Amsterdam Muiderpoort","ASD, ASDM",defecte spoorbrug,damaged railway bridge,defecte spoorbrug,damaged railway bridge,infrastructure,2024-11-15 06:12:14,2024-11-15 06:30:29,18.0
56480,Den Haag - Rotterdam - Dordrecht,Dordrecht - Rotterdam Centraal,16,"Barendrecht,Dordrecht,Rotterdam Lombardijen,Rotterdam Blaak,Rotterdam Centraal,Rotterdam Stadion,Rotterdam Zuid,Zwijndrecht","BRD, DDR, RLB, RTB, RTD, RTST, RTZ, ZWD",defecte trein,broken down train,defecte trein,broken down train,rolling stock,2024-11-15 09:10:52,2024-11-15 09:36:12,25.0
56503,Amsterdam - Haarlem,"Alkmaar - Amsterdam Centraal, Amsterdam Centraal - Haarlem, Amsterdam Centraal - Hoorn, Amsterdam Centraal - Schiphol Airport","32,112,161,164","Amsterdam Centraal,Amsterdam Sloterdijk","ASD, ASS",defecte trein,broken down train,defecte trein,broken down train,rolling stock,2024-11-16 12:01:38,2024-11-16 12:46:44,45.0
56511,Den Haag - Rotterdam,Den Haag HS - Rotterdam Centraal,11,"Delft,Delft Campus,Den Haag HS,Den Haag Moerwijk,Rijswijk,Rotterdam Centraal,Schiedam Centrum","DT, DTCP, GV, GVMW, RSW, RTD, SDM",defecte trein,broken down train,defecte trein,broken down train,rolling stock,2024-11-16 18:53:44,2024-11-16 19:04:20,11.0
56535,Dordrecht - Roosendaal,Dordrecht - Roosendaal,171,"Dordrecht,Dordrecht Zuid,Oudenbosch,Roosendaal,Lage Zwaluwe,Zevenbergen","DDR, DDZD, ODB, RSD, ZLW, ZVB",defecte trein,broken down train,defecte trein,broken down train,rolling stock,2024-11-18 10:27:44,2024-11-18 11:38:40,71.0
56541,Dordrecht - Breda,"Breda - Dordrecht, Dordrecht - Roosendaal","170,171","Dordrecht,Dordrecht Zuid,Lage Zwaluwe","DDR, DDZD, ZLW",defecte trein,broken down train,defecte trein,broken down train,rolling stock,2024-11-18 20:33:55,2024-11-18 20:40:48,7.0
56545,Utrecht - Baarn,Baarn - Utrecht Centraal,44,"Baarn,Soestdijk,Soest","BRN, SD, ST",defecte trein,broken down train,defecte trein,broken down train,rolling stock,2024-11-19 07:57:27,2024-11-19 08:24:00,27.0
56546,Haarlem - Leiden,Haarlem - Leiden Centraal,23,"Heemstede-Aerdenhout,Hillegom,Haarlem,Leiden Centraal,Voorhout","HAD, HIL, HLM, LEDN, VH",defecte trein,broken down train,defecte trein,broken down train,rolling stock,2024-11-19 08:07:21,2024-11-19 08:28:15,21.0
56548,Utrecht - Amersfoort,Amersfoort - Utrecht Centraal,134,"Amersfoort Centraal,Den Dolder","AMF, DLD",defecte trein,broken down train,defecte trein,broken down train,rolling stock,2024-11-19 10:15:21,2024-11-19 10:31:31,16.0
56551,Utrecht - Baarn,Baarn - Utrecht Centraal,44,"Baarn,Soestdijk,Soest","BRN, SD, ST",defecte trein,broken down train,defecte trein,broken down train,rolling stock,2024-11-19 11:33:23,2024-11-19 12:13:27,40.0
56552,Amsterdam - Utrecht,"Amsterdam Centraal - Utrecht Centraal, Amsterdam Centraal - Woerden","136,141","Amsterdam Amstel,Amsterdam Centraal,Amsterdam Muiderpoort,Duivendrecht","ASA, ASD, ASDM, DVD",defecte trein,broken down train,defecte trein,broken down train,rolling stock,2024-11-19 11:38:34,2024-11-19 11:52:14,14.0
56556,Utrecht - Leiden,Leiden Centraal - Utrecht Centraal,147,"Alphen a/d Rijn,Bodegraven","APN, BDG",defecte trein,broken down train,defecte trein,broken down train,rolling stock,2024-11-19 15:33:43,2024-11-19 15:45:44,12.0
56560,Schiphol - Hoofddorp,Leiden Centraal - Schiphol Airport,22,"Hoofddorp,Schiphol Airport","HFD, SHL",defecte trein,broken down train,defecte trein,broken down train,rolling stock,2024-11-19 18:00:12,2024-11-19 18:45:12,45.0
56583,Utrecht - Baarn,Baarn - Utrecht Centraal,44,"Baarn,Soestdijk,Soest","BRN, SD, ST",defecte trein,broken down train,defecte trein,broken down train,rolling stock,2024-11-20 11:07:38,2024-11-20 11:09:01,1.0
56585,Den Haag - Rotterdam,Den Haag HS - Rotterdam Centraal,11,"Delft,Delft Campus,Rotterdam Centraal,Schiedam Centrum","DT, DTCP, RTD, SDM",defecte trein,broken down train,defecte trein,broken down train,rolling stock,2024-11-20 11:37:41,2024-11-20 12:13:57,36.0
56592,Utrecht - Baarn,Baarn - Utrecht Centraal,44,"Baarn,Soestdijk,Soest","BRN, SD, ST",defecte trein,broken down train,defecte trein,broken down train,rolling stock,2024-11-20 16:11:33,2024-11-20 16:47:51,36.0
56593,Hilversum - Amersfoort,"Amersfoort - Amsterdam Centraal, Amersfoort - Schiphol Airport","135,148","Baarn,Hilversum","BRN, HVS",defecte trein,broken down train,defecte trein,broken down train,rolling stock,2024-11-20 18:06:57,2024-11-20 18:29:37,23.0
56599,Dordrecht - Roosendaal,Dordrecht - Roosendaal,171,"Dordrecht,Dordrecht Zuid,Oudenbosch,Roosendaal,Lage Zwaluwe,Zevenbergen","DDR, DDZD, ODB, RSD, ZLW, ZVB",defect wissel,defective point,defect wissel,defective point,infrastructure,2024-11-21 08:17:12,2024-11-21 09:28:22,71.0
56602,Amsterdam - Utrecht; Amsterdam - Gouda,"Amsterdam Centraal - Utrecht Centraal, Amsterdam Centraal - Woerden","136,141","Amsterdam Amstel,Amsterdam Bijlmer ArenA,Amsterdam Centraal,Amsterdam Muiderpoort,Duivendrecht","ASA, ASB, ASD, ASDM, DVD",defect spoor,defective railway track,defect spoor,defective railway track,infrastructure,2024-11-21 10:31:22,2024-11-21 12:11:05,100.0
56627,Leiden - Den Haag,Den Haag Centraal - Leiden Centraal,169,"De Vink,Den Haag Centraal,Den Haag Mariahoeve,Den Haag Laan v NOI,Leiden Centraal,Voorschoten","DVNK, GVC, GVM, LAA, LEDN, VST",defecte trein,broken down train,defecte trein,broken down train,rolling stock,2024-11-22 05:41:32,2024-11-22 06:20:37,39.0
56630,Leiden - Den Haag HS,"Den Haag Centraal - Leiden Centraal, Den Haag HS - Leiden Centraal","168,169","De Vink,Den Haag Mariahoeve,Den Haag Laan v NOI,Leiden Centraal,Voorschoten","DVNK, GVM, LAA, LEDN, VST",defecte trein,broken down train,defecte trein,broken down train,rolling stock,2024-11-22 06:42:46,2024-11-22 07:15:23,33.0
56632,Rotterdam - Dordrecht,Dordrecht - Rotterdam Centraal,16,"Barendrecht,Dordrecht,Rotterdam Lombardijen,Rotterdam Blaak,Rotterdam Centraal,Rotterdam Stadion,Rotterdam Zuid,Zwijndrecht","BRD, DDR, RLB, RTB, RTD, RTST, RTZ, ZWD",defecte spoorbrug,damaged railway bridge,defecte spoorbrug,damaged railway bridge,infrastructure,2024-11-22 07:13:47,2024-11-22 08:31:26,78.0
56648,Dordrecht - Roosendaal,Dordrecht - Roosendaal,171,"Dordrecht,Dordrecht Zuid,Oudenbosch,Roosendaal,Lage Zwaluwe,Zevenbergen","DDR, DDZD, ODB, RSD, ZLW, ZVB",defecte trein,broken down train,defecte trein,broken down train,rolling stock,2024-11-22 16:52:14,2024-11-22 17:27:24,35.0
56652,Amsterdam - Schiphol - Leiden,Leiden Centraal - Schiphol Airport,22,"Hoofddorp,Leiden Centraal,Nieuw Vennep,Sassenheim","HFD, LEDN, NVP, SSH",defecte trein,broken down train,defecte trein,broken down train,rolling stock,2024-11-22 23:15:59,2024-11-23 01:42:58,147.0
56671,Breukelen - Utrecht - Veenendaal,"Arnhem Centraal - Utrecht Centraal, Rhenen - Utrecht Centraal","133,166","Bunnik,Driebergen-Zeist,Utrecht Centraal,Utrecht Vaartsche Rijn","BNK, DB, UT, UTVR",seinstoring,signal failure,seinstoring,signal failure,infrastructure,2024-11-23 22:20:20,2024-11-24 00:15:27,115.0
56676,Utrecht - Rotterdam,Rotterdam Centraal - Utrecht Centraal,142,"Capelle Schollevaar,Gouda,Nieuwerkerk a/d IJssel,Rotterdam Alexander,Rotterdam Centraal,Rotterdam Noord","CPS, GD, NWK, RTA, RTD, RTN",defecte trein,broken down train,defecte trein,broken down train,rolling stock,2024-11-24 10:49:57,2024-11-24 12:00:09,70.0
56678,Utrecht - Arnhem; Utrecht - Veenendaal,"Arnhem Centraal - Utrecht Centraal, Rhenen - Utrecht Centraal","133,166","Bunnik,Driebergen-Zeist,Utrecht Centraal,Utrecht Vaartsche Rijn","BNK, DB, UT, UTVR",gestrande trein,stranded train,gestrande trein,stranded train,rolling stock,2024-11-24 12:08:03,2024-11-24 13:42:57,95.0
56682,Utrecht - Houten,"'s-Hertogenbosch - Utrecht Centraal, Tiel - Utrecht Centraal","150,151","Houten,Utrecht Lunetten,Utrecht Vaartsche Rijn","HTN, UTLN, UTVR",defecte trein,broken down train,defecte trein,broken down train,rolling stock,2024-11-24 18:32:23,2024-11-24 18:43:46,11.0
56684,Rotterdam - Dordrecht,Dordrecht - Rotterdam Centraal,16,"Barendrecht,Dordrecht,Rotterdam Lombardijen,Rotterdam Blaak,Rotterdam Centraal,Rotterdam Stadion,Rotterdam Zuid,Zwijndrecht","BRD, DDR, RLB, RTB, RTD, RTST, RTZ, ZWD",defecte trein,broken down train,defecte trein,broken down train,rolling stock,2024-11-24 19:54:05,2024-11-24 20:06:13,12.0
56690,Utrecht - Rotterdam; Utrecht - Den Haag,"Den Haag Centraal - Utrecht Centraal, Rotterdam Centraal - Utrecht Centraal","142,143","Gouda,Gouda Goverwelle,Woerden","GD, GDG, WD",eerdere verstoring,an earlier disruption,defecte trein,broken down train,rolling stock,2024-11-25 08:18:26,2024-11-25 11:05:18,167.0
56715,Amsterdam - Uitgeest,Alkmaar - Amsterdam Centraal,161,"Wormerveer,Zaandam,Koog aan de Zaan,Zaandijk Zaanse Schans","WM, ZD, KZ, ZZS",defecte trein,broken down train,defecte trein,broken down train,rolling stock,2024-11-25 17:44:25,2024-11-25 18:40:53,56.0
56716,Amsterdam - Utrecht,"Amsterdam Centraal - Utrecht Centraal, Amsterdam Centraal - Woerden","136,141","Abcoude,Amsterdam Amstel,Amsterdam Bijlmer ArenA,Amsterdam Centraal,Amsterdam Muiderpoort,Amsterdam Holendrecht,Breukelen,Duivendrecht","AC, ASA, ASB, ASD, ASDM, ASHD, BKL, DVD",defecte trein,broken down train,defecte trein,broken down train,rolling stock,2024-11-25 17:56:37,2024-11-25 18:35:10,39.0
56717,Haarlem - Leiden,Haarlem - Leiden Centraal,23,"Heemstede-Aerdenhout,Hillegom,Haarlem,Leiden Centraal,Voorhout","HAD, HIL, HLM, LEDN, VH",defecte trein,broken down train,defecte trein,broken down train,rolling stock,2024-11-25 18:25:02,2024-11-25 18:44:16,19.0
56731,Utrecht - Arnhem; Utrecht - Rhenen,"Arnhem Centraal - Utrecht Centraal, Rhenen - Utrecht Centraal","133,166","Bunnik,Driebergen-Zeist,Utrecht Centraal,Utrecht Vaartsche Rijn","BNK, DB, UT, UTVR",defect spoor,defective railway track,defect spoor,defective railway track,infrastructure,2024-11-26 11:39:15,2024-11-28 15:57:32,3138.0
56736,Dordrecht - Roosendaal,Dordrecht - Roosendaal,171,"Dordrecht,Dordrecht Zuid,Oudenbosch,Roosendaal,Lage Zwaluwe,Zevenbergen","DDR, DDZD, ODB, RSD, ZLW, ZVB",defecte bovenleiding,damaged overhead wires,defecte bovenleiding,damaged overhead wires,infrastructure,2024-11-26 13:29:17,2024-11-27 10:01:24,1232.0
56737,Rotterdam - Dordrecht,Dordrecht - Rotterdam Centraal,16,"Barendrecht,Dordrecht,Rotterdam Lombardijen,Rotterdam Blaak,Rotterdam Centraal,Rotterdam Stadion,Rotterdam Zuid,Zwijndrecht","BRD, DDR, RLB, RTB, RTD, RTST, RTZ, ZWD",defecte bovenleiding,damaged overhead wires,defecte bovenleiding,damaged overhead wires,infrastructure,2024-11-26 13:45:00,2024-11-26 19:00:26,315.0
56744,Utrecht - Den Haag,Den Haag Centraal - Utrecht Centraal,143,"Gouda,Gouda Goverwelle,Den Haag Centraal,Voorburg,Den Haag Ypenburg,Zoetermeer,Zoetermeer Oost,Lansingerland-Zoetermeer","GD, GDG, GVC, VB, YPB, ZTM, ZTMO, LLZM",defecte trein,broken down train,defecte trein,broken down train,rolling stock,2024-11-27 08:18:38,2024-11-27 08:43:37,25.0
56746,Schiphol - Amersfoort; Hilversum - Amersfoort Schothorst,"Amersfoort - Amsterdam Centraal, Amersfoort - Schiphol Airport","135,148","Amersfoort Centraal,Baarn,Hilversum","AMF, BRN, HVS",defecte trein,broken down train,defecte trein,broken down train,rolling stock,2024-11-27 11:20:55,2024-11-27 12:37:13,76.0
56749,Amsterdam - Schiphol; Amsterdam - Uitgeest; Amsterdam - Haarlem,"Alkmaar - Amsterdam Centraal, Amsterdam Centraal - Haarlem, Amsterdam Centraal - Hoorn, Amsterdam Centraal - Schiphol Airport","32,112,161,164","Amsterdam Centraal,Amsterdam Lelylaan,Amsterdam Sloterdijk,Haarlem,Haarlem Spaarnwoude,Schiphol Airport,Zaandam,Halfweg-Zwanenburg","ASD, ASDL, ASS, HLM, HLMS, SHL, ZD, HWZB",seinstoring,signal failure,seinstoring,signal failure,infrastructure,2024-11-27 13:18:26,2024-11-27 14:38:54,80.0
56750,Utrecht - Rotterdam,Rotterdam Centraal - Utrecht Centraal,142,"Capelle Schollevaar,Gouda,Gouda Goverwelle,Nieuwerkerk a/d IJssel,Rotterdam Alexander,Rotterdam Centraal,Rotterdam Noord,Utrecht Centraal,Utrecht Terwijde,Vleuten,Woerden,Utrecht Leidsche Rijn","CPS, GD, GDG, NWK, RTA, RTD, RTN, UT, UTT, VTN, WD, UTLR",defecte trein,broken down train,defecte trein,broken down train,rolling stock,2024-11-27 15:58:04,2024-11-27 15:58:36,1.0
56751,Utrecht - Rotterdam,Rotterdam Centraal - Utrecht Centraal,142,"Capelle Schollevaar,Gouda,Gouda Goverwelle,Nieuwerkerk a/d IJssel,Rotterdam Alexander,Rotterdam Centraal,Rotterdam Noord,Utrecht Centraal,Utrecht Terwijde,Vleuten,Woerden,Utrecht Leidsche Rijn","CPS, GD, GDG, NWK, RTA, RTD, RTN, UT, UTT, VTN, WD, UTLR",defecte trein,broken down train,defecte trein,broken down train,rolling stock,2024-11-27 15:58:42,2024-11-27 16:38:16,40.0
56764,Amsterdam - Haarlem,Amsterdam Centraal - Haarlem,112,"Amsterdam Centraal,Amsterdam Sloterdijk,Haarlem,Haarlem Spaarnwoude,Halfweg-Zwanenburg","ASD, ASS, HLM, HLMS, HWZB",defecte trein,broken down train,defecte trein,broken down train,rolling stock,2024-11-27 18:28:33,2024-11-27 18:40:28,12.0
56765,Dordrecht - Breda,"Breda - Dordrecht, Dordrecht - Roosendaal","170,171","Dordrecht,Dordrecht Zuid,Lage Zwaluwe","DDR, DDZD, ZLW",defecte trein,broken down train,defecte trein,broken down train,rolling stock,2024-11-27 18:30:52,2024-11-27 18:41:57,11.0
56767,Rotterdam - Dordrecht,Dordrecht - Rotterdam Centraal,16,"Barendrecht,Dordrecht,Rotterdam Lombardijen,Rotterdam Blaak,Rotterdam Centraal,Rotterdam Stadion,Rotterdam Zuid,Zwijndrecht","BRD, DDR, RLB, RTB, RTD, RTST, RTZ, ZWD",defecte trein,broken down train,defecte trein,broken down train,rolling stock,2024-11-27 18:50:32,2024-11-27 19:15:50,25.0
56779,Utrecht - Amersfoort,Amersfoort - Utrecht Centraal,134,"Amersfoort Centraal,Bilthoven,Den Dolder,Utrecht Centraal,Utrecht Overvecht","AMF, BHV, DLD, UT, UTO",defecte bovenleiding,damaged overhead wires,defecte bovenleiding,damaged overhead wires,infrastructure,2024-11-28 05:22:04,2024-11-28 11:57:13,395.0
56785,Amsterdam - Uitgeest,"Alkmaar - Amsterdam Centraal, Amsterdam Centraal - Hoorn","161,164","Amsterdam Centraal,Amsterdam Sloterdijk,Zaandam","ASD, ASS, ZD",defecte trein,broken down train,defecte trein,broken down train,rolling stock,2024-11-28 07:57:51,2024-11-28 08:54:20,56.0
56788,Amsterdam - Utrecht,"Amsterdam Centraal - Utrecht Centraal, Amsterdam Centraal - Woerden","136,141","Abcoude,Amsterdam Amstel,Amsterdam Bijlmer ArenA,Amsterdam Centraal,Amsterdam Muiderpoort,Amsterdam Holendrecht,Breukelen,Duivendrecht","AC, ASA, ASB, ASD, ASDM, ASHD, BKL, DVD",defecte trein,broken down train,defecte trein,broken down train,rolling stock,2024-11-28 08:06:49,2024-11-28 08:46:01,39.0
56791,Rotterdam - Gouda,Rotterdam Centraal - Utrecht Centraal,142,"Capelle Schollevaar,Nieuwerkerk a/d IJssel,Rotterdam Alexander","CPS, NWK, RTA",defecte trein,broken down train,defecte trein,broken down train,rolling stock,2024-11-28 14:22:13,2024-11-28 14:29:23,7.0
56792,Utrecht - Rotterdam; Utrecht - Den Haag,"Den Haag Centraal - Utrecht Centraal, Rotterdam Centraal - Utrecht Centraal","142,143","Gouda,Gouda Goverwelle,Woerden","GD, GDG, WD",defecte trein,broken down train,defecte trein,broken down train,rolling stock,2024-11-28 15:08:23,2024-11-28 15:27:11,19.0
56797,Utrecht - 's-Hertogenbosch; Utrecht - Tiel,"'s-Hertogenbosch - Utrecht Centraal, Tiel - Utrecht Centraal","150,151","Culemborg,Geldermalsen,Houten,Houten Castellum","CL, GDM, HTN, HTNC",defecte trein,broken down train,defecte trein,broken down train,rolling stock,2024-11-28 22:01:22,2024-11-28 22:43:22,42.0
56801,Amsterdam - Utrecht; Amsterdam - Gouda,"Amsterdam Centraal - Utrecht Centraal, Amsterdam Centraal - Woerden","136,141","Amsterdam Amstel,Amsterdam Bijlmer ArenA,Amsterdam Centraal,Amsterdam Muiderpoort,Duivendrecht","ASA, ASB, ASD, ASDM, DVD",defecte bovenleiding,damaged overhead wires,defecte bovenleiding,damaged overhead wires,infrastructure,2024-11-29 06:11:18,2024-11-30 22:15:57,2405.0
56813,Duivendrecht - Lelystad,"Amsterdam Centraal - Lelystad Centrum, Lelystad Centrum - Schiphol Airport","144,145","Almere Centrum,Almere Muziekwijk,Weesp,Almere Poort","ALM, ALMM, WP, AMPO",defecte trein,broken down train,defecte trein,broken down train,rolling stock,2024-11-29 09:51:39,2024-11-29 10:21:57,30.0
56814,Rotterdam - Dordrecht,Dordrecht - Rotterdam Centraal,16,"Barendrecht,Dordrecht,Rotterdam Lombardijen,Rotterdam Blaak,Rotterdam Centraal,Rotterdam Stadion,Rotterdam Zuid,Zwijndrecht","BRD, DDR, RLB, RTB, RTD, RTST, RTZ, ZWD",defecte trein,broken down train,defecte trein,broken down train,rolling stock,2024-11-29 12:17:01,2024-11-29 12:22:29,5.0
56817,Schiphol - Amersfoort; Amsterdam - Amersfoort,"Amersfoort - Amsterdam Centraal, Amersfoort - Schiphol Airport","135,148","Amersfoort Centraal,Baarn,Hilversum","AMF, BRN, HVS",defecte trein,broken down train,defecte trein,broken down train,rolling stock,2024-11-29 20:14:20,2024-11-29 23:17:23,183.0
56822,Schiphol - Hoofddorp,Leiden Centraal - Schiphol Airport,22,"Hoofddorp,Schiphol Airport","HFD, SHL",defecte trein,broken down train,defecte trein,broken down train,rolling stock,2024-11-30 10:33:10,2024-11-30 10:50:45,18.0
56825,Amsterdam - Hilversum,"Almere Oostvaarders - Utrecht Centraal, Amersfoort - Amsterdam Centraal, Amersfoort - Schiphol Airport","135,148,149","Bussum Zuid,Hilversum,Naarden-Bussum,Hilversum Media Park","BSMZ, HVS, NDB, HVSM",defecte trein,broken down train,defecte trein,broken down train,rolling stock,2024-11-30 12:35:37,2024-11-30 12:44:09,9.0
56827,Den Haag - Rotterdam,Den Haag HS - Rotterdam Centraal,11,"Delft,Den Haag HS,Den Haag Moerwijk,Rijswijk","DT, GV, GVMW, RSW",defecte trein,broken down train,defecte trein,broken down train,rolling stock,2024-11-30 19:24:22,2024-11-30 20:11:14,47.0
56831,Utrecht - Den Haag,Den Haag Centraal - Utrecht Centraal,143,"Gouda,Gouda Goverwelle,Den Haag Centraal,Utrecht Centraal,Utrecht Terwijde,Voorburg,Vleuten,Woerden,Den Haag Ypenburg,Zoetermeer,Zoetermeer Oost,Utrecht Leidsche Rijn,Lansingerland-Zoetermeer","GD, GDG, GVC, UT, UTT, VB, VTN, WD, YPB, ZTM, ZTMO, UTLR, LLZM",defecte trein,broken down train,defecte trein,broken down train,rolling stock,2024-12-01 16:31:22,2024-12-01 17:08:09,37.0
56836,Leiden Centraal,"Den Haag Centraal - Leiden Centraal, Den Haag HS - Leiden Centraal, Haarlem - Leiden Centraal, Leiden Centraal - Schiphol Airport, Leiden Centraal - Utrecht Centraal","22,23,147,168,169",Leiden Centraal,LEDN,seinstoring,signal failure,seinstoring,signal failure,infrastructure,2024-12-02 06:01:00,2024-12-02 07:00:24,59.0
56844,Schiphol - Amersfoort; Leiden - Duivendrecht - Lelystad,"Amersfoort - Schiphol Airport, Lelystad Centrum - Schiphol Airport, Schiphol Airport - Utrecht Centraal","137,144,148","Amsterdam Zuid,Schiphol Airport","ASDZ, SHL",defecte bovenleiding,damaged overhead wires,defecte bovenleiding,damaged overhead wires,infrastructure,2024-12-02 16:33:39,2024-12-02 16:53:15,20.0
56845,Schiphol - Utrecht,Schiphol Airport - Utrecht Centraal,137,"Amsterdam Bijlmer ArenA,Amsterdam Zuid,Duivendrecht,Amsterdam RAI,Schiphol Airport","ASB, ASDZ, DVD, RAI, SHL",voorwerp in de bovenleiding,an object in the overhead wires,voorwerp in de bovenleiding,an object in the overhead wires,external,2024-12-02 16:35:42,2024-12-02 16:42:36,7.0
56846,Schiphol - Utrecht - Nijmegen,Schiphol Airport - Utrecht Centraal,137,"Amsterdam Bijlmer ArenA,Amsterdam Zuid,Duivendrecht,Amsterdam RAI","ASB, ASDZ, DVD, RAI",defecte bovenleiding,damaged overhead wires,defecte bovenleiding,damaged overhead wires,infrastructure,2024-12-02 16:51:19,2024-12-03 01:10:27,499.0
56847,Utrecht - Den Haag,Den Haag Centraal - Utrecht Centraal,143,"Gouda,Gouda Goverwelle,Den Haag Centraal,Utrecht Centraal,Utrecht Terwijde,Voorburg,Vleuten,Woerden,Den Haag Ypenburg,Zoetermeer,Zoetermeer Oost,Utrecht Leidsche Rijn,Lansingerland-Zoetermeer","GD, GDG, GVC, UT, UTT, VB, VTN, WD, YPB, ZTM, ZTMO, UTLR, LLZM",defecte trein,broken down train,defecte trein,broken down train,rolling stock,2024-12-02 16:55:39,2024-12-02 18:19:21,84.0
56853,Alphen a/d Rijn - Gouda,Alphen a/d Rijn - Gouda,8,"Alphen a/d Rijn,Boskoop,Waddinxveen,Waddinxveen Noord,Boskoop Snijdelwijk","APN, BSK, WAD, WADN, BSKS",defecte trein,broken down train,defecte trein,broken down train,rolling stock,2024-12-03 07:32:42,2024-12-03 08:00:19,28.0
56856,Schiphol - Utrecht,Schiphol Airport - Utrecht Centraal,137,"Amsterdam Bijlmer ArenA,Amsterdam Zuid,Duivendrecht,Amsterdam RAI,Schiphol Airport","ASB, ASDZ, DVD, RAI, SHL",defecte trein,broken down train,defecte trein,broken down train,rolling stock,2024-12-03 09:01:23,2024-12-03 10:30:09,89.0
56858,Schiphol - Leiden,Leiden Centraal - Schiphol Airport,22,"Hoofddorp,Leiden Centraal,Nieuw Vennep,Schiphol Airport,Sassenheim","HFD, LEDN, NVP, SHL, SSH",defecte trein,broken down train,defecte trein,broken down train,rolling stock,2024-12-03 09:21:19,2024-12-03 10:00:17,39.0
56861,Utrecht - Houten,"'s-Hertogenbosch - Utrecht Centraal, Arnhem Centraal - Utrecht Centraal, Rhenen - Utrecht Centraal, Tiel - Utrecht Centraal","133,150,151,166","Utrecht Centraal,Utrecht Vaartsche Rijn","UT, UTVR",gestrande trein,stranded train,gestrande trein,stranded train,rolling stock,2024-12-03 10:25:40,2024-12-03 10:30:00,4.0
56863,Utrecht - 's-Hertogenbosch; Utrecht - Tiel,"'s-Hertogenbosch - Utrecht Centraal, Tiel - Utrecht Centraal","150,151","Houten,Utrecht Centraal,Utrecht Lunetten,Utrecht Vaartsche Rijn","HTN, UT, UTLN, UTVR",defecte trein,broken down train,defecte trein,broken down train,rolling stock,2024-12-03 13:00:20,2024-12-03 13:49:47,49.0
56875,Dordrecht - Breda; Dordrecht - Roosendaal,"Breda - Dordrecht, Dordrecht - Roosendaal","170,171","Dordrecht,Dordrecht Zuid,Lage Zwaluwe","DDR, DDZD, ZLW",defecte trein,broken down train,defecte trein,broken down train,rolling stock,2024-12-04 14:13:43,2024-12-04 14:44:05,30.0
56876,Utrecht - 's-Hertogenbosch; Utrecht - Tiel,"'s-Hertogenbosch - Utrecht Centraal, Tiel - Utrecht Centraal","150,151","Houten,Utrecht Centraal,Utrecht Lunetten,Utrecht Vaartsche Rijn","HTN, UT, UTLN, UTVR",defecte trein,broken down train,defecte trein,broken down train,rolling stock,2024-12-04 17:30:00,2024-12-04 18:03:15,33.0
56881,Den Haag Mariahoeve,"Den Haag Centraal - Leiden Centraal, Den Haag HS - Leiden Centraal","168,169",Den Haag Mariahoeve,GVM,defect spoor,defective railway track,defect spoor,defective railway track,infrastructure,2024-12-05 04:41:32,2024-12-05 04:41:52,0.0
56882,Leiden - Den Haag,Den Haag Centraal - Leiden Centraal,169,"De Vink,Den Haag Centraal,Den Haag Mariahoeve,Den Haag Laan v NOI,Leiden Centraal,Voorschoten","DVNK, GVC, GVM, LAA, LEDN, VST",defect spoor,defective railway track,defect spoor,defective railway track,infrastructure,2024-12-05 04:42:02,2024-12-06 05:33:44,1492.0
56891,Amsterdam - Haarlem - Den Haag,"Amsterdam Centraal - Haarlem, Amsterdam Centraal - Schiphol Airport, Haarlem - Leiden Centraal, Leiden Centraal - Schiphol Airport","22,23,32,112","Amsterdam Centraal,Amsterdam Lelylaan,Amsterdam Sloterdijk,Heemstede-Aerdenhout,Hoofddorp,Hillegom,Haarlem,Haarlem Spaarnwoude,Leiden Centraal,Nieuw Vennep,Schiphol Airport,Voorhout,Sassenheim,Halfweg-Zwanenburg","ASD, ASDL, ASS, HAD, HFD, HIL, HLM, HLMS, LEDN, NVP, SHL, VH, SSH, HWZB",defect spoor,defective railway track,defect spoor,defective railway track,infrastructure,2024-12-05 10:08:12,2024-12-05 21:59:58,712.0
56897,Utrecht - Rotterdam; Breukelen - Rotterdam,Rotterdam Centraal - Utrecht Centraal,142,"Rotterdam Centraal,Rotterdam Noord","RTD, RTN",beschadigde spoorbrug,damaged railway bridge,beschadigde spoorbrug,damaged railway bridge,accidents,2024-12-05 21:16:13,2024-12-05 22:28:48,73.0
56915,Utrecht - Amersfoort,Amersfoort - Utrecht Centraal,134,"Amersfoort Centraal,Bilthoven,Den Dolder,Utrecht Centraal,Utrecht Overvecht","AMF, BHV, DLD, UT, UTO",defect spoor,defective railway track,defect spoor,defective railway track,infrastructure,2024-12-06 13:12:08,2024-12-06 16:33:39,202.0
56917,Duivendrecht - Lelystad,"Amersfoort - Schiphol Airport, Lelystad Centrum - Schiphol Airport","144,148","Diemen Zuid,Duivendrecht,Weesp","DMNZ, DVD, WP",defecte trein,broken down train,defecte trein,broken down train,rolling stock,2024-12-06 13:55:11,2024-12-06 14:17:14,22.0
56937,Amsterdam - Schiphol - Leiden; Leiden - Duivendrecht - Lelystad,Leiden Centraal - Schiphol Airport,22,"Hoofddorp,Leiden Centraal,Nieuw Vennep,Sassenheim","HFD, LEDN, NVP, SSH",defecte trein,broken down train,defecte trein,broken down train,rolling stock,2024-12-07 22:34:05,2024-12-08 02:26:26,232.0
56943,Amsterdam - Weesp,"Amersfoort - Amsterdam Centraal, Amsterdam Centraal - Lelystad Centrum","135,145","Amsterdam Centraal,Amsterdam Muiderpoort,Amsterdam Science Park,Diemen,Weesp","ASD, ASDM, ASSP, DMN, WP",defecte trein,broken down train,defecte trein,broken down train,rolling stock,2024-12-08 16:21:53,2024-12-08 16:39:35,18.0
56944,Utrecht - Woerden,"Den Haag Centraal - Utrecht Centraal, Leiden Centraal - Utrecht Centraal, Rotterdam Centraal - Utrecht Centraal","142,143,147","Utrecht Centraal,Utrecht Terwijde,Vleuten,Woerden,Utrecht Leidsche Rijn","UT, UTT, VTN, WD, UTLR",defecte trein,broken down train,defecte trein,broken down train,rolling stock,2024-12-08 16:29:03,2024-12-08 16:33:36,5.0
56946,Amsterdam - Utrecht; Amsterdam - Gouda,"Amsterdam Centraal - Utrecht Centraal, Amsterdam Centraal - Woerden","136,141","Amsterdam Amstel,Amsterdam Bijlmer ArenA,Amsterdam Centraal,Amsterdam Muiderpoort,Duivendrecht","ASA, ASB, ASD, ASDM, DVD",defecte bovenleiding,damaged overhead wires,defecte bovenleiding,damaged overhead wires,infrastructure,2024-12-08 19:26:23,2024-12-08 19:56:34,30.0
56950,Utrecht - Tiel; Utrecht - Eindhoven,"'s-Hertogenbosch - Utrecht Centraal, Tiel - Utrecht Centraal","150,151","Culemborg,Geldermalsen,Houten Castellum","CL, GDM, HTNC",defecte trein,broken down train,defecte trein,broken down train,rolling stock,2024-12-08 22:40:10,2024-12-08 23:38:54,59.0
56953,Amsterdam - Utrecht; Amsterdam - Gouda,"Amsterdam Centraal - Utrecht Centraal, Amsterdam Centraal - Woerden","136,141","Amsterdam Amstel,Amsterdam Bijlmer ArenA,Amsterdam Centraal,Amsterdam Muiderpoort,Duivendrecht","ASA, ASB, ASD, ASDM, DVD",defecte trein,broken down train,defecte trein,broken down train,rolling stock,2024-12-09 07:28:28,2024-12-09 10:55:23,207.0
56955,Utrecht - Rotterdam,Rotterdam Centraal - Utrecht Centraal,142,"Capelle Schollevaar,Gouda,Gouda Goverwelle,Nieuwerkerk a/d IJssel,Rotterdam Alexander,Rotterdam Centraal,Rotterdam Noord,Utrecht Centraal,Utrecht Terwijde,Vleuten,Woerden,Utrecht Leidsche Rijn","CPS, GD, GDG, NWK, RTA, RTD, RTN, UT, UTT, VTN, WD, UTLR",defecte trein,broken down train,defecte trein,broken down train,rolling stock,2024-12-09 08:43:10,2024-12-09 09:13:29,30.0
56958,Utrecht - Rotterdam,Rotterdam Centraal - Utrecht Centraal,142,"Capelle Schollevaar,Gouda,Gouda Goverwelle,Nieuwerkerk a/d IJssel,Rotterdam Alexander,Rotterdam Centraal,Rotterdam Noord,Utrecht Centraal,Utrecht Terwijde,Vleuten,Woerden,Utrecht Leidsche Rijn","CPS, GD, GDG, NWK, RTA, RTD, RTN, UT, UTT, VTN, WD, UTLR",defecte trein,broken down train,defecte trein,broken down train,rolling stock,2024-12-09 14:22:34,2024-12-09 15:01:21,39.0
56976,Utrecht - Amersfoort; Amersfoort - Zwolle,"Amersfoort - Utrecht Centraal, Amersfoort - Zwolle","48,134","Amersfoort Centraal,Amersfoort Schothorst,Amersfoort Vathorst,Bilthoven,Den Dolder,Ermelo,Harderwijk,'t Harde,Nijkerk,Nunspeet,Putten,Utrecht Centraal,Utrecht Overvecht","AMF, AMFS, AVAT, BHV, DLD, EML, HD, HDE, NKK, NS, PT, UT, UTO",defecte trein,broken down train,defecte trein,broken down train,rolling stock,2024-12-10 19:31:38,2024-12-10 22:14:16,163.0
56978,Utrecht - Tiel; Utrecht - Eindhoven,"'s-Hertogenbosch - Utrecht Centraal, Tiel - Utrecht Centraal","150,151","Culemborg,Geldermalsen,Houten Castellum","CL, GDM, HTNC",defecte trein,broken down train,defecte trein,broken down train,rolling stock,2024-12-10 22:58:01,2024-12-10 23:30:39,33.0
56980,Amsterdam - Hoofddorp,"Amsterdam Centraal - Schiphol Airport, Leiden Centraal - Schiphol Airport","22,32","Amsterdam Centraal,Amsterdam Lelylaan,Amsterdam Sloterdijk,Hoofddorp,Schiphol Airport","ASD, ASDL, ASS, HFD, SHL",defecte trein,broken down train,defecte trein,broken down train,rolling stock,2024-12-11 07:58:14,2024-12-11 08:42:39,44.0
56981,Schiphol - Amersfoort,Amersfoort - Schiphol Airport,148,"Amsterdam Zuid,Bussum Zuid,Diemen Zuid,Duivendrecht,Hilversum,Naarden-Bussum,Amsterdam RAI,Schiphol Airport,Weesp,Hilversum Media Park","ASDZ, BSMZ, DMNZ, DVD, HVS, NDB, RAI, SHL, WP, HVSM",defecte trein,broken down train,defecte trein,broken down train,rolling stock,2024-12-11 08:03:53,2024-12-11 08:42:58,39.0
56982,Schiphol - Utrecht,Schiphol Airport - Utrecht Centraal,137,"Amsterdam Bijlmer ArenA,Amsterdam Zuid,Duivendrecht,Amsterdam RAI,Schiphol Airport","ASB, ASDZ, DVD, RAI, SHL",defecte trein,broken down train,defecte trein,broken down train,rolling stock,2024-12-11 08:05:38,2024-12-11 09:01:12,56.0
56983,Leiden - Duivendrecht - Lelystad,"Leiden Centraal - Schiphol Airport, Lelystad Centrum - Schiphol Airport","22,144","Almere Centrum,Almere Muziekwijk,Amsterdam Zuid,Diemen Zuid,Duivendrecht,Hoofddorp,Leiden Centraal,Nieuw Vennep,Amsterdam RAI,Schiphol Airport,Weesp,Sassenheim,Almere Poort","ALM, ALMM, ASDZ, DMNZ, DVD, HFD, LEDN, NVP, RAI, SHL, WP, SSH, AMPO",defecte trein,broken down train,defecte trein,broken down train,rolling stock,2024-12-11 08:09:42,2024-12-11 08:42:52,33.0
56987,Utrecht - Rotterdam; Breukelen - Rotterdam,Rotterdam Centraal - Utrecht Centraal,142,"Rotterdam Centraal,Rotterdam Noord","RTD, RTN",beschadigd spoorviaduct,damaged railway bridge,beschadigd spoorviaduct,damaged railway bridge,accidents,2024-12-11 09:20:23,2024-12-11 10:35:30,75.0
56995,Den Haag - Rotterdam,Den Haag HS - Rotterdam Centraal,11,"Delft,Delft Campus,Den Haag HS,Den Haag Moerwijk,Rijswijk,Rotterdam Centraal,Schiedam Centrum","DT, DTCP, GV, GVMW, RSW, RTD, SDM",gestrande trein,stranded train,gestrande trein,stranded train,rolling stock,2024-12-11 12:13:04,2024-12-11 12:46:11,33.0
57000,Amsterdam - Schiphol - Rotterdam,Amsterdam Centraal - Schiphol Airport,32,"Amsterdam Centraal,Amsterdam Lelylaan,Amsterdam Sloterdijk,Schiphol Airport","ASD, ASDL, ASS, SHL",defecte trein,broken down train,defecte trein,broken down train,rolling stock,2024-12-11 16:51:43,2024-12-11 17:27:07,35.0
57001,Leiden - Schiphol - Zaandam; Amsterdam - Hoofddorp,"Amsterdam Centraal - Schiphol Airport, Schiphol Airport - Zaandam","32,165","Amsterdam Lelylaan,Amsterdam Sloterdijk,Schiphol Airport","ASDL, ASS, SHL",defecte trein,broken down train,defecte trein,broken down train,rolling stock,2024-12-11 17:01:05,2024-12-11 17:28:37,28.0
57002,Schiphol - Amersfoort,Amersfoort - Schiphol Airport,148,"Amsterdam Zuid,Bussum Zuid,Diemen Zuid,Duivendrecht,Hilversum,Naarden-Bussum,Amsterdam RAI,Schiphol Airport,Weesp,Hilversum Media Park","ASDZ, BSMZ, DMNZ, DVD, HVS, NDB, RAI, SHL, WP, HVSM",defecte trein,broken down train,defecte trein,broken down train,rolling stock,2024-12-11 17:01:17,2024-12-11 17:28:25,27.0
57003,Leiden - Den Haag,Den Haag Centraal - Leiden Centraal,169,"De Vink,Den Haag Centraal,Den Haag Mariahoeve,Den Haag Laan v NOI,Leiden Centraal,Voorschoten","DVNK, GVC, GVM, LAA, LEDN, VST",defecte trein,broken down train,defecte trein,broken down train,rolling stock,2024-12-11 17:01:23,2024-12-11 17:27:50,26.0
57009,Haarlem - Alkmaar,Haarlem - Uitgeest,111,"Bloemendaal,Beverwijk,Driehuis,Heemskerk,Haarlem,Santpoort Noord,Santpoort Zuid,Uitgeest","BLL, BV, DRH, HK, HLM, SPTN, SPTZ, UTG",gestrande trein,stranded train,gestrande trein,stranded train,rolling stock,2024-12-12 05:42:23,2024-12-12 06:08:26,26.0
57011,Amsterdam - Haarlem,Amsterdam Centraal - Haarlem,112,"Amsterdam Centraal,Amsterdam Sloterdijk,Haarlem,Haarlem Spaarnwoude,Halfweg-Zwanenburg","ASD, ASS, HLM, HLMS, HWZB",defecte trein,broken down train,defecte trein,broken down train,rolling stock,2024-12-12 07:01:57,2024-12-12 07:46:35,45.0
57012,Rotterdam - Dordrecht,Dordrecht - Rotterdam Centraal,16,"Barendrecht,Dordrecht,Rotterdam Lombardijen,Rotterdam Blaak,Rotterdam Centraal,Rotterdam Stadion,Rotterdam Zuid,Zwijndrecht","BRD, DDR, RLB, RTB, RTD, RTST, RTZ, ZWD",defecte spoorbrug,damaged railway bridge,defecte spoorbrug,damaged railway bridge,infrastructure,2024-12-12 07:13:55,2024-12-12 10:56:29,223.0
57013,Dordrecht - Roosendaal,Dordrecht - Roosendaal,171,"Dordrecht,Dordrecht Zuid,Oudenbosch,Roosendaal,Lage Zwaluwe,Zevenbergen","DDR, DDZD, ODB, RSD, ZLW, ZVB",defecte spoorbrug,damaged railway bridge,defecte spoorbrug,damaged railway bridge,infrastructure,2024-12-12 07:46:17,2024-12-12 09:32:04,106.0
57016,Amsterdam - Schiphol - Leiden,"Amsterdam Centraal - Schiphol Airport, Leiden Centraal - Schiphol Airport","22,32","Amsterdam Centraal,Amsterdam Lelylaan,Amsterdam Sloterdijk,Hoofddorp,Schiphol Airport","ASD, ASDL, ASS, HFD, SHL",seinstoring,signal failure,seinstoring,signal failure,infrastructure,2024-12-12 07:57:52,2024-12-12 12:01:08,243.0
57020,Schiphol - Hoofddorp,Leiden Centraal - Schiphol Airport,22,"Hoofddorp,Schiphol Airport","HFD, SHL",seinstoring,signal failure,seinstoring,signal failure,infrastructure,2024-12-12 11:18:23,2024-12-12 18:10:44,412.0
57029,Utrecht - Leiden,Leiden Centraal - Utrecht Centraal,147,"Alphen a/d Rijn,Bodegraven","APN, BDG",defecte trein,broken down train,defecte trein,broken down train,rolling stock,2024-12-12 16:52:32,2024-12-12 18:10:07,78.0
57041,Rotterdam - Dordrecht,Dordrecht - Rotterdam Centraal,16,"Barendrecht,Dordrecht,Rotterdam Lombardijen,Rotterdam Blaak,Rotterdam Centraal,Rotterdam Stadion,Rotterdam Zuid,Zwijndrecht","BRD, DDR, RLB, RTB, RTD, RTST, RTZ, ZWD",defecte spoorbrug,damaged railway bridge,defecte spoorbrug,damaged railway bridge,infrastructure,2024-12-13 10:08:28,2024-12-13 14:13:47,245.0
57047,Utrecht - Breukelen; Utrecht - Rhenen,"Amsterdam Centraal - Utrecht Centraal, Rhenen - Utrecht Centraal, Schiphol Airport - Utrecht Centraal","136,137,166","Breukelen,Bunnik,Driebergen-Zeist,Maarssen,Maarn,Rhenen,Utrecht Centraal,Utrecht Zuilen,Veenendaal Centrum,Veenendaal West,Utrecht Vaartsche Rijn","BKL, BNK, DB, MAS, MRN, RHN, UT, UTZL, VNDC, VNDW, UTVR",gestrande trein,stranded train,gestrande trein,stranded train,rolling stock,2024-12-13 20:11:04,2024-12-13 20:31:34,21.0
57053,Utrecht - Amersfoort Schothorst; Utrecht - Baarn,"Amersfoort - Utrecht Centraal, Baarn - Utrecht Centraal","44,134","Bilthoven,Utrecht Centraal,Utrecht Overvecht","BHV, UT, UTO",seinstoring,signal failure,seinstoring,signal failure,infrastructure,2024-12-14 11:42:39,2024-12-14 14:15:10,153.0
57056,Amsterdam - Almere,"Amsterdam Centraal - Lelystad Centrum, Lelystad Centrum - Schiphol Airport","144,145","Almere Centrum,Almere Muziekwijk,Weesp,Almere Poort","ALM, ALMM, WP, AMPO",defecte trein,broken down train,defecte trein,broken down train,rolling stock,2024-12-14 21:45:45,2024-12-14 22:10:21,25.0
57057,Amsterdam - Haarlem,Amsterdam Centraal - Haarlem,112,"Amsterdam Centraal,Amsterdam Sloterdijk,Haarlem,Haarlem Spaarnwoude,Halfweg-Zwanenburg","ASD, ASS, HLM, HLMS, HWZB",defecte trein,broken down train,defecte trein,broken down train,rolling stock,2024-12-15 07:35:40,2024-12-15 08:31:19,56.0
57069,Amsterdam - Enkhuizen,"Amsterdam Centraal - Hoorn, Enkhuizen - Hoorn","119,164","Amsterdam Centraal,Amsterdam Sloterdijk,Bovenkarspel Flora,Bovenkarspel-Grootebroek,Enkhuizen,Hoogkarspel,Hoorn,Hoorn Kersenboogerd,Purmerend Overwhere,Purmerend,Purmerend Weidevenne,Zaandam,Zaandam Kogerveld","ASD, ASS, BKF, BKG, EKZ, HKS, HN, HNK, PMO, PMR, PMW, ZD, ZDK",gestrande trein,stranded train,gestrande trein,stranded train,rolling stock,2024-12-16 07:03:58,2024-12-16 08:00:36,57.0
57070,Amsterdam - Utrecht,Amsterdam Centraal - Utrecht Centraal,136,"Abcoude,Amsterdam Amstel,Amsterdam Bijlmer ArenA,Amsterdam Centraal,Amsterdam Muiderpoort,Amsterdam Holendrecht,Breukelen,Duivendrecht,Maarssen,Utrecht Centraal,Utrecht Zuilen","AC, ASA, ASB, ASD, ASDM, ASHD, BKL, DVD, MAS, UT, UTZL",gestrande trein,stranded train,gestrande trein,stranded train,rolling stock,2024-12-16 07:04:03,2024-12-16 07:29:38,26.0
57073,Haarlem - Alkmaar,Haarlem - Uitgeest,111,"Bloemendaal,Beverwijk,Driehuis,Haarlem,Santpoort Noord,Santpoort Zuid","BLL, BV, DRH, HLM, SPTN, SPTZ",defecte trein,broken down train,defecte trein,broken down train,rolling stock,2024-12-16 10:34:16,2024-12-16 10:56:28,22.0
57083,Den Haag - Rotterdam,Den Haag HS - Rotterdam Centraal,11,"Delft,Den Haag HS,Den Haag Moerwijk,Rijswijk","DT, GV, GVMW, RSW",defecte trein,broken down train,defecte trein,broken down train,rolling stock,2024-12-16 17:31:26,2024-12-16 17:51:16,20.0
57085,Utrecht - Rhenen,Rhenen - Utrecht Centraal,166,"Bunnik,Driebergen-Zeist,Maarn,Utrecht Centraal,Veenendaal Centrum,Veenendaal West,Utrecht Vaartsche Rijn","BNK, DB, MRN, UT, VNDC, VNDW, UTVR",defecte trein,broken down train,defecte trein,broken down train,rolling stock,2024-12-16 17:52:11,2024-12-16 20:13:13,141.0
57086,Utrecht - Arnhem,Arnhem Centraal - Utrecht Centraal,133,"Arnhem Centraal,Bunnik,Driebergen-Zeist,Ede-Wageningen,Veenendaal-De Klomp,Maarn,Oosterbeek,Utrecht Centraal,Wolfheze,Utrecht Vaartsche Rijn","AH, BNK, DB, ED, KLP, MRN, OTB, UT, WF, UTVR",defecte trein,broken down train,defecte trein,broken down train,rolling stock,2024-12-16 18:34:43,2024-12-16 20:29:30,115.0
57087,Utrecht - Breukelen,"Amsterdam Centraal - Utrecht Centraal, Schiphol Airport - Utrecht Centraal","136,137","Breukelen,Maarssen,Utrecht Centraal,Utrecht Zuilen","BKL, MAS, UT, UTZL",defecte trein,broken down train,defecte trein,broken down train,rolling stock,2024-12-16 18:42:33,2024-12-16 19:52:33,70.0
57098,Schiphol - Lelystad,Lelystad Centrum - Schiphol Airport,144,"Almere Centrum,Almere Buiten,Almere Muziekwijk,Almere Oostvaarders,Almere Parkwijk,Amsterdam Zuid,Diemen Zuid,Duivendrecht,Lelystad Centrum,Amsterdam RAI,Schiphol Airport,Weesp,Almere Poort","ALM, ALMB, ALMM, ALMO, ALMP, ASDZ, DMNZ, DVD, LLS, RAI, SHL, WP, AMPO",defecte trein,broken down train,defecte trein,broken down train,rolling stock,2024-12-17 12:53:36,2024-12-17 13:41:06,48.0
57099,Schiphol - Leiden,Leiden Centraal - Schiphol Airport,22,"Hoofddorp,Leiden Centraal,Nieuw Vennep,Schiphol Airport,Sassenheim","HFD, LEDN, NVP, SHL, SSH",defecte trein,broken down train,defecte trein,broken down train,rolling stock,2024-12-17 13:02:04,2024-12-17 13:40:59,39.0
57100,Amsterdam - Schiphol - Hoofddorp,"Amsterdam Centraal - Schiphol Airport, Leiden Centraal - Schiphol Airport","22,32","Amsterdam Centraal,Amsterdam Lelylaan,Amsterdam Sloterdijk,Hoofddorp,Schiphol Airport","ASD, ASDL, ASS, HFD, SHL",defecte trein,broken down train,defecte trein,broken down train,rolling stock,2024-12-17 13:06:17,2024-12-17 13:40:53,35.0
57101,Utrecht - Gouda,"Den Haag Centraal - Utrecht Centraal, Rotterdam Centraal - Utrecht Centraal","142,143","Gouda Goverwelle,Woerden","GDG, WD",defecte trein,broken down train,defecte trein,broken down train,rolling stock,2024-12-17 13:42:36,2024-12-17 13:48:28,6.0
57108,Rotterdam - Dordrecht; Dordrecht - Roosendaal,"Dordrecht - Roosendaal, Dordrecht - Rotterdam Centraal","16,171","Barendrecht,Dordrecht,Dordrecht Zuid,Oudenbosch,Rotterdam Lombardijen,Roosendaal,Rotterdam Blaak,Rotterdam Centraal,Rotterdam Stadion,Rotterdam Zuid,Lage Zwaluwe,Zevenbergen,Zwijndrecht","BRD, DDR, DDZD, ODB, RLB, RSD, RTB, RTD, RTST, RTZ, ZLW, ZVB, ZWD",gestrande trein,stranded train,gestrande trein,stranded train,rolling stock,2024-12-18 08:39:13,2024-12-18 11:14:57,156.0
57109,Dordrecht - Breda,"Breda - Dordrecht, Dordrecht - Roosendaal","170,171","Dordrecht,Dordrecht Zuid,Lage Zwaluwe","DDR, DDZD, ZLW",defecte trein,broken down train,defecte trein,broken down train,rolling stock,2024-12-18 11:14:51,2024-12-18 12:43:20,88.0
57115,Den Haag - Rotterdam,Den Haag HS - Rotterdam Centraal,11,"Delft,Delft Campus,Rotterdam Centraal,Schiedam Centrum","DT, DTCP, RTD, SDM",defecte trein,broken down train,defecte trein,broken down train,rolling stock,2024-12-18 18:19:22,2024-12-18 18:23:20,4.0
57117,Amsterdam Bijlmer ArenA - Schiphol - Leiden Centraal,"Leiden Centraal - Schiphol Airport, Schiphol Airport - Utrecht Centraal","22,137","Amsterdam Bijlmer ArenA,Amsterdam Zuid,Duivendrecht,Hoofddorp,Leiden Centraal,Nieuw Vennep,Amsterdam RAI,Schiphol Airport,Sassenheim","ASB, ASDZ, DVD, HFD, LEDN, NVP, RAI, SHL, SSH",defecte trein,broken down train,defecte trein,broken down train,rolling stock,2024-12-18 20:07:46,2024-12-18 21:02:35,55.0
57121,Rotterdam - Gouda,Rotterdam Centraal - Utrecht Centraal,142,"Capelle Schollevaar,Gouda,Nieuwerkerk a/d IJssel,Rotterdam Alexander,Rotterdam Centraal,Rotterdam Noord","CPS, GD, NWK, RTA, RTD, RTN",defecte trein,broken down train,defecte trein,broken down train,rolling stock,2024-12-19 11:50:21,2024-12-19 11:55:55,6.0
57126,Rotterdam - Dordrecht; Dordrecht - Roosendaal,"Breda - Dordrecht, Dordrecht - Roosendaal, Dordrecht - Rotterdam Centraal","16,170,171","Barendrecht,Dordrecht,Dordrecht Zuid,Rotterdam Lombardijen,Rotterdam Blaak,Rotterdam Centraal,Rotterdam Stadion,Rotterdam Zuid,Lage Zwaluwe,Zwijndrecht","BRD, DDR, DDZD, RLB, RTB, RTD, RTST, RTZ, ZLW, ZWD",defecte trein,broken down train,defecte trein,broken down train,rolling stock,2024-12-19 15:49:33,2024-12-19 17:22:55,93.0
57130,Utrecht - Rotterdam,Rotterdam Centraal - Utrecht Centraal,142,"Capelle Schollevaar,Gouda,Gouda Goverwelle,Nieuwerkerk a/d IJssel,Rotterdam Alexander,Rotterdam Centraal,Rotterdam Noord,Utrecht Centraal,Utrecht Terwijde,Vleuten,Woerden,Utrecht Leidsche Rijn","CPS, GD, GDG, NWK, RTA, RTD, RTN, UT, UTT, VTN, WD, UTLR",defecte trein,broken down train,defecte trein,broken down train,rolling stock,2024-12-19 19:11:27,2024-12-19 21:51:23,160.0
57131,Amsterdam - Hilversum; Amsterdam - Almere,"Amersfoort - Amsterdam Centraal, Amsterdam Centraal - Lelystad Centrum","135,145","Amsterdam Centraal,Amsterdam Muiderpoort,Amsterdam Science Park,Diemen,Weesp","ASD, ASDM, ASSP, DMN, WP",defecte trein,broken down train,defecte trein,broken down train,rolling stock,2024-12-19 19:18:48,2024-12-19 19:49:29,31.0
57133,Utrecht - Baarn,Baarn - Utrecht Centraal,44,"Baarn,Soestdijk,Soest","BRN, SD, ST",defecte trein,broken down train,defecte trein,broken down train,rolling stock,2024-12-19 21:47:27,2024-12-19 22:11:43,24.0
57134,Leiden - Den Haag,Den Haag Centraal - Leiden Centraal,169,"De Vink,Den Haag Centraal,Den Haag Mariahoeve,Den Haag Laan v NOI,Leiden Centraal,Voorschoten","DVNK, GVC, GVM, LAA, LEDN, VST",defect spoor,defective railway track,defect spoor,defective railway track,infrastructure,2024-12-20 05:04:33,2024-12-20 20:06:33,902.0
57137,Gouda - Den Haag,Den Haag Centraal - Utrecht Centraal,143,"Gouda,Zoetermeer,Zoetermeer Oost,Lansingerland-Zoetermeer","GD, ZTM, ZTMO, LLZM",defecte trein,broken down train,defecte trein,broken down train,rolling stock,2024-12-20 10:00:58,2024-12-20 10:28:59,28.0
57138,Amsterdam - Haarlem,Amsterdam Centraal - Haarlem,112,"Amsterdam Sloterdijk,Haarlem,Haarlem Spaarnwoude,Halfweg-Zwanenburg","ASS, HLM, HLMS, HWZB",defecte trein,broken down train,defecte trein,broken down train,rolling stock,2024-12-20 11:00:01,2024-12-20 11:14:39,15.0
57139,Dordrecht - Gorinchem,Dordrecht - Geldermalsen,55,"Dordrecht,Dordrecht Stadspolders,Hardinxveld-Giessendam,Gorinchem,Sliedrecht,Boven-Hardinxveld,Sliedrecht Baanhoek,Hardinxveld Blauwe Zoom","DDR, DDRS, GND, GR, SDT, BHDV, SDTB, HBZM",defecte trein,broken down train,defecte trein,broken down train,rolling stock,2024-12-20 14:50:47,2024-12-20 15:17:19,27.0
57147,Dordrecht - Breda,"Breda - Dordrecht, Dordrecht - Roosendaal","170,171","Dordrecht,Dordrecht Zuid,Lage Zwaluwe","DDR, DDZD, ZLW",defecte trein,broken down train,defecte trein,broken down train,rolling stock,2024-12-20 19:07:45,2024-12-20 19:24:48,17.0
57158,Amsterdam - Haarlem,"Alkmaar - Amsterdam Centraal, Amsterdam Centraal - Haarlem, Amsterdam Centraal - Hoorn, Amsterdam Centraal - Schiphol Airport","32,112,161,164","Amsterdam Centraal,Amsterdam Sloterdijk","ASD, ASS",defecte trein,broken down train,defecte trein,broken down train,rolling stock,2024-12-21 18:08:47,2024-12-21 18:35:16,26.0
57178,Amsterdam - Schiphol - Leiden; Amsterdam Zuid - Schiphol - Leiden Centraal,Leiden Centraal - Schiphol Airport,22,"Hoofddorp,Leiden Centraal,Nieuw Vennep,Schiphol Airport,Sassenheim","HFD, LEDN, NVP, SHL, SSH",defecte trein,broken down train,defecte trein,broken down train,rolling stock,2024-12-23 08:41:49,2024-12-23 08:45:42,4.0
57179,Dordrecht - Roosendaal,Dordrecht - Roosendaal,171,"Dordrecht,Dordrecht Zuid,Oudenbosch,Roosendaal,Lage Zwaluwe,Zevenbergen","DDR, DDZD, ODB, RSD, ZLW, ZVB",voorwerp in de bovenleiding,an object in the overhead wires,voorwerp in de bovenleiding,an object in the overhead wires,external,2024-12-23 08:59:22,2024-12-23 10:24:14,85.0
57184,Den Haag - Rotterdam,Den Haag HS - Rotterdam Centraal,11,"Delft,Delft Campus,Rotterdam Centraal,Schiedam Centrum","DT, DTCP, RTD, SDM",defecte trein,broken down train,defecte trein,broken down train,rolling stock,2024-12-23 21:19:53,2024-12-23 21:37:32,18.0
57194,Amsterdam - Schiphol; Amsterdam Sloterdijk - Schiphol Airport; Hoofddorp - Schiphol - Hoorn,"Amsterdam Centraal - Schiphol Airport, Schiphol Airport - Zaandam","32,165","Amsterdam Centraal,Amsterdam Lelylaan,Amsterdam Sloterdijk,Schiphol Airport,Zaandam","ASD, ASDL, ASS, SHL, ZD",defecte trein,broken down train,defecte trein,broken down train,rolling stock,2024-12-24 17:05:42,2024-12-24 17:17:02,11.0
57195,Schiphol - Hoofddorp,Leiden Centraal - Schiphol Airport,22,"Hoofddorp,Schiphol Airport","HFD, SHL",defecte trein,broken down train,defecte trein,broken down train,rolling stock,2024-12-24 17:22:25,2024-12-24 17:42:58,21.0
57200,Schiphol - Lelystad,Lelystad Centrum - Schiphol Airport,144,"Almere Centrum,Almere Muziekwijk,Amsterdam Zuid,Diemen Zuid,Duivendrecht,Amsterdam RAI,Schiphol Airport,Weesp,Almere Poort","ALM, ALMM, ASDZ, DMNZ, DVD, RAI, SHL, WP, AMPO",defecte trein,broken down train,defecte trein,broken down train,rolling stock,2024-12-25 09:20:44,2024-12-25 09:43:55,23.0
57201,Schiphol - Hoofddorp,Leiden Centraal - Schiphol Airport,22,"Hoofddorp,Schiphol Airport","HFD, SHL",defecte trein,broken down train,defecte trein,broken down train,rolling stock,2024-12-25 10:55:58,2024-12-25 11:32:20,36.0
57223,Gouda - Den Haag,Den Haag Centraal - Utrecht Centraal,143,"Gouda,Zoetermeer,Zoetermeer Oost,Lansingerland-Zoetermeer","GD, ZTM, ZTMO, LLZM",defecte trein,broken down train,defecte trein,broken down train,rolling stock,2024-12-27 08:47:17,2024-12-27 08:58:55,12.0
57225,Haarlem - Leiden,Haarlem - Leiden Centraal,23,"Heemstede-Aerdenhout,Hillegom,Haarlem,Leiden Centraal,Voorhout","HAD, HIL, HLM, LEDN, VH",defecte trein,broken down train,defecte trein,broken down train,rolling stock,2024-12-27 09:25:48,2024-12-27 09:34:51,9.0
57228,Amsterdam Zuid - Schiphol - Leiden Centraal; Amsterdam Bijlmer ArenA - Schiphol - Leiden Centraal,"Amersfoort - Schiphol Airport, Leiden Centraal - Schiphol Airport, Lelystad Centrum - Schiphol Airport, Schiphol Airport - Utrecht Centraal","22,137,144,148","Amsterdam Zuid,Hoofddorp,Leiden Centraal,Nieuw Vennep,Schiphol Airport,Sassenheim","ASDZ, HFD, LEDN, NVP, SHL, SSH",defecte trein,broken down train,defecte trein,broken down train,rolling stock,2024-12-27 12:47:32,2024-12-27 15:00:12,133.0
57231,Leiden - Rotterdam,"Den Haag Centraal - Den Haag HS, Den Haag Centraal - Leiden Centraal, Den Haag HS - Leiden Centraal, Den Haag HS - Rotterdam Centraal","10,11,168,169","Delft,Delft Campus,De Vink,Den Haag HS,Den Haag Centraal,Den Haag Mariahoeve,Den Haag Moerwijk,Den Haag Laan v NOI,Leiden Centraal,Rijswijk,Rotterdam Centraal,Schiedam Centrum,Voorschoten","DT, DTCP, DVNK, GV, GVC, GVM, GVMW, LAA, LEDN, RSW, RTD, SDM, VST",defecte trein,broken down train,defecte trein,broken down train,rolling stock,2024-12-27 12:54:41,2024-12-27 12:55:30,1.0
57247,Haarlem - Zandvoort,Haarlem - Zandvoort aan Zee,110,"Haarlem,Overveen,Zandvoort aan Zee","HLM, OVN, ZVT",defecte trein,broken down train,defecte trein,broken down train,rolling stock,2024-12-29 12:34:02,2024-12-29 12:57:56,24.0
57254,Amsterdam - Hilversum; Utrecht - Almere,"Almere Oostvaarders - Utrecht Centraal, Amersfoort - Amsterdam Centraal, Amersfoort - Schiphol Airport","135,148,149","Almere Centrum,Almere Muziekwijk,Naarden-Bussum,Weesp,Almere Poort","ALM, ALMM, NDB, WP, AMPO",gestrande trein,stranded train,gestrande trein,stranded train,rolling stock,2024-12-30 00:24:25,2024-12-30 00:28:05,4.0
57263,Utrecht - Baarn,Baarn - Utrecht Centraal,44,"Baarn,Soestdijk,Soest","BRN, SD, ST",defecte trein,broken down train,defecte trein,broken down train,rolling stock,2024-12-30 08:56:16,2024-12-30 09:15:02,19.0
57265,Amsterdam - Schiphol,Amsterdam Centraal - Schiphol Airport,32,"Amsterdam Centraal,Amsterdam Lelylaan,Amsterdam Sloterdijk,Schiphol Airport","ASD, ASDL, ASS, SHL",defecte trein,broken down train,defecte trein,broken down train,rolling stock,2024-12-30 10:07:32,2024-12-30 10:20:14,13.0
57270,Utrecht - Amersfoort; Utrecht - Baarn,"Amersfoort - Utrecht Centraal, Baarn - Utrecht Centraal","44,134","Bilthoven,Utrecht Centraal,Utrecht Overvecht","BHV, UT, UTO",defecte trein,broken down train,defecte trein,broken down train,rolling stock,2024-12-30 17:31:40,2024-12-30 18:01:09,29.0
57274,Amsterdam - Schiphol - Rotterdam,"Amersfoort - Schiphol Airport, Den Haag Centraal - Den Haag HS, Den Haag Centraal - Leiden Centraal, Den Haag HS - Leiden Centraal, Den Haag HS - Rotterdam Centraal, Leiden Centraal - Schiphol Airport, Lelystad Centrum - Schiphol Airport, Schiphol Airport - Utrecht Centraal","10,11,22,137,144,148,168,169","Amsterdam Zuid,Delft,Delft Campus,De Vink,Den Haag HS,Den Haag Centraal,Den Haag Mariahoeve,Den Haag Moerwijk,Hoofddorp,Den Haag Laan v NOI,Leiden Centraal,Nieuw Vennep,Rijswijk,Rotterdam Centraal,Schiedam Centrum,Schiphol Airport,Voorschoten,Sassenheim","ASDZ, DT, DTCP, DVNK, GV, GVC, GVM, GVMW, HFD, LAA, LEDN, NVP, RSW, RTD, SDM, SHL, VST, SSH",defecte trein,broken down train,defecte trein,broken down train,rolling stock,2024-12-30 21:37:37,2024-12-30 22:30:37,53.0
57278,Rotterdam - Gouda,Rotterdam Centraal - Utrecht Centraal,142,"Capelle Schollevaar,Gouda,Nieuwerkerk a/d IJssel,Rotterdam Alexander,Rotterdam Centraal,Rotterdam Noord","CPS, GD, NWK, RTA, RTD, RTN",defecte trein,broken down train,defecte trein,broken down train,rolling stock,2024-12-31 11:55:56,2024-12-31 12:30:52,35.0
57281,Rotterdam - Dordrecht; Dordrecht - Roosendaal,"Dordrecht - Roosendaal, Dordrecht - Rotterdam Centraal","16,171","Barendrecht,Dordrecht,Dordrecht Zuid,Oudenbosch,Rotterdam Lombardijen,Roosendaal,Rotterdam Blaak,Rotterdam Centraal,Rotterdam Stadion,Rotterdam Zuid,Lage Zwaluwe,Zevenbergen,Zwijndrecht","BRD, DDR, DDZD, ODB, RLB, RSD, RTB, RTD, RTST, RTZ, ZLW, ZVB, ZWD",gestrande trein,stranded train,gestrande trein,stranded train,rolling stock,2024-12-31 13:13:10,2024-12-31 14:24:12,71.0
